sender_id,sequence,rtt,send_time,ack_time
1,0,0.315,1717961963.229, 1717961963.544
1,1,1.227,1717961964.545, 1717961965.772
1,2,0.366,1717961966.773, 1717961967.139
1,3,0.121,1717961968.141, 1717961968.262
1,4,0.350,1717961969.263, 1717961969.613
1,5,0.161,1717961970.615, 1717961970.776
1,6,0.365,1717961971.777, 1717961972.142
1,7,2.164,1717961973.143, 1717961975.307
1,8,0.589,1717961976.308, 1717961976.897
1,9,0.147,1717961977.898, 1717961978.045
1,10,0.154,1717961979.046, 1717961979.200
1,11,0.128,1717961980.201, 1717961980.329
1,12,0.144,1717961981.330, 1717961981.475
1,13,0.385,1717961982.476, 1717961982.861
1,14,0.146,1717961983.862, 1717961984.008
1,15,0.127,1717961985.009, 1717961985.136
1,16,0.130,1717961986.137, 1717961986.267
1,17,0.124,1717961987.268, 1717961987.393
1,18,1.371,1717961988.394, 1717961989.765
1,19,1.139,1717961990.766, 1717961991.905
1,20,1.391,1717961992.906, 1717961994.298
1,21,0.133,1717961995.299, 1717961995.432
1,22,0.134,1717961996.433, 1717961996.567
1,23,3.195,1717961997.568, 1717962000.763
1,24,0.353,1717962001.764, 1717962002.118
1,25,0.139,1717962003.119, 1717962003.258
1,26,0.561,1717962004.259, 1717962004.820
1,27,1.384,1717962005.821, 1717962007.205
1,28,0.127,1717962008.206, 1717962008.333
1,29,0.092,1717962009.334, 1717962009.426
1,30,0.143,1717962010.428, 1717962010.571
1,31,1.136,1717962011.572, 1717962012.708
1,32,0.131,1717962013.710, 1717962013.840
1,33,0.363,1717962014.842, 1717962015.204
1,34,2.386,1717962016.206, 1717962018.592
1,35,0.104,1717962019.593, 1717962019.697
1,36,0.365,1717962020.698, 1717962021.063
1,37,2.169,1717962022.064, 1717962024.234
1,38,1.124,1717962025.235, 1717962026.359
1,39,1.119,1717962027.360, 1717962028.479
1,40,0.153,1717962029.480, 1717962029.633
1,41,0.136,1717962030.634, 1717962030.771
1,42,0.143,1717962031.772, 1717962031.914
1,43,0.136,1717962032.915, 1717962033.051
1,44,0.150,1717962034.052, 1717962034.202
1,45,0.134,1717962035.203, 1717962035.337
1,46,0.135,1717962036.338, 1717962036.473
1,47,1.144,1717962037.474, 1717962038.618
1,48,0.140,1717962039.619, 1717962039.759
1,49,1.156,1717962040.761, 1717962041.917
1,50,2.421,1717962042.918, 1717962045.339
1,51,1.362,1717962046.340, 1717962047.702
1,52,0.613,1717962048.704, 1717962049.317
1,53,1.611,1717962050.319, 1717962051.930
1,54,0.150,1717962052.932, 1717962053.081
1,55,0.138,1717962054.083, 1717962054.221
1,56,0.143,1717962055.222, 1717962055.366
1,57,1.395,1717962056.367, 1717962057.762
1,58,0.373,1717962058.764, 1717962059.137
1,59,0.159,1717962060.138, 1717962060.298
1,60,0.161,1717962061.299, 1717962061.460
1,61,0.157,1717962062.461, 1717962062.618
1,62,1.170,1717962063.619, 1717962064.789
1,63,1.162,1717962065.790, 1717962066.953
1,64,0.160,1717962067.954, 1717962068.114
1,65,0.146,1717962069.115, 1717962069.261
1,66,0.565,1717962070.262, 1717962070.827
1,67,0.140,1717962071.828, 1717962071.969
1,68,0.147,1717962072.970, 1717962073.117
1,69,0.366,1717962074.118, 1717962074.484
1,70,1.371,1717962075.485, 1717962076.856
1,71,0.393,1717962077.857, 1717962078.250
1,72,1.134,1717962079.252, 1717962080.386
1,73,1.171,1717962081.387, 1717962082.558
1,74,0.120,1717962083.559, 1717962083.679
1,75,0.130,1717962084.680, 1717962084.810
1,76,1.145,1717962085.811, 1717962086.956
1,77,0.364,1717962087.957, 1717962088.321
1,78,1.382,1717962089.322, 1717962090.704
1,79,0.155,1717962091.706, 1717962091.861
1,80,1.155,1717962092.863, 1717962094.018
1,81,0.122,1717962095.019, 1717962095.142
1,82,1.154,1717962096.143, 1717962097.296
1,83,2.142,1717962098.297, 1717962100.440
1,84,2.198,1717962101.441, 1717962103.639
1,85,0.350,1717962104.640, 1717962104.990
1,86,1.167,1717962105.991, 1717962107.158
1,87,1.155,1717962108.159, 1717962109.314
1,88,0.366,1717962110.315, 1717962110.681
1,89,0.134,1717962111.682, 1717962111.816
1,90,1.184,1717962112.817, 1717962114.002
1,91,0.117,1717962115.003, 1717962115.120
1,92,0.135,1717962116.121, 1717962116.256
1,93,0.130,1717962117.257, 1717962117.387
1,94,1.157,1717962118.388, 1717962119.545
1,95,0.135,1717962120.547, 1717962120.681
1,96,0.628,1717962121.683, 1717962122.310
1,97,0.371,1717962123.311, 1717962123.682
1,98,0.353,1717962124.683, 1717962125.036
1,99,1.141,1717962126.037, 1717962127.178
1,100,0.135,1717962128.179, 1717962128.314
1,101,0.350,1717962129.315, 1717962129.665
1,102,1.378,1717962130.666, 1717962132.044
1,103,1.373,1717962133.045, 1717962134.418
1,104,0.125,1717962135.419, 1717962135.544
1,105,6.878,1717962136.545, 1717962143.422
1,106,0.142,1717962144.424, 1717962144.565
1,107,0.138,1717962145.566, 1717962145.704
1,108,0.146,1717962146.705, 1717962146.851
1,109,1.140,1717962147.852, 1717962148.993
1,110,1.135,1717962149.994, 1717962151.129
1,111,0.122,1717962152.131, 1717962152.253
1,112,0.354,1717962153.254, 1717962153.608
1,113,0.131,1717962154.610, 1717962154.740
1,114,0.132,1717962155.741, 1717962155.873
1,115,0.131,1717962156.875, 1717962157.006
1,116,0.127,1717962158.007, 1717962158.134
1,117,3.586,1717962159.135, 1717962162.721
1,118,1.129,1717962163.722, 1717962164.851
1,119,0.112,1717962165.853, 1717962165.965
1,120,4.357,1717962166.966, 1717962171.323
1,121,0.573,1717962172.324, 1717962172.897
1,122,0.134,1717962173.898, 1717962174.032
1,123,0.119,1717962175.033, 1717962175.153
1,124,0.351,1717962176.154, 1717962176.505
1,125,0.158,1717962177.506, 1717962177.664
1,126,3.393,1717962178.665, 1717962182.058
1,127,2.137,1717962183.060, 1717962185.198
1,128,3.892,1717962186.199, 1717962190.091
1,129,0.121,1717962191.092, 1717962191.213
1,130,0.122,1717962192.214, 1717962192.336
1,131,0.571,1717962193.337, 1717962193.908
1,132,0.146,1717962194.910, 1717962195.055
1,133,1.594,1717962196.057, 1717962197.650
1,134,0.130,1717962198.652, 1717962198.782
1,135,0.147,1717962199.783, 1717962199.930
1,136,0.132,1717962200.931, 1717962201.062
1,137,2.397,1717962202.064, 1717962204.461
1,138,2.146,1717962205.462, 1717962207.608
1,139,0.126,1717962208.610, 1717962208.736
1,140,0.572,1717962209.737, 1717962210.310
1,141,0.138,1717962211.311, 1717962211.449
1,142,0.344,1717962212.450, 1717962212.794
1,143,0.122,1717962213.796, 1717962213.918
1,144,0.137,1717962214.919, 1717962215.056
1,145,0.377,1717962216.057, 1717962216.433
1,146,0.139,1717962217.435, 1717962217.574
1,147,0.141,1717962218.575, 1717962218.716
1,148,1.138,1717962219.717, 1717962220.856
1,149,0.137,1717962221.857, 1717962221.994
1,150,2.154,1717962222.995, 1717962225.150
1,151,1.121,1717962226.151, 1717962227.272
1,152,0.116,1717962228.274, 1717962228.389
1,153,2.151,1717962229.390, 1717962231.541
1,154,0.121,1717962232.542, 1717962232.663
1,155,0.136,1717962233.695, 1717962233.831
1,156,0.138,1717962234.832, 1717962234.971
1,157,0.141,1717962235.972, 1717962236.113
1,158,1.823,1717962237.114, 1717962238.937
1,159,0.338,1717962239.938, 1717962240.277
1,160,1.134,1717962241.278, 1717962242.412
1,161,0.133,1717962243.413, 1717962243.546
1,162,2.216,1717962244.547, 1717962246.763
1,163,1.168,1717962247.764, 1717962248.932
1,164,0.349,1717962249.934, 1717962250.282
1,165,1.158,1717962251.283, 1717962252.442
1,166,1.157,1717962253.464, 1717962254.621
1,167,0.130,1717962255.622, 1717962255.752
1,168,1.372,1717962256.753, 1717962258.125
1,169,3.413,1717962259.127, 1717962262.540
1,170,0.350,1717962263.541, 1717962263.891
1,171,0.138,1717962264.892, 1717962265.030
1,172,0.134,1717962266.032, 1717962266.166
1,173,0.140,1717962267.167, 1717962267.307
1,174,0.135,1717962268.308, 1717962268.443
1,175,0.142,1717962269.445, 1717962269.587
1,176,1.134,1717962270.588, 1717962271.721
1,177,0.139,1717962272.722, 1717962272.861
1,178,0.127,1717962273.863, 1717962273.989
1,179,1.168,1717962274.991, 1717962276.158
1,180,3.818,1717962277.160, 1717962280.978
1,181,1.129,1717962281.980, 1717962283.109
1,182,0.342,1717962284.111, 1717962284.453
1,183,1.132,1717962285.454, 1717962286.586
1,184,1.146,1717962287.587, 1717962288.733
1,185,0.138,1717962289.755, 1717962289.893
1,186,0.153,1717962290.894, 1717962291.047
1,187,0.584,1717962292.048, 1717962292.632
1,188,0.350,1717962293.633, 1717962293.983
1,189,1.150,1717962295.014, 1717962296.164
1,190,0.129,1717962297.165, 1717962297.294
1,191,0.128,1717962298.295, 1717962298.423
1,192,0.121,1717962299.425, 1717962299.545
1,193,0.121,1717962300.546, 1717962300.667
1,194,1.149,1717962301.668, 1717962302.818
1,195,0.134,1717962303.819, 1717962303.953
1,196,1.148,1717962304.954, 1717962306.102
1,197,1.385,1717962307.103, 1717962308.488
1,198,0.139,1717962309.489, 1717962309.628
1,199,1.375,1717962310.630, 1717962312.005
1,200,0.357,1717962313.006, 1717962313.363
1,201,1.134,1717962314.364, 1717962315.498
1,202,1.150,1717962316.499, 1717962317.649
1,203,0.140,1717962318.651, 1717962318.791
1,204,0.350,1717962319.792, 1717962320.142
1,205,0.556,1717962321.143, 1717962321.700
1,206,1.147,1717962322.701, 1717962323.848
1,207,0.157,1717962324.850, 1717962325.007
1,208,2.387,1717962326.008, 1717962328.395
1,209,1.161,1717962329.396, 1717962330.558
1,210,0.133,1717962331.559, 1717962331.692
1,211,0.342,1717962332.694, 1717962333.036
1,212,0.581,1717962334.037, 1717962334.618
1,213,0.130,1717962335.619, 1717962335.749
1,214,0.360,1717962336.750, 1717962337.110
1,215,1.164,1717962338.111, 1717962339.275
1,216,1.356,1717962340.277, 1717962341.632
1,217,0.138,1717962342.634, 1717962342.771
1,218,1.159,1717962343.773, 1717962344.932
1,219,0.146,1717962345.933, 1717962346.079
1,220,0.152,1717962347.080, 1717962347.233
1,221,1.131,1717962348.234, 1717962349.365
1,222,0.119,1717962350.366, 1717962350.485
1,223,0.123,1717962351.486, 1717962351.609
1,224,1.142,1717962352.610, 1717962353.752
1,225,1.388,1717962354.753, 1717962356.141
1,226,2.173,1717962357.143, 1717962359.316
1,227,1.151,1717962360.331, 1717962361.482
1,228,0.132,1717962362.483, 1717962362.615
1,229,1.373,1717962363.616, 1717962364.990
1,230,0.109,1717962365.991, 1717962366.100
1,231,1.172,1717962367.101, 1717962368.274
1,232,0.121,1717962369.275, 1717962369.396
1,233,0.128,1717962370.398, 1717962370.525
1,234,1.311,1717962371.527, 1717962372.837
1,235,0.138,1717962373.839, 1717962373.977
1,236,0.143,1717962374.978, 1717962375.121
1,237,0.145,1717962376.122, 1717962376.267
1,238,1.713,1717962377.268, 1717962378.982
1,239,1.365,1717962379.983, 1717962381.347
1,240,1.395,1717962382.349, 1717962383.744
1,241,0.126,1717962384.745, 1717962384.872
1,242,0.125,1717962385.873, 1717962385.997
1,243,0.133,1717962386.998, 1717962387.131
1,244,2.149,1717962388.132, 1717962390.282
1,245,1.133,1717962391.283, 1717962392.416
1,246,0.113,1717962393.417, 1717962393.531
1,247,0.346,1717962394.532, 1717962394.877
1,248,2.179,1717962395.879, 1717962398.057
1,249,0.366,1717962399.059, 1717962399.425
1,250,0.368,1717962400.426, 1717962400.794
1,251,0.126,1717962401.795, 1717962401.921
1,252,0.383,1717962402.922, 1717962403.305
1,253,1.154,1717962404.307, 1717962405.461
1,254,0.389,1717962406.462, 1717962406.851
1,255,0.132,1717962407.852, 1717962407.984
1,256,0.125,1717962408.985, 1717962409.110
1,257,0.361,1717962410.111, 1717962410.472
1,258,0.329,1717962411.473, 1717962411.802
1,259,0.122,1717962412.803, 1717962412.926
1,260,0.140,1717962413.927, 1717962414.067
1,261,1.150,1717962415.068, 1717962416.217
1,262,1.150,1717962417.219, 1717962418.369
1,263,1.358,1717962419.370, 1717962420.728
1,264,1.160,1717962421.730, 1717962422.890
1,265,1.350,1717962423.892, 1717962425.242
1,266,2.171,1717962426.243, 1717962428.414
1,267,0.137,1717962429.415, 1717962429.552
1,268,3.903,1717962430.553, 1717962434.456
1,269,1.376,1717962435.457, 1717962436.834
1,270,1.147,1717962437.835, 1717962438.982
1,271,2.157,1717962439.983, 1717962442.141
1,272,1.572,1717962443.142, 1717962444.714
1,273,1.150,1717962445.715, 1717962446.865
1,274,0.141,1717962447.866, 1717962448.008
1,275,1.359,1717962449.009, 1717962450.368
1,276,0.125,1717962451.369, 1717962451.494
1,277,0.113,1717962452.495, 1717962452.608
1,278,0.111,1717962453.609, 1717962453.720
1,279,1.168,1717962454.722, 1717962455.889
1,280,0.347,1717962456.891, 1717962457.238
1,281,0.130,1717962458.239, 1717962458.369
1,282,0.116,1717962459.371, 1717962459.487
1,283,0.345,1717962460.488, 1717962460.833
1,284,0.342,1717962461.834, 1717962462.176
1,285,1.171,1717962463.177, 1717962464.348
1,286,0.154,1717962465.349, 1717962465.503
1,287,0.126,1717962466.505, 1717962466.630
1,288,2.162,1717962467.632, 1717962469.793
1,289,5.018,1717962470.794, 1717962475.813
1,290,1.147,1717962476.814, 1717962477.961
1,291,0.350,1717962478.962, 1717962479.312
1,292,1.137,1717962480.313, 1717962481.450
1,293,0.132,1717962482.451, 1717962482.583
1,294,1.383,1717962483.584, 1717962484.966
1,295,0.136,1717962485.968, 1717962486.103
1,296,0.130,1717962487.105, 1717962487.235
1,297,0.353,1717962488.236, 1717962488.589
1,298,0.111,1717962489.590, 1717962489.702
1,299,1.368,1717962490.703, 1717962492.071
1,300,0.829,1717962493.072, 1717962493.901
1,301,0.129,1717962494.902, 1717962495.031
1,302,0.354,1717962496.033, 1717962496.386
1,303,0.123,1717962497.388, 1717962497.510
1,304,6.034,1717962498.511, 1717962504.545
1,305,0.166,1717962505.546, 1717962505.713
1,306,2.526,1717962506.714, 1717962509.240
1,307,0.352,1717962510.241, 1717962510.593
1,308,0.109,1717962511.594, 1717962511.703
1,309,0.356,1717962512.704, 1717962513.060
1,310,0.140,1717962514.062, 1717962514.202
1,311,0.118,1717962515.203, 1717962515.320
1,312,0.355,1717962516.321, 1717962516.677
1,313,1.142,1717962517.678, 1717962518.820
1,314,1.364,1717962519.821, 1717962521.185
1,315,0.129,1717962522.186, 1717962522.315
1,316,0.370,1717962523.317, 1717962523.687
1,317,1.381,1717962524.688, 1717962526.069
1,318,3.470,1717962527.071, 1717962530.540
1,319,0.141,1717962531.542, 1717962531.683
1,320,0.139,1717962532.684, 1717962532.823
1,321,1.363,1717962533.825, 1717962535.188
1,322,0.362,1717962536.189, 1717962536.552
1,323,1.152,1717962537.553, 1717962538.705
1,324,0.132,1717962539.706, 1717962539.838
1,325,1.673,1717962540.839, 1717962542.513
1,326,0.143,1717962543.514, 1717962543.657
1,327,0.334,1717962544.658, 1717962544.992
1,328,1.155,1717962545.993, 1717962547.149
1,329,0.367,1717962548.150, 1717962548.517
1,330,2.174,1717962549.518, 1717962551.692
1,331,1.154,1717962552.693, 1717962553.848
1,332,0.101,1717962554.849, 1717962554.950
1,333,0.115,1717962555.952, 1717962556.067
1,334,0.129,1717962557.068, 1717962557.197
1,335,1.352,1717962558.198, 1717962559.550
1,336,1.195,1717962560.551, 1717962561.746
1,337,0.201,1717962562.747, 1717962562.949
1,338,1.228,1717962563.950, 1717962565.178
1,339,0.104,1717962566.179, 1717962566.283
1,340,0.127,1717962567.284, 1717962567.411
1,341,1.151,1717962568.412, 1717962569.563
1,342,0.115,1717962570.564, 1717962570.679
1,343,0.132,1717962571.680, 1717962571.812
1,344,0.132,1717962572.813, 1717962572.945
1,345,0.128,1717962573.946, 1717962574.075
1,346,0.138,1717962575.076, 1717962575.214
1,347,1.155,1717962576.216, 1717962577.370
1,348,0.124,1717962578.371, 1717962578.496
1,349,0.155,1717962579.497, 1717962579.652
1,350,0.146,1717962580.653, 1717962580.799
1,351,0.140,1717962581.800, 1717962581.940
1,352,0.363,1717962582.942, 1717962583.305
1,353,1.384,1717962584.307, 1717962585.691
1,354,1.379,1717962586.692, 1717962588.071
1,355,1.378,1717962589.072, 1717962590.450
1,356,0.353,1717962591.452, 1717962591.805
1,357,0.132,1717962592.806, 1717962592.939
1,358,0.129,1717962593.940, 1717962594.069
1,359,0.128,1717962595.070, 1717962595.198
1,360,0.148,1717962596.199, 1717962596.347
1,361,1.163,1717962597.348, 1717962598.511
1,362,0.125,1717962599.512, 1717962599.637
1,363,0.132,1717962600.639, 1717962600.770
1,364,0.361,1717962601.772, 1717962602.132
1,365,0.338,1717962603.134, 1717962603.472
1,366,0.130,1717962604.473, 1717962604.603
1,367,0.131,1717962605.604, 1717962605.736
1,368,2.183,1717962606.737, 1717962608.920
1,369,0.158,1717962609.921, 1717962610.079
1,370,1.151,1717962611.081, 1717962612.232
1,371,0.138,1717962613.233, 1717962613.371
1,372,0.142,1717962614.372, 1717962614.515
1,373,0.125,1717962615.516, 1717962615.641
1,374,0.136,1717962616.643, 1717962616.779
1,375,1.140,1717962617.780, 1717962618.920
1,376,1.150,1717962619.921, 1717962621.071
1,377,0.128,1717962622.072, 1717962622.200
1,378,3.745,1717962623.201, 1717962626.946
1,379,0.137,1717962627.947, 1717962628.084
1,380,0.125,1717962629.085, 1717962629.210
1,381,1.367,1717962630.212, 1717962631.578
1,382,2.170,1717962632.579, 1717962634.750
1,383,0.120,1717962635.751, 1717962635.871
1,384,0.128,1717962636.872, 1717962637.000
1,385,0.347,1717962638.001, 1717962638.347
1,386,0.132,1717962639.349, 1717962639.481
1,387,0.132,1717962640.482, 1717962640.613
1,388,0.134,1717962641.615, 1717962641.749
1,389,2.201,1717962642.750, 1717962644.951
1,390,3.669,1717962645.953, 1717962649.622
1,391,1.326,1717962650.624, 1717962651.949
1,392,0.134,1717962652.950, 1717962653.084
1,393,1.168,1717962654.086, 1717962655.254
1,394,0.367,1717962656.255, 1717962656.622
1,395,1.186,1717962657.623, 1717962658.809
1,396,0.353,1717962659.810, 1717962660.163
1,397,0.372,1717962661.164, 1717962661.536
1,398,0.353,1717962662.538, 1717962662.891
1,399,0.140,1717962663.892, 1717962664.032
1,400,0.125,1717962665.034, 1717962665.159
1,401,1.159,1717962666.160, 1717962667.320
1,402,0.088,1717962668.321, 1717962668.408
1,403,0.114,1717962669.409, 1717962669.524
1,404,0.572,1717962670.525, 1717962671.097
1,405,1.367,1717962672.098, 1717962673.465
1,406,0.153,1717962674.466, 1717962674.619
1,407,0.150,1717962675.620, 1717962675.770
1,408,1.136,1717962676.771, 1717962677.907
1,409,0.134,1717962678.909, 1717962679.043
1,410,1.137,1717962680.044, 1717962681.181
1,411,0.127,1717962682.183, 1717962682.310
1,412,2.389,1717962683.311, 1717962685.700
1,413,3.835,1717962686.701, 1717962690.537
1,414,0.571,1717962691.538, 1717962692.109
1,415,0.133,1717962693.110, 1717962693.243
1,416,0.134,1717962694.245, 1717962694.378
1,417,4.640,1717962695.380, 1717962700.020
1,418,0.149,1717962701.021, 1717962701.170
1,419,1.241,1717962702.172, 1717962703.413
1,420,0.344,1717962704.414, 1717962704.758
1,421,1.602,1717962705.759, 1717962707.361
1,422,1.603,1717962708.362, 1717962709.965
1,423,0.346,1717962710.966, 1717962711.312
1,424,1.136,1717962712.314, 1717962713.450
1,425,0.129,1717962714.451, 1717962714.580
1,426,2.176,1717962715.581, 1717962717.757
1,427,0.369,1717962718.758, 1717962719.127
1,428,0.350,1717962720.128, 1717962720.478
1,429,0.131,1717962721.479, 1717962721.610
1,430,0.940,1717962722.611, 1717962723.551
1,431,0.322,1717962724.552, 1717962724.874
1,432,0.112,1717962725.875, 1717962725.987
1,433,0.164,1717962726.989, 1717962727.153
1,434,0.144,1717962728.154, 1717962728.298
1,435,0.117,1717962729.299, 1717962729.416
1,436,0.351,1717962730.418, 1717962730.769
1,437,0.128,1717962731.770, 1717962731.898
1,438,0.380,1717962732.900, 1717962733.280
1,439,0.146,1717962734.281, 1717962734.427
1,440,0.358,1717962735.428, 1717962735.786
1,441,0.370,1717962736.787, 1717962737.158
1,442,1.373,1717962738.159, 1717962739.532
1,443,1.154,1717962740.533, 1717962741.688
1,444,1.163,1717962742.689, 1717962743.851
1,445,0.343,1717962744.853, 1717962745.196
1,446,1.157,1717962746.197, 1717962747.354
1,447,0.559,1717962748.355, 1717962748.914
1,448,0.099,1717962749.915, 1717962750.014
1,449,0.363,1717962751.015, 1717962751.378
1,450,1.143,1717962752.379, 1717962753.522
1,451,0.125,1717962754.523, 1717962754.648
1,452,1.373,1717962755.649, 1717962757.022
1,453,0.353,1717962758.024, 1717962758.377
1,454,1.148,1717962759.378, 1717962760.526
1,455,0.147,1717962761.527, 1717962761.674
1,456,1.149,1717962762.675, 1717962763.825
1,457,0.139,1717962764.826, 1717962764.965
1,458,3.212,1717962765.966, 1717962769.178
1,459,0.111,1717962770.179, 1717962770.290
1,460,0.132,1717962771.291, 1717962771.423
1,461,0.154,1717962772.425, 1717962772.579
1,462,0.373,1717962773.581, 1717962773.954
1,463,0.130,1717962774.955, 1717962775.085
1,464,1.130,1717962776.087, 1717962777.217
1,465,1.391,1717962778.218, 1717962779.609
1,466,0.151,1717962780.611, 1717962780.762
1,467,0.127,1717962781.763, 1717962781.890
1,468,0.147,1717962782.892, 1717962783.039
1,469,0.131,1717962784.040, 1717962784.171
1,470,0.398,1717962785.172, 1717962785.571
1,471,1.156,1717962786.572, 1717962787.729
1,472,0.122,1717962788.730, 1717962788.852
1,473,0.120,1717962789.853, 1717962789.973
1,474,0.351,1717962790.975, 1717962791.325
1,475,0.125,1717962792.326, 1717962792.451
1,476,3.181,1717962793.453, 1717962796.633
1,477,1.364,1717962797.634, 1717962798.998
1,478,0.127,1717962799.999, 1717962800.126
1,479,0.132,1717962801.127, 1717962801.259
1,480,0.139,1717962802.260, 1717962802.398
1,481,1.172,1717962803.399, 1717962804.571
1,482,0.352,1717962805.573, 1717962805.924
1,483,0.136,1717962806.926, 1717962807.061
1,484,1.140,1717962808.062, 1717962809.202
1,485,0.136,1717962810.203, 1717962810.339
1,486,0.115,1717962811.340, 1717962811.455
1,487,1.125,1717962812.456, 1717962813.581
1,488,0.126,1717962814.582, 1717962814.708
1,489,2.396,1717962815.709, 1717962818.106
1,490,0.366,1717962819.107, 1717962819.473
1,491,0.150,1717962820.474, 1717962820.624
1,492,0.117,1717962821.626, 1717962821.743
1,493,0.162,1717962822.744, 1717962822.906
1,494,0.565,1717962823.907, 1717962824.473
1,495,2.383,1717962825.474, 1717962827.857
1,496,5.908,1717962828.858, 1717962834.766
1,497,0.131,1717962835.767, 1717962835.898
1,498,1.145,1717962836.899, 1717962838.044
1,499,0.342,1717962839.046, 1717962839.388
1,500,1.160,1717962840.389, 1717962841.550
1,501,0.125,1717962842.551, 1717962842.676
1,502,0.127,1717962843.677, 1717962843.804
1,503,2.164,1717962844.805, 1717962846.970
1,504,0.132,1717962847.971, 1717962848.103
1,505,0.129,1717962849.104, 1717962849.233
1,506,1.145,1717962850.235, 1717962851.380
1,507,0.367,1717962852.381, 1717962852.748
1,508,0.147,1717962853.749, 1717962853.896
1,509,1.353,1717962854.897, 1717962856.251
1,510,0.127,1717962857.252, 1717962857.379
1,511,0.143,1717962858.380, 1717962858.523
1,512,0.127,1717962859.524, 1717962859.651
1,513,0.159,1717962860.652, 1717962860.811
1,514,2.133,1717962861.812, 1717962863.945
1,515,0.132,1717962864.947, 1717962865.079
1,516,0.189,1717962866.080, 1717962866.269
1,517,0.383,1717962867.270, 1717962867.654
1,518,0.818,1717962868.655, 1717962869.473
1,519,0.131,1717962870.474, 1717962870.606
1,520,0.347,1717962871.607, 1717962871.954
1,521,0.128,1717962872.955, 1717962873.083
1,522,0.119,1717962874.084, 1717962874.203
1,523,1.155,1717962875.204, 1717962876.359
1,524,0.138,1717962877.360, 1717962877.498
1,525,0.126,1717962878.499, 1717962878.625
1,526,0.135,1717962879.626, 1717962879.761
1,527,0.120,1717962880.762, 1717962880.883
1,528,1.104,1717962881.884, 1717962882.988
1,529,0.348,1717962883.989, 1717962884.337
1,530,1.159,1717962885.338, 1717962886.497
1,531,1.158,1717962887.498, 1717962888.656
1,532,0.144,1717962889.657, 1717962889.801
1,533,1.343,1717962890.803, 1717962892.145
1,534,1.366,1717962893.147, 1717962894.513
1,535,0.137,1717962895.514, 1717962895.651
1,536,0.564,1717962896.653, 1717962897.217
1,537,0.134,1717962898.218, 1717962898.352
1,538,0.369,1717962899.354, 1717962899.723
1,539,1.146,1717962900.724, 1717962901.871
1,540,0.360,1717962902.872, 1717962903.232
1,541,0.137,1717962904.233, 1717962904.370
1,542,0.127,1717962905.371, 1717962905.499
1,543,1.364,1717962906.500, 1717962907.864
1,544,0.360,1717962908.865, 1717962909.225
1,545,0.137,1717962910.227, 1717962910.364
1,546,1.144,1717962911.365, 1717962912.509
1,547,1.159,1717962913.510, 1717962914.670
1,548,1.154,1717962915.671, 1717962916.825
1,549,0.151,1717962917.826, 1717962917.978
1,550,0.156,1717962918.979, 1717962919.135
1,551,0.134,1717962920.136, 1717962920.270
1,552,0.137,1717962921.272, 1717962921.409
1,553,0.380,1717962922.410, 1717962922.790
1,554,0.136,1717962923.791, 1717962923.928
1,555,0.376,1717962924.930, 1717962925.306
1,556,1.150,1717962926.307, 1717962927.457
1,557,1.161,1717962928.459, 1717962929.620
1,558,0.127,1717962930.621, 1717962930.748
1,559,2.139,1717962931.750, 1717962933.888
1,560,0.137,1717962934.890, 1717962935.027
1,561,0.152,1717962936.028, 1717962936.180
1,562,1.154,1717962937.181, 1717962938.334
1,563,1.169,1717962939.336, 1717962940.505
1,564,0.119,1717962941.507, 1717962941.625
1,565,0.135,1717962942.626, 1717962942.761
1,566,0.137,1717962943.763, 1717962943.900
1,567,0.146,1717962944.901, 1717962945.046
1,568,4.685,1717962946.047, 1717962950.732
1,569,0.348,1717962951.734, 1717962952.081
1,570,2.173,1717962953.083, 1717962955.255
1,571,0.115,1717962956.256, 1717962956.372
1,572,0.134,1717962957.373, 1717962957.507
1,573,2.412,1717962958.508, 1717962960.921
1,574,0.145,1717962961.922, 1717962962.067
1,575,0.343,1717962963.069, 1717962963.411
1,576,0.358,1717962964.413, 1717962964.771
1,577,2.445,1717962965.773, 1717962968.218
1,578,3.432,1717962969.219, 1717962972.651
1,579,1.130,1717962973.653, 1717962974.782
1,580,0.365,1717962975.783, 1717962976.149
1,581,2.720,1717962977.150, 1717962979.870
1,582,0.124,1717962980.871, 1717962980.995
1,583,0.127,1717962981.997, 1717962982.123
1,584,0.131,1717962983.125, 1717962983.255
1,585,1.168,1717962984.256, 1717962985.424
1,586,4.254,1717962986.425, 1717962990.680
1,587,0.156,1717962991.686, 1717962991.841
1,588,1.140,1717962992.843, 1717962993.982
1,589,0.138,1717962994.983, 1717962995.122
1,590,1.365,1717962996.123, 1717962997.488
1,591,0.139,1717962998.490, 1717962998.628
1,592,0.130,1717962999.630, 1717962999.760
1,593,1.129,1717963000.761, 1717963001.891
1,594,0.132,1717963002.892, 1717963003.023
1,595,0.362,1717963004.025, 1717963004.386
1,596,0.353,1717963005.388, 1717963005.741
1,597,3.206,1717963006.742, 1717963009.947
1,598,1.174,1717963010.949, 1717963012.123
1,599,1.161,1717963013.124, 1717963014.285
1,600,0.131,1717963015.286, 1717963015.418
1,601,0.130,1717963016.419, 1717963016.548
1,602,0.811,1717963017.550, 1717963018.361
1,603,0.149,1717963019.362, 1717963019.511
1,604,0.126,1717963020.512, 1717963020.638
1,605,0.148,1717963021.640, 1717963021.788
1,606,0.120,1717963022.789, 1717963022.909
1,607,1.161,1717963023.911, 1717963025.072
1,608,1.367,1717963026.073, 1717963027.440
1,609,0.137,1717963028.442, 1717963028.579
1,610,0.101,1717963029.580, 1717963029.681
1,611,3.645,1717963030.682, 1717963034.327
1,612,0.154,1717963035.328, 1717963035.482
1,613,2.263,1717963036.483, 1717963038.746
1,614,0.359,1717963039.748, 1717963040.107
1,615,0.136,1717963041.108, 1717963041.244
1,616,0.594,1717963042.245, 1717963042.840
1,617,2.392,1717963043.841, 1717963046.233
1,618,3.211,1717963047.234, 1717963050.445
1,619,0.130,1717963051.447, 1717963051.577
1,620,1.851,1717963052.578, 1717963054.429
1,621,0.133,1717963055.430, 1717963055.563
1,622,0.133,1717963056.564, 1717963056.697
1,623,1.406,1717963057.699, 1717963059.105
1,624,0.146,1717963060.106, 1717963060.252
1,625,0.134,1717963061.253, 1717963061.388
1,626,0.390,1717963062.389, 1717963062.779
1,627,1.157,1717963063.781, 1717963064.937
1,628,0.150,1717963065.939, 1717963066.089
1,629,0.137,1717963067.090, 1717963067.227
1,630,0.339,1717963068.229, 1717963068.567
1,631,0.131,1717963069.568, 1717963069.699
1,632,0.136,1717963070.700, 1717963070.836
1,633,1.122,1717963071.837, 1717963072.959
1,634,4.633,1717963073.961, 1717963078.594
1,635,0.355,1717963079.595, 1717963079.950
1,636,0.127,1717963080.951, 1717963081.079
1,637,1.391,1717963082.080, 1717963083.471
1,638,0.123,1717963084.476, 1717963084.600
1,639,0.376,1717963085.601, 1717963085.977
1,640,0.362,1717963086.978, 1717963087.340
1,641,1.377,1717963088.342, 1717963089.719
1,642,0.134,1717963090.720, 1717963090.854
1,643,0.356,1717963091.855, 1717963092.211
1,644,1.130,1717963093.212, 1717963094.342
1,645,1.150,1717963095.343, 1717963096.493
1,646,0.138,1717963097.494, 1717963097.632
1,647,0.116,1717963098.633, 1717963098.749
1,648,0.147,1717963099.750, 1717963099.897
1,649,0.140,1717963100.899, 1717963101.039
1,650,0.134,1717963102.040, 1717963102.174
1,651,0.147,1717963103.176, 1717963103.323
1,652,0.357,1717963104.324, 1717963104.681
1,653,1.135,1717963105.682, 1717963106.817
1,654,1.154,1717963107.818, 1717963108.972
1,655,0.143,1717963109.974, 1717963110.116
1,656,0.370,1717963111.118, 1717963111.488
1,657,0.355,1717963112.489, 1717963112.844
1,658,0.352,1717963113.845, 1717963114.197
1,659,0.143,1717963115.198, 1717963115.341
1,660,0.352,1717963116.342, 1717963116.694
1,661,0.120,1717963117.695, 1717963117.815
1,662,0.128,1717963118.817, 1717963118.945
1,663,1.575,1717963119.946, 1717963121.521
1,664,0.135,1717963122.522, 1717963122.657
1,665,1.369,1717963123.658, 1717963125.027
1,666,0.167,1717963126.029, 1717963126.196
1,667,0.356,1717963127.197, 1717963127.553
1,668,0.367,1717963128.554, 1717963128.921
1,669,0.127,1717963129.922, 1717963130.050
1,670,2.318,1717963131.051, 1717963133.369
1,671,0.124,1717963134.371, 1717963134.495
1,672,1.374,1717963135.496, 1717963136.870
1,673,1.685,1717963137.871, 1717963139.556
1,674,0.119,1717963140.557, 1717963140.675
1,675,0.155,1717963141.676, 1717963141.831
1,676,0.131,1717963142.832, 1717963142.964
1,677,3.459,1717963143.965, 1717963147.424
1,678,0.388,1717963148.425, 1717963148.813
1,679,0.600,1717963149.814, 1717963150.414
1,680,1.407,1717963151.415, 1717963152.823
1,681,0.402,1717963153.824, 1717963154.226
1,682,1.182,1717963155.227, 1717963156.409
1,683,0.134,1717963157.410, 1717963157.544
1,684,0.162,1717963158.545, 1717963158.707
1,685,0.188,1717963159.709, 1717963159.896
1,686,1.279,1717963160.898, 1717963162.176
1,687,0.123,1717963163.177, 1717963163.300
1,688,0.421,1717963164.301, 1717963164.722
1,689,0.171,1717963165.723, 1717963165.895
1,690,0.187,1717963166.896, 1717963167.083
1,691,0.155,1717963168.084, 1717963168.238
1,692,0.175,1717963169.240, 1717963169.415
1,693,1.393,1717963170.416, 1717963171.809
1,694,1.177,1717963172.811, 1717963173.988
1,695,0.168,1717963174.989, 1717963175.156
1,696,0.376,1717963176.157, 1717963176.533
1,697,0.154,1717963177.534, 1717963177.688
1,698,0.151,1717963178.689, 1717963178.841
1,699,0.180,1717963179.842, 1717963180.022
1,700,0.159,1717963181.023, 1717963181.182
1,701,0.136,1717963182.183, 1717963182.319
1,702,0.342,1717963183.320, 1717963183.663
1,703,0.411,1717963184.664, 1717963185.075
1,704,0.379,1717963186.076, 1717963186.455
1,705,0.142,1717963187.456, 1717963187.598
1,706,0.139,1717963188.600, 1717963188.738
1,707,1.157,1717963189.739, 1717963190.896
1,708,0.131,1717963191.897, 1717963192.029
1,709,2.007,1717963193.030, 1717963195.037
1,710,0.395,1717963196.039, 1717963196.434
1,711,1.388,1717963197.435, 1717963198.823
1,712,0.153,1717963199.824, 1717963199.977
1,713,0.162,1717963200.978, 1717963201.140
1,714,0.191,1717963202.141, 1717963202.332
1,715,0.115,1717963203.334, 1717963203.448
1,716,0.359,1717963204.449, 1717963204.808
1,717,0.136,1717963205.810, 1717963205.945
1,718,0.148,1717963206.947, 1717963207.094
1,719,0.145,1717963208.096, 1717963208.241
1,720,0.128,1717963209.242, 1717963209.370
1,721,1.170,1717963210.371, 1717963211.541
1,722,2.694,1717963212.542, 1717963215.236
1,723,0.384,1717963216.238, 1717963216.621
1,724,0.141,1717963217.628, 1717963217.768
1,725,0.132,1717963218.770, 1717963218.901
1,726,0.400,1717963219.903, 1717963220.303
1,727,0.170,1717963221.304, 1717963221.474
1,728,0.361,1717963222.475, 1717963222.836
1,729,1.172,1717963223.837, 1717963225.009
1,730,0.617,1717963226.010, 1717963226.627
1,731,1.170,1717963227.628, 1717963228.798
1,732,0.146,1717963229.799, 1717963229.946
1,733,1.173,1717963230.947, 1717963232.120
1,734,0.130,1717963233.121, 1717963233.251
1,735,1.150,1717963234.252, 1717963235.403
1,736,0.367,1717963236.404, 1717963236.771
1,737,1.388,1717963237.772, 1717963239.160
1,738,0.158,1717963240.161, 1717963240.319
1,739,0.342,1717963241.320, 1717963241.662
1,740,1.777,1717963242.663, 1717963244.440
1,741,0.143,1717963245.441, 1717963245.584
1,742,1.357,1717963246.586, 1717963247.943
1,743,0.154,1717963248.944, 1717963249.098
1,744,0.136,1717963250.099, 1717963250.235
1,745,1.138,1717963251.236, 1717963252.374
1,746,1.144,1717963253.375, 1717963254.519
1,747,1.378,1717963255.520, 1717963256.898
1,748,1.141,1717963257.899, 1717963259.040
1,749,0.123,1717963260.041, 1717963260.164
1,750,1.377,1717963261.166, 1717963262.543
1,751,1.606,1717963263.544, 1717963265.150
1,752,2.393,1717963266.151, 1717963268.544
1,753,1.178,1717963269.545, 1717963270.723
1,754,0.753,1717963271.725, 1717963272.478
1,755,0.236,1717963273.479, 1717963273.715
1,756,0.347,1717963274.716, 1717963275.063
1,757,0.143,1717963276.064, 1717963276.207
1,758,0.128,1717963277.209, 1717963277.337
1,759,0.346,1717963278.338, 1717963278.684
1,760,0.145,1717963279.685, 1717963279.830
1,761,0.135,1717963280.831, 1717963280.966
1,762,1.182,1717963281.967, 1717963283.149
1,763,0.149,1717963284.150, 1717963284.299
1,764,4.225,1717963285.300, 1717963289.526
1,765,0.119,1717963290.527, 1717963290.646
1,766,0.118,1717963291.647, 1717963291.764
1,767,0.154,1717963292.766, 1717963292.919
1,768,0.371,1717963293.921, 1717963294.292
1,769,0.337,1717963295.293, 1717963295.630
1,770,0.155,1717963296.631, 1717963296.786
1,771,1.152,1717963297.787, 1717963298.939
1,772,0.147,1717963299.940, 1717963300.087
1,773,0.124,1717963301.088, 1717963301.212
1,774,0.160,1717963302.213, 1717963302.374
1,775,0.113,1717963303.375, 1717963303.488
1,776,0.361,1717963304.489, 1717963304.850
1,777,0.140,1717963305.851, 1717963305.991
1,778,0.148,1717963306.993, 1717963307.141
1,779,0.140,1717963308.142, 1717963308.282
1,780,0.112,1717963309.283, 1717963309.395
1,781,0.128,1717963310.396, 1717963310.524
1,782,0.346,1717963311.525, 1717963311.871
1,783,0.340,1717963312.872, 1717963313.212
1,784,1.149,1717963314.214, 1717963315.363
1,785,0.154,1717963316.364, 1717963316.518
1,786,0.378,1717963317.519, 1717963317.898
1,787,0.357,1717963318.899, 1717963319.255
1,788,0.139,1717963320.257, 1717963320.395
1,789,0.140,1717963321.396, 1717963321.536
1,790,1.154,1717963322.538, 1717963323.692
1,791,0.144,1717963324.693, 1717963324.837
1,792,0.154,1717963325.838, 1717963325.993
1,793,0.131,1717963326.994, 1717963327.125
1,794,2.206,1717963328.126, 1717963330.332
1,795,0.363,1717963331.334, 1717963331.696
1,796,1.345,1717963332.697, 1717963334.042
1,797,1.140,1717963335.043, 1717963336.183
1,798,3.808,1717963337.184, 1717963340.992
1,799,0.140,1717963341.994, 1717963342.134
1,800,2.619,1717963343.135, 1717963345.754
1,801,0.132,1717963346.755, 1717963346.888
1,802,0.138,1717963347.889, 1717963348.027
1,803,1.141,1717963349.028, 1717963350.169
1,804,1.154,1717963351.170, 1717963352.324
1,805,0.143,1717963353.325, 1717963353.468
1,806,1.162,1717963354.470, 1717963355.631
1,807,0.128,1717963356.632, 1717963356.761
1,808,0.344,1717963357.762, 1717963358.106
1,809,0.132,1717963359.107, 1717963359.239
1,810,0.120,1717963360.240, 1717963360.360
1,811,0.133,1717963361.361, 1717963361.494
1,812,0.367,1717963362.495, 1717963362.862
1,813,0.132,1717963363.863, 1717963363.995
1,814,0.365,1717963364.997, 1717963365.362
1,815,0.373,1717963366.363, 1717963366.736
1,816,0.129,1717963367.737, 1717963367.866
1,817,0.140,1717963368.867, 1717963369.007
1,818,0.171,1717963370.008, 1717963370.179
1,819,1.033,1717963371.180, 1717963372.213
1,820,0.140,1717963373.214, 1717963373.355
1,821,1.400,1717963374.356, 1717963375.756
1,822,0.133,1717963376.757, 1717963376.891
1,823,0.134,1717963377.892, 1717963378.026
1,824,1.153,1717963379.027, 1717963380.180
1,825,0.128,1717963381.181, 1717963381.310
1,826,1.182,1717963382.311, 1717963383.493
1,827,2.142,1717963384.494, 1717963386.637
1,828,0.776,1717963387.638, 1717963388.414
1,829,0.153,1717963389.415, 1717963389.568
1,830,0.129,1717963390.570, 1717963390.698
1,831,0.143,1717963391.699, 1717963391.843
1,832,0.128,1717963392.844, 1717963392.972
1,833,0.368,1717963393.974, 1717963394.341
1,834,0.385,1717963395.342, 1717963395.727
1,835,0.161,1717963396.728, 1717963396.889
1,836,0.111,1717963397.891, 1717963398.002
1,837,1.123,1717963399.003, 1717963400.126
1,838,0.169,1717963401.127, 1717963401.295
1,839,2.146,1717963402.297, 1717963404.443
1,840,1.136,1717963405.444, 1717963406.580
1,841,2.424,1717963407.581, 1717963410.005
1,842,0.113,1717963411.006, 1717963411.119
1,843,2.173,1717963412.121, 1717963414.293
1,844,1.137,1717963415.294, 1717963416.432
1,845,0.573,1717963417.433, 1717963418.006
1,846,0.137,1717963419.007, 1717963419.144
1,847,0.165,1717963420.145, 1717963420.310
1,848,0.507,1717963421.311, 1717963421.819
1,849,0.132,1717963422.820, 1717963422.951
1,850,0.362,1717963423.953, 1717963424.314
1,851,0.156,1717963425.316, 1717963425.472
1,852,1.141,1717963426.473, 1717963427.614
1,853,1.397,1717963428.615, 1717963430.012
1,854,1.151,1717963431.013, 1717963432.164
1,855,1.130,1717963433.166, 1717963434.296
1,856,1.144,1717963435.297, 1717963436.441
1,857,0.127,1717963437.442, 1717963437.569
1,858,0.138,1717963438.571, 1717963438.709
1,859,2.220,1717963439.710, 1717963441.930
1,860,0.122,1717963442.931, 1717963443.053
1,861,0.139,1717963444.054, 1717963444.193
1,862,0.325,1717963445.194, 1717963445.519
1,863,0.376,1717963446.520, 1717963446.896
1,864,0.866,1717963447.904, 1717963448.770
1,865,0.125,1717963449.771, 1717963449.896
1,866,0.115,1717963450.898, 1717963451.013
1,867,1.150,1717963452.014, 1717963453.165
1,868,0.143,1717963454.166, 1717963454.309
1,869,1.154,1717963455.310, 1717963456.464
1,870,1.163,1717963457.465, 1717963458.628
1,871,0.123,1717963459.629, 1717963459.753
1,872,5.018,1717963460.754, 1717963465.772
1,873,1.139,1717963466.773, 1717963467.912
1,874,6.031,1717963468.913, 1717963474.944
1,875,0.142,1717963475.945, 1717963476.087
1,876,0.118,1717963477.088, 1717963477.207
1,877,0.557,1717963478.208, 1717963478.765
1,878,1.383,1717963479.766, 1717963481.149
1,879,0.816,1717963482.151, 1717963482.966
1,880,1.581,1717963483.967, 1717963485.548
1,881,0.141,1717963486.549, 1717963486.690
1,882,0.120,1717963487.691, 1717963487.811
1,883,0.115,1717963488.812, 1717963488.928
1,884,0.374,1717963489.929, 1717963490.303
1,885,0.342,1717963491.304, 1717963491.646
1,886,1.623,1717963492.647, 1717963494.270
1,887,1.373,1717963495.271, 1717963496.644
1,888,1.170,1717963497.646, 1717963498.816
1,889,0.143,1717963499.817, 1717963499.960
1,890,0.117,1717963500.962, 1717963501.079
1,891,0.137,1717963502.080, 1717963502.218
1,892,1.415,1717963503.219, 1717963504.634
1,893,1.173,1717963505.635, 1717963506.808
1,894,0.133,1717963507.809, 1717963507.942
1,895,0.579,1717963508.943, 1717963509.522
1,896,1.125,1717963510.523, 1717963511.649
1,897,0.130,1717963512.650, 1717963512.780
1,898,0.371,1717963513.781, 1717963514.152
1,899,0.134,1717963515.153, 1717963515.287
1,900,1.166,1717963516.289, 1717963517.455
1,901,0.126,1717963518.456, 1717963518.582
1,902,1.341,1717963519.583, 1717963520.925
1,903,0.141,1717963521.926, 1717963522.067
1,904,2.388,1717963523.068, 1717963525.456
1,905,0.338,1717963526.457, 1717963526.795
1,906,1.149,1717963527.796, 1717963528.945
1,907,5.018,1717963529.947, 1717963534.964
1,908,0.153,1717963535.966, 1717963536.118
1,909,0.341,1717963537.119, 1717963537.461
1,910,0.369,1717963538.462, 1717963538.831
1,911,0.129,1717963539.832, 1717963539.962
1,912,0.113,1717963540.963, 1717963541.076
1,913,3.625,1717963542.077, 1717963545.702
1,914,1.172,1717963546.703, 1717963547.874
1,915,1.403,1717963548.875, 1717963550.278
1,916,0.132,1717963551.279, 1717963551.412
1,917,1.153,1717963552.413, 1717963553.566
1,918,0.127,1717963554.567, 1717963554.694
1,919,0.135,1717963555.695, 1717963555.830
1,920,0.128,1717963556.832, 1717963556.960
1,921,0.138,1717963557.961, 1717963558.099
1,922,0.135,1717963559.100, 1717963559.235
1,923,0.131,1717963560.236, 1717963560.367
1,924,1.135,1717963561.368, 1717963562.503
1,925,1.148,1717963563.504, 1717963564.652
1,926,1.379,1717963565.653, 1717963567.032
1,927,0.375,1717963568.033, 1717963568.408
1,928,0.108,1717963569.409, 1717963569.517
1,929,1.121,1717963570.518, 1717963571.639
1,930,0.138,1717963572.641, 1717963572.778
1,931,0.358,1717963573.780, 1717963574.138
1,932,0.130,1717963575.139, 1717963575.269
1,933,0.365,1717963576.270, 1717963576.635
1,934,6.043,1717963577.636, 1717963583.679
1,935,0.383,1717963584.680, 1717963585.064
1,936,2.127,1717963586.065, 1717963588.192
1,937,0.124,1717963589.194, 1717963589.318
1,938,2.603,1717963590.319, 1717963592.922
1,939,3.200,1717963593.923, 1717963597.123
1,940,0.580,1717963598.125, 1717963598.704
1,941,0.128,1717963599.705, 1717963599.834
1,942,0.335,1717963600.835, 1717963601.170
1,943,1.345,1717963602.171, 1717963603.517
1,944,0.135,1717963604.518, 1717963604.653
1,945,0.133,1717963605.654, 1717963605.787
1,946,0.107,1717963606.788, 1717963606.895
1,947,0.120,1717963607.897, 1717963608.017
1,948,0.128,1717963609.018, 1717963609.146
1,949,1.132,1717963610.147, 1717963611.279
1,950,0.123,1717963612.280, 1717963612.403
1,951,0.135,1717963613.405, 1717963613.540
1,952,1.137,1717963614.541, 1717963615.678
1,953,1.579,1717963616.680, 1717963618.259
1,954,1.128,1717963619.260, 1717963620.388
1,955,0.345,1717963621.389, 1717963621.734
1,956,2.220,1717963622.735, 1717963624.955
1,957,1.179,1717963625.956, 1717963627.135
1,958,1.162,1717963628.136, 1717963629.298
1,959,1.128,1717963630.299, 1717963631.427
1,960,0.133,1717963632.428, 1717963632.561
1,961,0.128,1717963633.562, 1717963633.690
1,962,0.365,1717963634.691, 1717963635.056
1,963,0.127,1717963636.058, 1717963636.185
1,964,1.345,1717963637.186, 1717963638.531
1,965,0.138,1717963639.533, 1717963639.671
1,966,2.168,1717963640.672, 1717963642.840
1,967,1.148,1717963643.842, 1717963644.990
1,968,0.128,1717963645.991, 1717963646.119
1,969,0.130,1717963647.120, 1717963647.250
1,970,1.160,1717963648.251, 1717963649.412
1,971,0.348,1717963650.413, 1717963650.761
1,972,0.124,1717963651.762, 1717963651.886
1,973,0.128,1717963652.887, 1717963653.015
1,974,0.147,1717963654.017, 1717963654.163
1,975,0.155,1717963655.165, 1717963655.320
1,976,1.364,1717963656.321, 1717963657.684
1,977,1.380,1717963658.686, 1717963660.066
1,978,0.375,1717963661.067, 1717963661.442
1,979,0.120,1717963662.443, 1717963662.563
1,980,0.147,1717963663.564, 1717963663.711
1,981,0.122,1717963664.712, 1717963664.834
1,982,0.133,1717963665.835, 1717963665.969
1,983,1.141,1717963666.970, 1717963668.111
1,984,0.136,1717963669.112, 1717963669.248
1,985,0.109,1717963670.249, 1717963670.358
1,986,0.127,1717963671.360, 1717963671.486
1,987,1.363,1717963672.487, 1717963673.850
1,988,4.277,1717963674.852, 1717963679.129
1,989,0.129,1717963680.135, 1717963680.264
1,990,0.381,1717963681.266, 1717963681.646
1,991,4.730,1717963682.647, 1717963687.377
1,992,0.090,1717963688.378, 1717963688.469
1,993,0.373,1717963689.470, 1717963689.843
1,994,0.342,1717963690.844, 1717963691.186
1,995,0.135,1717963692.187, 1717963692.323
1,996,0.118,1717963693.324, 1717963693.442
1,997,0.144,1717963694.443, 1717963694.587
1,998,0.130,1717963695.589, 1717963695.719
1,999,1.136,1717963696.720, 1717963697.856
1,1000,0.594,1717963698.882, 1717963699.476
1,1001,0.113,1717963700.478, 1717963700.591
1,1002,1.130,1717963701.592, 1717963702.722
1,1003,0.398,1717963703.723, 1717963704.122
1,1004,1.366,1717963705.123, 1717963706.489
1,1005,0.350,1717963707.490, 1717963707.840
1,1006,0.128,1717963708.841, 1717963708.969
1,1007,0.151,1717963709.970, 1717963710.121
1,1008,2.160,1717963711.122, 1717963713.282
1,1009,0.381,1717963714.283, 1717963714.664
1,1010,0.165,1717963715.665, 1717963715.830
1,1011,3.775,1717963716.831, 1717963720.606
1,1012,1.150,1717963721.607, 1717963722.758
1,1013,3.160,1717963723.759, 1717963726.919
1,1014,1.557,1717963727.920, 1717963729.477
1,1015,1.567,1717963730.479, 1717963732.046
1,1016,1.142,1717963733.047, 1717963734.189
1,1017,0.334,1717963735.190, 1717963735.524
1,1018,0.129,1717963736.525, 1717963736.654
1,1019,1.351,1717963737.655, 1717963739.007
1,1020,1.175,1717963740.008, 1717963741.184
1,1021,0.125,1717963742.185, 1717963742.309
1,1022,1.179,1717963743.310, 1717963744.489
1,1023,2.156,1717963745.490, 1717963747.646
1,1024,0.576,1717963748.647, 1717963749.223
1,1025,0.144,1717963750.224, 1717963750.368
1,1026,0.129,1717963751.370, 1717963751.498
1,1027,0.128,1717963752.500, 1717963752.628
1,1028,0.120,1717963753.634, 1717963753.754
1,1029,0.352,1717963754.755, 1717963755.108
1,1030,0.147,1717963756.109, 1717963756.255
1,1031,0.102,1717963757.257, 1717963757.359
1,1032,1.588,1717963758.360, 1717963759.948
1,1033,0.100,1717963760.949, 1717963761.049
1,1034,0.137,1717963762.051, 1717963762.188
1,1035,0.123,1717963763.189, 1717963763.312
1,1036,0.129,1717963764.313, 1717963764.442
1,1037,1.146,1717963765.443, 1717963766.589
1,1038,0.117,1717963767.591, 1717963767.707
1,1039,0.152,1717963768.709, 1717963768.860
1,1040,0.343,1717963769.861, 1717963770.205
1,1041,0.130,1717963771.206, 1717963771.337
1,1042,0.343,1717963772.338, 1717963772.681
1,1043,0.150,1717963773.682, 1717963773.832
1,1044,0.181,1717963774.833, 1717963775.014
1,1045,0.906,1717963776.015, 1717963776.921
1,1046,0.326,1717963777.922, 1717963778.249
1,1047,0.115,1717963779.250, 1717963779.365
1,1048,1.146,1717963780.366, 1717963781.512
1,1049,0.128,1717963782.513, 1717963782.641
1,1050,0.130,1717963783.642, 1717963783.772
1,1051,0.370,1717963784.773, 1717963785.143
1,1052,0.125,1717963786.145, 1717963786.270
1,1053,1.148,1717963787.271, 1717963788.419
1,1054,4.216,1717963789.421, 1717963793.636
1,1055,0.136,1717963794.639, 1717963794.774
1,1056,2.181,1717963795.776, 1717963797.957
1,1057,0.123,1717963798.959, 1717963799.081
1,1058,0.375,1717963800.083, 1717963800.458
1,1059,0.139,1717963801.459, 1717963801.599
1,1060,1.110,1717963802.600, 1717963803.709
1,1061,1.139,1717963804.711, 1717963805.850
1,1062,0.114,1717963806.851, 1717963806.965
1,1063,1.316,1717963807.966, 1717963809.282
1,1064,1.388,1717963810.284, 1717963811.672
1,1065,0.129,1717963812.673, 1717963812.802
1,1066,2.176,1717963813.804, 1717963815.980
1,1067,1.130,1717963816.981, 1717963818.111
1,1068,3.169,1717963819.113, 1717963822.282
1,1069,1.158,1717963823.283, 1717963824.441
1,1070,2.149,1717963825.443, 1717963827.592
1,1071,0.376,1717963828.593, 1717963828.969
1,1072,2.151,1717963829.970, 1717963832.122
1,1073,0.129,1717963833.123, 1717963833.252
1,1074,0.127,1717963834.253, 1717963834.381
1,1075,0.120,1717963835.382, 1717963835.502
1,1076,0.145,1717963836.503, 1717963836.648
1,1077,0.132,1717963837.650, 1717963837.782
1,1078,0.130,1717963838.783, 1717963838.914
1,1079,0.154,1717963839.915, 1717963840.069
1,1080,0.125,1717963841.070, 1717963841.195
1,1081,0.144,1717963842.196, 1717963842.340
1,1082,3.561,1717963843.341, 1717963846.902
1,1083,0.369,1717963847.903, 1717963848.272
1,1084,0.105,1717963849.274, 1717963849.378
1,1085,1.375,1717963850.379, 1717963851.754
1,1086,2.197,1717963852.755, 1717963854.952
1,1087,0.158,1717963855.953, 1717963856.112
1,1088,0.352,1717963857.113, 1717963857.465
1,1089,1.467,1717963858.466, 1717963859.933
1,1090,0.342,1717963860.934, 1717963861.276
1,1091,0.132,1717963862.277, 1717963862.409
1,1092,0.127,1717963863.411, 1717963863.537
1,1093,2.146,1717963864.538, 1717963866.684
1,1094,0.357,1717963867.685, 1717963868.042
1,1095,0.125,1717963869.043, 1717963869.168
1,1096,3.173,1717963870.169, 1717963873.342
1,1097,0.565,1717963874.343, 1717963874.908
1,1098,0.178,1717963875.909, 1717963876.087
1,1099,1.143,1717963877.089, 1717963878.231
1,1100,0.143,1717963879.233, 1717963879.375
1,1101,0.130,1717963880.376, 1717963880.506
1,1102,0.127,1717963881.507, 1717963881.634
1,1103,0.137,1717963882.635, 1717963882.773
1,1104,1.132,1717963883.774, 1717963884.905
1,1105,0.140,1717963885.907, 1717963886.047
1,1106,0.353,1717963887.048, 1717963887.401
1,1107,3.820,1717963888.402, 1717963892.222
1,1108,0.164,1717963893.223, 1717963893.387
1,1109,0.118,1717963894.388, 1717963894.507
1,1110,1.175,1717963895.508, 1717963896.683
1,1111,0.351,1717963897.685, 1717963898.035
1,1112,0.121,1717963899.037, 1717963899.157
1,1113,0.121,1717963900.159, 1717963900.279
1,1114,0.368,1717963901.281, 1717963901.649
1,1115,1.344,1717963902.650, 1717963903.994
1,1116,1.378,1717963904.995, 1717963906.373
1,1117,1.153,1717963907.374, 1717963908.528
1,1118,0.124,1717963909.529, 1717963909.653
1,1119,1.370,1717963910.654, 1717963912.025
1,1120,0.133,1717963913.026, 1717963913.159
1,1121,0.449,1717963914.160, 1717963914.610
1,1122,0.147,1717963915.611, 1717963915.758
1,1123,1.133,1717963916.759, 1717963917.892
1,1124,0.134,1717963918.893, 1717963919.028
1,1125,1.381,1717963920.029, 1717963921.410
1,1126,0.581,1717963922.411, 1717963922.992
1,1127,0.122,1717963923.994, 1717963924.116
1,1128,0.566,1717963925.117, 1717963925.682
1,1129,1.397,1717963926.683, 1717963928.081
1,1130,2.173,1717963929.082, 1717963931.255
1,1131,0.145,1717963932.256, 1717963932.401
1,1132,1.380,1717963933.402, 1717963934.782
1,1133,1.146,1717963935.783, 1717963936.929
1,1134,0.151,1717963937.930, 1717963938.081
1,1135,1.363,1717963939.083, 1717963940.446
1,1136,1.355,1717963941.447, 1717963942.802
1,1137,0.134,1717963943.803, 1717963943.937
1,1138,1.148,1717963944.938, 1717963946.086
1,1139,0.346,1717963947.087, 1717963947.433
1,1140,0.391,1717963948.435, 1717963948.825
1,1141,0.154,1717963949.826, 1717963949.981
1,1142,0.372,1717963950.982, 1717963951.354
1,1143,0.554,1717963952.356, 1717963952.910
1,1144,1.157,1717963953.911, 1717963955.068
1,1145,1.140,1717963956.069, 1717963957.209
1,1146,0.364,1717963958.210, 1717963958.574
1,1147,1.364,1717963959.575, 1717963960.938
1,1148,0.154,1717963961.939, 1717963962.093
1,1149,0.375,1717963963.094, 1717963963.470
1,1150,0.141,1717963964.471, 1717963964.612
1,1151,0.137,1717963965.613, 1717963965.751
1,1152,0.137,1717963966.752, 1717963966.889
1,1153,0.145,1717963967.890, 1717963968.035
1,1154,0.363,1717963969.036, 1717963969.399
1,1155,0.357,1717963970.400, 1717963970.757
1,1156,0.135,1717963971.758, 1717963971.893
1,1157,0.132,1717963972.894, 1717963973.026
1,1158,0.370,1717963974.027, 1717963974.397
1,1159,0.389,1717963975.398, 1717963975.788
1,1160,2.126,1717963976.789, 1717963978.915
1,1161,0.135,1717963979.916, 1717963980.051
1,1162,0.358,1717963981.052, 1717963981.410
1,1163,1.970,1717963982.411, 1717963984.381
1,1164,0.382,1717963985.382, 1717963985.764
1,1165,0.115,1717963986.765, 1717963986.881
1,1166,1.128,1717963987.882, 1717963989.010
1,1167,0.120,1717963990.011, 1717963990.131
1,1168,0.150,1717963991.132, 1717963991.282
1,1169,0.129,1717963992.283, 1717963992.412
1,1170,4.516,1717963993.414, 1717963997.930
1,1171,2.840,1717963998.931, 1717964001.771
1,1172,0.354,1717964002.772, 1717964003.126
1,1173,0.116,1717964004.127, 1717964004.243
1,1174,0.117,1717964005.244, 1717964005.361
1,1175,0.130,1717964006.362, 1717964006.492
1,1176,1.172,1717964007.494, 1717964008.666
1,1177,0.147,1717964009.667, 1717964009.814
1,1178,2.175,1717964010.815, 1717964012.991
1,1179,0.138,1717964013.992, 1717964014.130
1,1180,0.137,1717964015.131, 1717964015.269
1,1181,0.136,1717964016.270, 1717964016.406
1,1182,0.149,1717964017.407, 1717964017.556
1,1183,0.125,1717964018.557, 1717964018.683
1,1184,0.137,1717964019.684, 1717964019.821
1,1185,0.933,1717964020.822, 1717964021.755
1,1186,0.103,1717964022.756, 1717964022.859
1,1187,2.162,1717964023.860, 1717964026.022
1,1188,3.184,1717964027.023, 1717964030.207
1,1189,1.159,1717964031.208, 1717964032.367
1,1190,0.102,1717964033.368, 1717964033.470
1,1191,0.134,1717964034.471, 1717964034.606
1,1192,0.166,1717964035.607, 1717964035.772
1,1193,1.129,1717964036.774, 1717964037.903
1,1194,0.125,1717964038.904, 1717964039.029
1,1195,0.351,1717964040.030, 1717964040.382
1,1196,0.134,1717964041.383, 1717964041.517
1,1197,1.605,1717964042.518, 1717964044.124
1,1198,0.129,1717964045.125, 1717964045.253
1,1199,0.153,1717964046.255, 1717964046.407
1,1200,1.144,1717964047.408, 1717964048.552
1,1201,0.130,1717964049.554, 1717964049.684
1,1202,2.593,1717964050.685, 1717964053.279
1,1203,0.135,1717964054.280, 1717964054.415
1,1204,0.143,1717964055.417, 1717964055.560
1,1205,0.123,1717964056.561, 1717964056.684
1,1206,0.124,1717964057.685, 1717964057.809
1,1207,2.173,1717964058.810, 1717964060.984
1,1208,0.379,1717964061.985, 1717964062.364
1,1209,1.163,1717964063.366, 1717964064.529
1,1210,1.137,1717964065.530, 1717964066.666
1,1211,1.611,1717964067.668, 1717964069.279
1,1212,0.150,1717964070.280, 1717964070.429
1,1213,1.134,1717964071.430, 1717964072.565
1,1214,1.133,1717964073.566, 1717964074.699
1,1215,1.152,1717964075.700, 1717964076.852
1,1216,1.164,1717964077.853, 1717964079.017
1,1217,0.173,1717964080.019, 1717964080.192
1,1218,0.364,1717964081.193, 1717964081.557
1,1219,0.354,1717964082.558, 1717964082.912
1,1220,1.167,1717964083.914, 1717964085.080
1,1221,1.185,1717964086.081, 1717964087.266
1,1222,0.135,1717964088.267, 1717964088.403
1,1223,0.135,1717964089.404, 1717964089.539
1,1224,0.364,1717964090.540, 1717964090.905
1,1225,0.117,1717964091.906, 1717964092.022
1,1226,1.163,1717964093.024, 1717964094.187
1,1227,1.139,1717964095.188, 1717964096.327
1,1228,0.145,1717964097.329, 1717964097.474
1,1229,0.352,1717964098.475, 1717964098.826
1,1230,0.555,1717964099.828, 1717964100.382
1,1231,1.391,1717964101.384, 1717964102.774
1,1232,0.119,1717964103.775, 1717964103.894
1,1233,2.182,1717964104.895, 1717964107.077
1,1234,1.166,1717964108.079, 1717964109.245
1,1235,0.361,1717964110.246, 1717964110.607
1,1236,0.139,1717964111.608, 1717964111.747
1,1237,0.349,1717964112.748, 1717964113.097
1,1238,0.803,1717964114.098, 1717964114.901
1,1239,0.121,1717964115.903, 1717964116.024
1,1240,0.135,1717964117.025, 1717964117.160
1,1241,0.125,1717964118.161, 1717964118.287
1,1242,1.146,1717964119.288, 1717964120.434
1,1243,0.361,1717964121.435, 1717964121.796
1,1244,1.356,1717964122.797, 1717964124.153
1,1245,1.149,1717964125.154, 1717964126.303
1,1246,0.592,1717964127.304, 1717964127.897
1,1247,0.339,1717964128.898, 1717964129.237
1,1248,0.137,1717964130.238, 1717964130.375
1,1249,0.137,1717964131.376, 1717964131.513
1,1250,1.376,1717964132.514, 1717964133.890
1,1251,0.162,1717964134.891, 1717964135.053
1,1252,1.371,1717964136.054, 1717964137.424
1,1253,0.116,1717964138.426, 1717964138.541
1,1254,0.354,1717964139.542, 1717964139.897
1,1255,1.142,1717964140.898, 1717964142.040
1,1256,0.149,1717964143.041, 1717964143.191
1,1257,2.183,1717964144.192, 1717964146.374
1,1258,0.134,1717964147.375, 1717964147.510
1,1259,1.141,1717964148.511, 1717964149.652
1,1260,0.360,1717964150.653, 1717964151.013
1,1261,0.141,1717964152.015, 1717964152.156
1,1262,1.148,1717964153.157, 1717964154.305
1,1263,0.355,1717964155.306, 1717964155.661
1,1264,1.141,1717964156.662, 1717964157.803
1,1265,2.170,1717964158.804, 1717964160.974
1,1266,2.162,1717964161.975, 1717964164.137
1,1267,2.148,1717964165.138, 1717964167.286
1,1268,0.343,1717964168.288, 1717964168.631
1,1269,0.138,1717964169.632, 1717964169.770
1,1270,0.360,1717964170.771, 1717964171.131
1,1271,0.375,1717964172.132, 1717964172.507
1,1272,1.395,1717964173.509, 1717964174.904
1,1273,0.140,1717964175.905, 1717964176.045
1,1274,0.135,1717964177.046, 1717964177.181
1,1275,0.135,1717964178.182, 1717964178.318
1,1276,0.120,1717964179.319, 1717964179.439
1,1277,0.118,1717964180.440, 1717964180.559
1,1278,0.348,1717964181.560, 1717964181.908
1,1279,0.345,1717964182.909, 1717964183.254
1,1280,0.570,1717964184.255, 1717964184.824
1,1281,1.406,1717964185.826, 1717964187.231
1,1282,3.175,1717964188.232, 1717964191.407
1,1283,0.152,1717964192.408, 1717964192.561
1,1284,0.143,1717964193.562, 1717964193.705
1,1285,0.330,1717964194.706, 1717964195.036
1,1286,0.150,1717964196.037, 1717964196.188
1,1287,1.381,1717964197.189, 1717964198.570
1,1288,0.125,1717964199.572, 1717964199.697
1,1289,2.149,1717964200.698, 1717964202.847
1,1290,1.358,1717964203.848, 1717964205.206
1,1291,0.137,1717964206.207, 1717964206.344
1,1292,0.122,1717964207.345, 1717964207.467
1,1293,0.378,1717964208.468, 1717964208.846
1,1294,3.633,1717964209.847, 1717964213.480
1,1295,1.143,1717964214.482, 1717964215.624
1,1296,0.119,1717964216.626, 1717964216.745
1,1297,0.138,1717964217.746, 1717964217.884
1,1298,0.125,1717964218.885, 1717964219.010
1,1299,2.417,1717964220.011, 1717964222.428
1,1300,0.337,1717964223.429, 1717964223.766
1,1301,0.140,1717964224.767, 1717964224.908
1,1302,2.178,1717964225.909, 1717964228.086
1,1303,0.141,1717964229.088, 1717964229.229
1,1304,0.128,1717964230.230, 1717964230.359
1,1305,0.364,1717964231.360, 1717964231.723
1,1306,1.162,1717964232.725, 1717964233.887
1,1307,0.147,1717964234.888, 1717964235.036
1,1308,0.128,1717964236.037, 1717964236.165
1,1309,0.136,1717964237.166, 1717964237.302
1,1310,0.113,1717964238.303, 1717964238.416
1,1311,0.364,1717964239.417, 1717964239.781
1,1312,1.153,1717964240.782, 1717964241.935
1,1313,1.156,1717964242.936, 1717964244.092
1,1314,0.155,1717964245.093, 1717964245.248
1,1315,0.112,1717964246.250, 1717964246.361
1,1316,2.425,1717964247.362, 1717964249.788
1,1317,2.171,1717964250.789, 1717964252.960
1,1318,3.542,1717964253.961, 1717964257.503
1,1319,0.151,1717964258.504, 1717964258.656
1,1320,1.378,1717964259.657, 1717964261.035
1,1321,1.137,1717964262.036, 1717964263.173
1,1322,0.135,1717964264.174, 1717964264.309
1,1323,0.161,1717964265.311, 1717964265.471
1,1324,2.287,1717964266.473, 1717964268.760
1,1325,1.146,1717964269.761, 1717964270.907
1,1326,1.126,1717964271.908, 1717964273.034
1,1327,1.139,1717964274.035, 1717964275.174
1,1328,0.342,1717964276.175, 1717964276.517
1,1329,0.582,1717964277.518, 1717964278.100
1,1330,0.143,1717964279.102, 1717964279.245
1,1331,0.361,1717964280.246, 1717964280.607
1,1332,0.135,1717964281.608, 1717964281.743
1,1333,0.147,1717964282.744, 1717964282.891
1,1334,0.146,1717964283.892, 1717964284.039
1,1335,0.137,1717964285.040, 1717964285.177
1,1336,0.362,1717964286.178, 1717964286.539
1,1337,0.367,1717964287.540, 1717964287.907
1,1338,2.123,1717964288.909, 1717964291.032
1,1339,0.361,1717964292.033, 1717964292.394
1,1340,0.140,1717964293.395, 1717964293.535
1,1341,1.159,1717964294.537, 1717964295.695
1,1342,0.107,1717964296.696, 1717964296.803
1,1343,2.166,1717964297.804, 1717964299.971
1,1344,0.155,1717964300.972, 1717964301.127
1,1345,0.138,1717964302.128, 1717964302.266
1,1346,1.388,1717964303.267, 1717964304.655
1,1347,0.348,1717964305.657, 1717964306.005
1,1348,0.129,1717964307.006, 1717964307.135
1,1349,1.397,1717964308.137, 1717964309.534
1,1350,0.140,1717964310.535, 1717964310.675
1,1351,1.140,1717964311.676, 1717964312.816
1,1352,0.144,1717964313.817, 1717964313.961
1,1353,0.351,1717964314.962, 1717964315.314
1,1354,0.368,1717964316.315, 1717964316.684
1,1355,2.170,1717964317.685, 1717964319.854
1,1356,0.369,1717964320.856, 1717964321.225
1,1357,0.599,1717964322.226, 1717964322.826
1,1358,0.126,1717964323.827, 1717964323.953
1,1359,2.132,1717964324.954, 1717964327.086
1,1360,1.382,1717964328.088, 1717964329.470
1,1361,3.187,1717964330.471, 1717964333.659
1,1362,0.130,1717964334.660, 1717964334.790
1,1363,3.523,1717964335.791, 1717964339.314
1,1364,0.367,1717964340.316, 1717964340.683
1,1365,1.344,1717964341.684, 1717964343.028
1,1366,1.169,1717964344.030, 1717964345.199
1,1367,3.476,1717964346.200, 1717964349.676
1,1368,0.585,1717964350.678, 1717964351.263
1,1369,0.134,1717964352.264, 1717964352.398
1,1370,0.354,1717964353.399, 1717964353.754
1,1371,0.123,1717964354.755, 1717964354.878
1,1372,0.137,1717964355.879, 1717964356.016
1,1373,1.381,1717964357.017, 1717964358.398
1,1374,0.340,1717964359.399, 1717964359.739
1,1375,1.144,1717964360.740, 1717964361.885
1,1376,1.157,1717964362.886, 1717964364.043
1,1377,0.139,1717964365.044, 1717964365.183
1,1378,0.139,1717964366.184, 1717964366.324
1,1379,1.148,1717964367.325, 1717964368.473
1,1380,1.162,1717964369.474, 1717964370.636
1,1381,0.136,1717964371.637, 1717964371.773
1,1382,0.351,1717964372.775, 1717964373.126
1,1383,0.135,1717964374.127, 1717964374.261
1,1384,3.817,1717964375.263, 1717964379.080
1,1385,0.139,1717964380.081, 1717964380.220
1,1386,0.151,1717964381.221, 1717964381.372
1,1387,1.219,1717964382.373, 1717964383.593
1,1388,0.118,1717964384.594, 1717964384.712
1,1389,0.128,1717964385.713, 1717964385.841
1,1390,0.100,1717964386.842, 1717964386.943
1,1391,0.344,1717964387.944, 1717964388.287
1,1392,0.113,1717964389.289, 1717964389.402
1,1393,1.361,1717964390.403, 1717964391.764
1,1394,1.148,1717964392.765, 1717964393.912
1,1395,1.373,1717964394.914, 1717964396.287
1,1396,1.145,1717964397.289, 1717964398.434
1,1397,1.156,1717964399.435, 1717964400.591
1,1398,1.124,1717964401.593, 1717964402.717
1,1399,0.153,1717964403.718, 1717964403.871
1,1400,0.371,1717964404.872, 1717964405.243
1,1401,0.139,1717964406.244, 1717964406.383
1,1402,3.464,1717964407.384, 1717964410.848
1,1403,1.145,1717964411.849, 1717964412.994
1,1404,0.112,1717964413.995, 1717964414.107
1,1405,0.096,1717964415.108, 1717964415.204
1,1406,0.128,1717964416.205, 1717964416.333
1,1407,0.137,1717964417.334, 1717964417.471
1,1408,2.182,1717964418.472, 1717964420.654
1,1409,0.112,1717964421.655, 1717964421.767
1,1410,0.141,1717964422.768, 1717964422.909
1,1411,0.128,1717964423.910, 1717964424.038
1,1412,0.350,1717964425.039, 1717964425.389
1,1413,0.131,1717964426.390, 1717964426.521
1,1414,1.169,1717964427.523, 1717964428.691
1,1415,0.344,1717964429.692, 1717964430.037
1,1416,0.144,1717964431.038, 1717964431.182
1,1417,1.137,1717964432.183, 1717964433.320
1,1418,1.141,1717964434.321, 1717964435.462
1,1419,1.133,1717964436.463, 1717964437.597
1,1420,0.344,1717964438.598, 1717964438.942
1,1421,0.121,1717964439.943, 1717964440.064
1,1422,0.138,1717964441.065, 1717964441.203
1,1423,1.147,1717964442.205, 1717964443.351
1,1424,0.135,1717964444.352, 1717964444.487
1,1425,1.386,1717964445.488, 1717964446.875
1,1426,0.145,1717964447.876, 1717964448.020
1,1427,0.589,1717964449.022, 1717964449.611
1,1428,1.137,1717964450.612, 1717964451.749
1,1429,0.360,1717964452.751, 1717964453.110
1,1430,1.575,1717964454.111, 1717964455.686
1,1431,0.138,1717964456.687, 1717964456.825
1,1432,0.128,1717964457.826, 1717964457.954
1,1433,0.354,1717964458.955, 1717964459.309
1,1434,0.140,1717964460.310, 1717964460.450
1,1435,2.187,1717964461.451, 1717964463.638
1,1436,0.152,1717964464.639, 1717964464.791
1,1437,0.130,1717964465.792, 1717964465.922
1,1438,0.135,1717964466.923, 1717964467.058
1,1439,0.130,1717964468.059, 1717964468.188
1,1440,0.124,1717964469.189, 1717964469.313
1,1441,0.342,1717964470.314, 1717964470.657
1,1442,0.420,1717964471.658, 1717964472.079
1,1443,0.123,1717964473.080, 1717964473.203
1,1444,0.198,1717964474.204, 1717964474.402
1,1445,0.334,1717964475.407, 1717964475.740
1,1446,0.142,1717964476.741, 1717964476.883
1,1447,0.152,1717964477.884, 1717964478.036
1,1448,3.503,1717964479.038, 1717964482.540
1,1449,4.005,1717964483.542, 1717964487.546
1,1450,1.174,1717964488.548, 1717964489.721
1,1451,0.578,1717964490.723, 1717964491.301
1,1452,5.019,1717964492.303, 1717964497.322
1,1453,0.154,1717964498.323, 1717964498.476
1,1454,1.380,1717964499.478, 1717964500.857
1,1455,0.130,1717964501.859, 1717964501.989
1,1456,0.953,1717964502.991, 1717964503.944
1,1457,0.336,1717964504.945, 1717964505.281
1,1458,0.129,1717964506.282, 1717964506.411
1,1459,0.343,1717964507.412, 1717964507.755
1,1460,0.371,1717964508.756, 1717964509.127
1,1461,1.585,1717964510.128, 1717964511.713
1,1462,0.105,1717964512.714, 1717964512.819
1,1463,0.343,1717964513.820, 1717964514.163
1,1464,0.366,1717964515.164, 1717964515.530
1,1465,0.367,1717964516.531, 1717964516.898
1,1466,0.169,1717964517.899, 1717964518.068
1,1467,0.124,1717964519.069, 1717964519.193
1,1468,0.587,1717964520.194, 1717964520.781
1,1469,0.142,1717964521.783, 1717964521.925
1,1470,2.142,1717964522.926, 1717964525.068
1,1471,2.754,1717964526.069, 1717964528.824
1,1472,0.120,1717964529.825, 1717964529.945
1,1473,2.037,1717964530.947, 1717964532.984
1,1474,4.206,1717964533.985, 1717964538.191
1,1475,1.129,1717964539.192, 1717964540.321
1,1476,0.145,1717964541.322, 1717964541.467
1,1477,0.410,1717964542.468, 1717964542.878
1,1478,0.186,1717964543.879, 1717964544.066
1,1479,0.575,1717964545.067, 1717964545.641
1,1480,1.159,1717964546.643, 1717964547.801
1,1481,0.228,1717964548.803, 1717964549.031
1,1482,1.137,1717964550.032, 1717964551.170
1,1483,0.114,1717964552.171, 1717964552.285
1,1484,0.339,1717964553.286, 1717964553.625
1,1485,0.162,1717964554.627, 1717964554.789
1,1486,1.129,1717964555.790, 1717964556.919
1,1487,0.373,1717964557.920, 1717964558.293
1,1488,0.133,1717964559.295, 1717964559.428
1,1489,0.783,1717964560.429, 1717964561.212
1,1490,0.146,1717964562.214, 1717964562.359
1,1491,0.346,1717964563.381, 1717964563.727
1,1492,1.585,1717964564.728, 1717964566.313
1,1493,0.128,1717964567.314, 1717964567.443
1,1494,2.373,1717964568.444, 1717964570.817
1,1495,0.350,1717964571.818, 1717964572.168
1,1496,1.136,1717964573.170, 1717964574.306
1,1497,0.138,1717964575.307, 1717964575.444
1,1498,4.689,1717964576.446, 1717964581.135
1,1499,5.020,1717964582.137, 1717964587.157
