delay,send_time,receive_time
0.258,1715862281.181,1715862281.439
0.042,1715862282.470,1715862282.512
0.042,1715862283.545,1715862283.586
0.041,1715862284.614,1715862284.655
0.056,1715862285.687,1715862285.743
0.048,1715862286.768,1715862286.816
0.056,1715862288.064,1715862288.121
0.037,1715862289.154,1715862289.191
1.071,1715862290.231,1715862291.302
0.041,1715862292.332,1715862292.372
0.061,1715862293.399,1715862293.461
0.042,1715862294.488,1715862294.530
0.066,1715862295.564,1715862295.630
0.259,1715862297.116,1715862297.375
0.262,1715862298.406,1715862298.668
0.042,1715862299.698,1715862299.741
0.301,1715862300.774,1715862301.075
0.071,1715862302.102,1715862302.173
0.051,1715862303.208,1715862303.259
0.049,1715862304.512,1715862304.561
0.046,1715862305.592,1715862305.638
0.052,1715862306.668,1715862306.720
0.072,1715862307.747,1715862307.818
0.061,1715862308.843,1715862308.905
0.070,1715862309.935,1715862310.005
0.036,1715862311.042,1715862311.078
0.032,1715862312.105,1715862312.137
0.050,1715862313.173,1715862313.222
0.037,1715862314.254,1715862314.291
0.265,1715862315.323,1715862315.587
0.269,1715862316.620,1715862316.889
0.047,1715862317.919,1715862317.966
0.050,1715862318.998,1715862319.048
0.066,1715862320.079,1715862320.145
3.654,1715862321.170,1715862324.824
3.687,1715862325.854,1715862329.540
0.037,1715862330.570,1715862330.607
1.037,1715862331.629,1715862332.666
0.045,1715862333.699,1715862333.744
0.058,1715862334.782,1715862334.840
0.038,1715862336.092,1715862336.129
0.059,1715862337.160,1715862337.219
0.045,1715862338.249,1715862338.294
0.271,1715862339.324,1715862339.595
0.051,1715862341.075,1715862341.127
0.059,1715862342.158,1715862342.217
0.037,1715862343.241,1715862343.279
0.031,1715862344.309,1715862344.340
0.045,1715862345.367,1715862345.412
0.270,1715862346.443,1715862346.713
1.062,1715862347.748,1715862348.810
0.041,1715862349.845,1715862349.886
0.269,1715862351.136,1715862351.405
0.608,1715862352.435,1715862353.043
0.048,1715862354.069,1715862354.117
0.044,1715862355.147,1715862355.191
0.053,1715862356.217,1715862356.270
0.062,1715862357.312,1715862357.374
0.052,1715862358.403,1715862358.455
1.072,1715862359.481,1715862360.553
0.285,1715862361.577,1715862361.862
1.048,1715862363.624,1715862364.672
3.569,1715862365.696,1715862369.266
0.036,1715862370.301,1715862370.337
0.046,1715862371.376,1715862371.422
0.042,1715862372.680,1715862372.721
0.271,1715862373.761,1715862374.032
1.038,1715862375.053,1715862376.091
0.050,1715862377.127,1715862377.176
0.048,1715862378.205,1715862378.252
0.285,1715862379.279,1715862379.563
0.264,1715862380.588,1715862380.851
1.070,1715862382.099,1715862383.169
0.036,1715862384.202,1715862384.238
0.037,1715862385.262,1715862385.299
0.047,1715862386.325,1715862386.372
1.051,1715862387.407,1715862388.458
0.062,1715862389.494,1715862389.556
0.042,1715862390.811,1715862390.853
0.037,1715862391.888,1715862391.924
1.057,1715862392.968,1715862394.026
1.059,1715862395.058,1715862396.117
0.046,1715862397.141,1715862397.187
0.036,1715862398.214,1715862398.250
0.039,1715862399.271,1715862399.310
0.288,1715862400.347,1715862400.635
0.053,1715862401.671,1715862401.724
0.045,1715862402.755,1715862402.800
0.073,1715862403.824,1715862403.897
0.032,1715862404.926,1715862404.958
0.053,1715862406.208,1715862406.261
0.037,1715862407.504,1715862407.541
0.026,1715862408.575,1715862408.601
1.060,1715862409.632,1715862410.692
0.047,1715862411.945,1715862411.992
0.265,1715862413.239,1715862413.504
0.043,1715862414.532,1715862414.575
0.043,1715862415.609,1715862415.652
0.263,1715862416.684,1715862416.947
0.067,1715862417.984,1715862418.051
0.042,1715862419.075,1715862419.117
0.048,1715862420.149,1715862420.196
0.068,1715862421.443,1715862421.511
2.074,1715862422.545,1715862424.619
0.044,1715862425.653,1715862425.697
0.057,1715862426.734,1715862426.791
0.036,1715862427.820,1715862427.856
0.047,1715862428.896,1715862428.942
0.037,1715862429.966,1715862430.003
0.037,1715862431.033,1715862431.070
1.068,1715862432.109,1715862433.177
1.042,1715862434.208,1715862435.250
0.033,1715862436.281,1715862436.313
0.067,1715862437.575,1715862437.642
0.053,1715862438.672,1715862438.725
0.053,1715862439.975,1715862440.028
1.042,1715862441.057,1715862442.099
2.091,1715862443.127,1715862445.218
0.050,1715862446.249,1715862446.300
0.057,1715862447.329,1715862447.386
1.076,1715862448.411,1715862449.488
3.537,1715862450.518,1715862454.055
0.279,1715862455.089,1715862455.368
0.038,1715862456.397,1715862456.435
0.038,1715862457.464,1715862457.502
0.055,1715862458.530,1715862458.584
2.075,1715862459.622,1715862461.697
0.048,1715862462.726,1715862462.773
0.043,1715862463.802,1715862463.845
0.274,1715862465.106,1715862465.379
2.807,1715862466.408,1715862469.215
0.052,1715862470.249,1715862470.301
0.062,1715862471.547,1715862471.609
0.053,1715862472.848,1715862472.901
0.257,1715862473.930,1715862474.187
0.044,1715862475.216,1715862475.260
0.053,1715862476.302,1715862476.355
0.044,1715862477.388,1715862477.432
0.052,1715862478.466,1715862478.518
1.102,1715862479.543,1715862480.646
0.047,1715862481.900,1715862481.947
2.074,1715862482.984,1715862485.057
0.058,1715862486.086,1715862486.144
0.037,1715862487.173,1715862487.210
0.044,1715862488.240,1715862488.284
0.058,1715862489.312,1715862489.370
0.049,1715862490.393,1715862490.443
0.037,1715862491.469,1715862491.506
0.057,1715862492.540,1715862492.597
1.058,1715862493.630,1715862494.688
0.048,1715862495.725,1715862495.773
0.028,1715862496.807,1715862496.835
0.066,1715862498.080,1715862498.145
1.053,1715862499.394,1715862500.447
1.055,1715862501.484,1715862502.540
0.076,1715862503.561,1715862503.636
1.049,1715862504.665,1715862505.714
0.055,1715862506.981,1715862507.035
0.070,1715862508.059,1715862508.128
0.057,1715862509.382,1715862509.438
1.049,1715862510.467,1715862511.516
0.063,1715862512.545,1715862512.608
0.040,1715862513.636,1715862513.676
0.033,1715862514.705,1715862514.738
0.038,1715862515.759,1715862515.797
0.040,1715862517.262,1715862517.302
0.048,1715862518.330,1715862518.378
0.269,1715862519.417,1715862519.686
0.260,1715862520.720,1715862520.980
0.041,1715862522.009,1715862522.050
0.056,1715862523.078,1715862523.134
2.068,1715862524.174,1715862526.242
0.053,1715862527.281,1715862527.334
0.060,1715862528.363,1715862528.423
0.052,1715862529.439,1715862529.491
0.048,1715862530.526,1715862530.573
3.550,1715862531.605,1715862535.156
0.063,1715862536.190,1715862536.252
0.046,1715862537.278,1715862537.324
0.044,1715862538.362,1715862538.406
0.050,1715862539.427,1715862539.477
0.058,1715862540.505,1715862540.563
0.300,1715862541.589,1715862541.888
0.061,1715862542.922,1715862542.982
0.048,1715862544.012,1715862544.061
0.044,1715862545.086,1715862545.130
1.080,1715862546.163,1715862547.243
0.053,1715862548.266,1715862548.319
1.056,1715862549.353,1715862550.409
0.047,1715862551.436,1715862551.483
2.068,1715862552.740,1715862554.808
0.054,1715862555.833,1715862555.887
0.054,1715862556.915,1715862556.969
0.048,1715862558.002,1715862558.051
0.060,1715862559.089,1715862559.149
1.071,1715862560.179,1715862561.250
0.272,1715862562.273,1715862562.545
0.073,1715862563.573,1715862563.646
0.039,1715862564.669,1715862564.708
0.054,1715862565.746,1715862565.800
0.058,1715862566.825,1715862566.884
0.033,1715862568.130,1715862568.163
0.060,1715862569.197,1715862569.257
0.042,1715862570.285,1715862570.328
0.055,1715862571.356,1715862571.411
1.064,1715862572.436,1715862573.500
0.040,1715862574.533,1715862574.573
0.039,1715862575.601,1715862575.639
0.067,1715862576.668,1715862576.735
0.053,1715862577.767,1715862577.820
0.054,1715862578.857,1715862578.911
0.055,1715862579.948,1715862580.003
1.115,1715862581.027,1715862582.142
0.045,1715862583.175,1715862583.220
0.068,1715862584.251,1715862584.320
0.053,1715862585.340,1715862585.393
4.033,1715862586.421,1715862590.454
0.263,1715862591.497,1715862591.760
1.041,1715862592.783,1715862593.824
0.264,1715862594.866,1715862595.129
0.056,1715862596.158,1715862596.214
0.038,1715862597.256,1715862597.294
0.049,1715862598.332,1715862598.381
5.186,1715862599.409,1715862604.595
1.301,1715862605.429,1715862606.730
1.049,1715862607.758,1715862608.807
1.349,1715862609.840,1715862611.189
0.033,1715862612.216,1715862612.249
0.043,1715862613.282,1715862613.326
0.066,1715862614.348,1715862614.414
0.032,1715862615.439,1715862615.471
0.056,1715862616.491,1715862616.547
0.038,1715862617.802,1715862617.839
0.054,1715862618.871,1715862618.925
0.039,1715862619.958,1715862619.997
0.048,1715862621.039,1715862621.087
0.045,1715862622.117,1715862622.162
0.060,1715862623.411,1715862623.471
0.043,1715862624.499,1715862624.542
0.296,1715862625.575,1715862625.871
1.069,1715862626.899,1715862627.968
0.060,1715862628.996,1715862629.057
0.039,1715862630.085,1715862630.124
0.063,1715862631.148,1715862631.211
0.035,1715862632.470,1715862632.504
0.065,1715862633.524,1715862633.589
0.038,1715862634.628,1715862634.666
1.293,1715862635.706,1715862636.998
0.035,1715862638.021,1715862638.056
0.259,1715862639.084,1715862639.343
3.534,1715862640.372,1715862643.906
0.055,1715862644.937,1715862644.992
4.614,1715862646.256,1715862650.870
0.052,1715862651.890,1715862651.942
0.058,1715862652.975,1715862653.033
0.048,1715862654.061,1715862654.109
0.043,1715862655.138,1715862655.181
0.052,1715862656.205,1715862656.257
0.038,1715862657.298,1715862657.336
0.043,1715862658.369,1715862658.412
1.063,1715862659.657,1715862660.720
0.262,1715862661.748,1715862662.010
0.054,1715862663.043,1715862663.097
1.047,1715862664.144,1715862665.191
0.054,1715862666.229,1715862666.283
0.062,1715862667.316,1715862667.377
0.073,1715862668.408,1715862668.482
1.056,1715862669.504,1715862670.560
1.065,1715862671.586,1715862672.651
0.077,1715862673.674,1715862673.751
0.049,1715862674.778,1715862674.827
5.366,1715862675.851,1715862681.217
0.052,1715862681.870,1715862681.921
0.039,1715862682.923,1715862682.962
1.029,1715862683.984,1715862685.014
0.044,1715862686.036,1715862686.080
0.049,1715862687.107,1715862687.156
0.056,1715862688.183,1715862688.238
0.058,1715862689.271,1715862689.329
0.060,1715862690.362,1715862690.422
0.047,1715862691.449,1715862691.496
0.053,1715862692.520,1715862692.573
0.065,1715862693.600,1715862693.665
1.063,1715862694.693,1715862695.756
1.068,1715862696.789,1715862697.857
0.045,1715862698.888,1715862698.933
2.932,1715862699.965,1715862702.897
1.051,1715862703.929,1715862704.980
0.060,1715862706.006,1715862706.066
0.065,1715862707.093,1715862707.157
0.052,1715862708.185,1715862708.237
0.059,1715862709.280,1715862709.339
1.060,1715862710.366,1715862711.426
0.050,1715862712.453,1715862712.503
0.045,1715862713.522,1715862713.566
0.044,1715862714.593,1715862714.637
0.069,1715862715.881,1715862715.950
0.035,1715862716.977,1715862717.012
1.038,1715862718.031,1715862719.068
0.041,1715862720.095,1715862720.136
0.060,1715862721.160,1715862721.221
0.060,1715862722.242,1715862722.302
1.090,1715862723.328,1715862724.418
0.030,1715862725.444,1715862725.475
0.270,1715862726.508,1715862726.778
0.046,1715862727.799,1715862727.845
0.041,1715862728.877,1715862728.918
0.079,1715862729.950,1715862730.029
0.059,1715862731.065,1715862731.124
0.255,1715862732.155,1715862732.410
1.083,1715862733.435,1715862734.519
0.058,1715862735.545,1715862735.604
0.053,1715862736.852,1715862736.905
0.063,1715862737.928,1715862737.990
0.044,1715862739.012,1715862739.056
0.049,1715862740.304,1715862740.353
0.055,1715862741.385,1715862741.439
0.070,1715862742.680,1715862742.750
0.045,1715862743.776,1715862743.820
0.038,1715862744.848,1715862744.886
0.041,1715862745.918,1715862745.959
0.054,1715862747.204,1715862747.258
0.050,1715862748.292,1715862748.342
0.044,1715862749.374,1715862749.418
0.046,1715862750.444,1715862750.491
0.040,1715862751.517,1715862751.558
0.045,1715862752.596,1715862752.641
0.076,1715862753.666,1715862753.741
0.047,1715862754.778,1715862754.825
0.082,1715862756.072,1715862756.154
0.060,1715862757.186,1715862757.246
0.059,1715862758.271,1715862758.330
0.070,1715862759.366,1715862759.436
0.052,1715862760.467,1715862760.518
0.045,1715862761.539,1715862761.584
0.060,1715862762.615,1715862762.675
0.047,1715862763.701,1715862763.748
0.031,1715862764.774,1715862764.805
0.061,1715862765.836,1715862765.897
0.052,1715862766.923,1715862766.975
1.056,1715862768.006,1715862769.062
1.074,1715862770.085,1715862771.159
0.036,1715862772.184,1715862772.221
0.063,1715862773.252,1715862773.314
0.041,1715862774.341,1715862774.382
0.036,1715862775.413,1715862775.449
0.071,1715862776.478,1715862776.549
0.036,1715862777.575,1715862777.611
1.046,1715862778.638,1715862779.684
0.040,1715862780.719,1715862780.759
0.045,1715862781.989,1715862782.034
0.274,1715862783.065,1715862783.339
0.063,1715862784.378,1715862784.442
0.047,1715862785.468,1715862785.515
0.044,1715862786.541,1715862786.585
1.059,1715862787.815,1715862788.874
0.042,1715862789.900,1715862789.941
0.038,1715862790.964,1715862791.002
0.051,1715862792.033,1715862792.084
0.046,1715862793.106,1715862793.152
0.051,1715862794.173,1715862794.224
0.041,1715862795.249,1715862795.290
1.076,1715862796.310,1715862797.386
2.069,1715862798.407,1715862800.476
0.277,1715862801.506,1715862801.783
1.096,1715862802.804,1715862803.900
0.056,1715862804.926,1715862804.982
0.036,1715862806.007,1715862806.043
0.051,1715862807.275,1715862807.326
0.068,1715862808.353,1715862808.421
0.051,1715862809.656,1715862809.708
0.063,1715862810.733,1715862810.796
0.032,1715862811.818,1715862811.850
0.063,1715862812.872,1715862812.936
0.079,1715862813.956,1715862814.035
0.035,1715862815.065,1715862815.101
0.046,1715862816.131,1715862816.177
2.055,1715862817.423,1715862819.479
0.048,1715862820.731,1715862820.779
0.041,1715862821.799,1715862821.841
1.094,1715862822.871,1715862823.965
0.051,1715862824.991,1715862825.042
0.057,1715862826.072,1715862826.129
0.051,1715862827.151,1715862827.202
0.046,1715862828.227,1715862828.273
0.031,1715862829.294,1715862829.325
0.074,1715862830.348,1715862830.423
0.067,1715862831.448,1715862831.515
0.049,1715862832.532,1715862832.581
0.055,1715862833.603,1715862833.659
0.063,1715862834.678,1715862834.741
0.115,1715862835.767,1715862835.882
0.285,1715862836.925,1715862837.210
0.056,1715862838.247,1715862838.304
1.910,1715862839.329,1715862841.240
0.059,1715862842.272,1715862842.330
0.078,1715862843.350,1715862843.428
0.047,1715862844.676,1715862844.723
0.304,1715862845.748,1715862846.052
1.051,1715862847.082,1715862848.133
0.047,1715862849.156,1715862849.203
1.088,1715862850.229,1715862851.316
1.055,1715862852.337,1715862853.393
0.076,1715862854.416,1715862854.491
0.358,1715862855.517,1715862855.875
0.071,1715862856.903,1715862856.975
0.192,1715862858.011,1715862858.203
0.053,1715862859.229,1715862859.282
1.063,1715862860.333,1715862861.396
0.059,1715862862.421,1715862862.480
1.077,1715862863.508,1715862864.586
0.065,1715862865.827,1715862865.892
0.051,1715862866.917,1715862866.968
0.137,1715862867.987,1715862868.124
0.434,1715862869.152,1715862869.586
0.062,1715862870.667,1715862870.729
0.042,1715862871.748,1715862871.790
0.066,1715862872.820,1715862872.886
1.065,1715862873.916,1715862874.980
0.031,1715862876.013,1715862876.044
0.041,1715862877.065,1715862877.106
1.090,1715862878.131,1715862879.220
0.038,1715862880.240,1715862880.277
0.266,1715862881.302,1715862881.568
0.041,1715862882.598,1715862882.639
0.057,1715862883.664,1715862883.720
0.079,1715862884.747,1715862884.826
0.045,1715862885.851,1715862885.895
0.053,1715862886.925,1715862886.978
0.062,1715862888.003,1715862888.065
0.050,1715862889.085,1715862889.135
1.094,1715862890.160,1715862891.254
0.087,1715862892.293,1715862892.380
0.275,1715862893.410,1715862893.685
0.230,1715862894.726,1715862894.956
0.128,1715862895.989,1715862896.117
1.065,1715862897.147,1715862898.212
0.045,1715862899.457,1715862899.501
0.063,1715862900.525,1715862900.588
6.886,1715862901.627,1715862908.513
0.057,1715862908.657,1715862908.715
0.047,1715862909.949,1715862909.996
0.055,1715862911.015,1715862911.070
0.046,1715862912.310,1715862912.356
0.067,1715862913.388,1715862913.455
1.076,1715862914.472,1715862915.548
0.058,1715862916.574,1715862916.632
0.037,1715862917.651,1715862917.688
0.065,1715862918.710,1715862918.774
1.063,1715862919.806,1715862920.869
0.075,1715862921.897,1715862921.972
0.042,1715862922.996,1715862923.038
0.042,1715862924.067,1715862924.109
0.062,1715862925.133,1715862925.196
0.272,1715862926.224,1715862926.496
0.059,1715862927.516,1715862927.575
0.072,1715862928.598,1715862928.670
0.032,1715862929.689,1715862929.721
0.079,1715862930.750,1715862930.829
0.275,1715862931.858,1715862932.132
0.074,1715862933.148,1715862933.222
0.037,1715862934.251,1715862934.288
0.265,1715862935.317,1715862935.582
0.057,1715862936.606,1715862936.663
1.062,1715862937.898,1715862938.960
0.060,1715862939.982,1715862940.041
1.046,1715862941.065,1715862942.112
1.074,1715862943.136,1715862944.210
0.059,1715862945.232,1715862945.291
0.038,1715862946.324,1715862946.362
0.275,1715862947.392,1715862947.667
0.032,1715862948.696,1715862948.728
0.054,1715862949.752,1715862949.805
0.033,1715862950.833,1715862950.865
0.051,1715862951.898,1715862951.949
0.057,1715862952.951,1715862953.008
0.054,1715862954.257,1715862954.311
0.058,1715862955.561,1715862955.619
1.074,1715862956.643,1715862957.717
0.076,1715862958.748,1715862958.824
1.084,1715862959.843,1715862960.927
0.060,1715862962.183,1715862962.243
0.033,1715862963.266,1715862963.299
0.058,1715862964.328,1715862964.385
0.049,1715862965.409,1715862965.457
0.059,1715862966.494,1715862966.552
0.053,1715862967.793,1715862967.847
0.053,1715862968.866,1715862968.919
0.052,1715862969.950,1715862970.002
0.064,1715862971.036,1715862971.100
0.075,1715862972.123,1715862972.198
0.059,1715862973.221,1715862973.280
1.083,1715862974.298,1715862975.381
2.104,1715862976.405,1715862978.509
0.058,1715862979.538,1715862979.596
0.074,1715862980.614,1715862980.688
0.279,1715862981.717,1715862981.995
1.063,1715862983.232,1715862984.295
0.038,1715862985.535,1715862985.572
0.063,1715862986.601,1715862986.663
0.054,1715862987.692,1715862987.745
0.048,1715862988.774,1715862988.822
2.074,1715862989.840,1715862991.915
0.053,1715862992.933,1715862992.985
1.060,1715862994.003,1715862995.063
0.050,1715862996.081,1715862996.131
0.044,1715862997.160,1715862997.204
0.043,1715862998.236,1715862998.279
1.069,1715862999.525,1715863000.594
0.059,1715863001.617,1715863001.676
3.499,1715863002.704,1715863006.203
1.073,1715863007.226,1715863008.299
0.068,1715863009.320,1715863009.389
0.038,1715863010.410,1715863010.448
0.065,1715863011.471,1715863011.536
0.048,1715863012.568,1715863012.617
0.273,1715863013.640,1715863013.913
0.063,1715863014.942,1715863015.005
0.065,1715863016.038,1715863016.103
0.046,1715863017.124,1715863017.170
0.048,1715863018.419,1715863018.467
0.073,1715863019.482,1715863019.555
0.049,1715863020.583,1715863020.631
0.079,1715863021.666,1715863021.745
0.043,1715863022.761,1715863022.804
0.044,1715863023.827,1715863023.871
2.095,1715863024.901,1715863026.996
0.044,1715863028.028,1715863028.072
0.059,1715863029.094,1715863029.153
0.044,1715863030.170,1715863030.214
0.059,1715863031.237,1715863031.296
0.039,1715863032.324,1715863032.362
0.044,1715863033.394,1715863033.438
0.281,1715863034.466,1715863034.747
2.095,1715863035.775,1715863037.870
0.045,1715863038.898,1715863038.943
0.064,1715863039.968,1715863040.032
0.049,1715863041.050,1715863041.099
0.042,1715863042.117,1715863042.159
0.044,1715863043.174,1715863043.218
0.054,1715863044.255,1715863044.309
0.053,1715863045.342,1715863045.396
0.284,1715863046.428,1715863046.713
0.055,1715863047.953,1715863048.008
0.059,1715863049.238,1715863049.297
0.040,1715863050.537,1715863050.578
0.069,1715863051.592,1715863051.661
0.059,1715863052.686,1715863052.746
0.080,1715863053.769,1715863053.848
0.045,1715863054.866,1715863054.910
0.044,1715863055.928,1715863055.972
0.271,1715863057.004,1715863057.275
1.051,1715863058.512,1715863059.563
0.045,1715863060.580,1715863060.625
0.045,1715863061.640,1715863061.685
0.090,1715863062.924,1715863063.014
0.075,1715863064.037,1715863064.112
0.045,1715863065.127,1715863065.172
0.262,1715863066.190,1715863066.451
0.061,1715863067.474,1715863067.535
0.059,1715863068.555,1715863068.614
0.065,1715863069.633,1715863069.698
1.059,1715863070.928,1715863071.987
1.043,1715863073.006,1715863074.049
0.065,1715863075.072,1715863075.137
0.860,1715863076.159,1715863077.018
0.050,1715863078.476,1715863078.526
0.076,1715863079.553,1715863079.629
0.085,1715863080.648,1715863080.733
1.069,1715863081.756,1715863082.825
0.065,1715863083.842,1715863083.907
0.042,1715863084.928,1715863084.969
0.054,1715863085.994,1715863086.048
0.050,1715863087.065,1715863087.116
3.666,1715863088.144,1715863091.810
0.060,1715863092.824,1715863092.884
0.050,1715863093.906,1715863093.956
0.040,1715863094.970,1715863095.010
0.289,1715863096.037,1715863096.325
0.059,1715863097.356,1715863097.415
0.069,1715863098.439,1715863098.508
3.553,1715863099.525,1715863103.078
0.059,1715863104.100,1715863104.159
0.059,1715863105.177,1715863105.235
0.071,1715863106.262,1715863106.333
1.079,1715863107.352,1715863108.431
0.057,1715863109.456,1715863109.514
0.043,1715863110.541,1715863110.584
1.083,1715863111.836,1715863112.918
0.051,1715863113.945,1715863113.996
1.062,1715863115.240,1715863116.301
2.080,1715863117.323,1715863119.403
0.040,1715863120.435,1715863120.475
0.055,1715863121.508,1715863121.564
0.069,1715863122.590,1715863122.660
0.267,1715863123.677,1715863123.943
0.057,1715863124.966,1715863125.023
0.038,1715863126.045,1715863126.083
0.039,1715863127.110,1715863127.149
0.066,1715863128.387,1715863128.453
0.064,1715863129.480,1715863129.543
0.069,1715863130.571,1715863130.640
0.067,1715863131.661,1715863131.729
0.071,1715863132.745,1715863132.817
0.273,1715863133.839,1715863134.112
0.055,1715863135.134,1715863135.189
1.061,1715863136.432,1715863137.493
0.069,1715863138.508,1715863138.577
0.069,1715863139.602,1715863139.671
0.055,1715863140.698,1715863140.753
1.064,1715863141.769,1715863142.833
0.042,1715863143.864,1715863143.906
1.078,1715863145.148,1715863146.226
1.058,1715863147.243,1715863148.300
1.090,1715863149.337,1715863150.428
1.068,1715863151.449,1715863152.517
0.050,1715863153.538,1715863153.588
0.060,1715863154.619,1715863154.679
0.061,1715863155.702,1715863155.763
0.055,1715863156.779,1715863156.834
0.075,1715863157.856,1715863157.931
0.069,1715863158.952,1715863159.022
0.040,1715863160.038,1715863160.078
0.064,1715863161.104,1715863161.169
1.230,1715863162.190,1715863163.420
0.277,1715863164.446,1715863164.724
1.076,1715863165.750,1715863166.827
0.045,1715863167.848,1715863167.893
1.054,1715863168.906,1715863169.960
0.050,1715863170.979,1715863171.029
0.081,1715863172.052,1715863172.132
0.069,1715863173.160,1715863173.229
0.046,1715863174.471,1715863174.517
0.055,1715863175.541,1715863175.595
0.059,1715863176.618,1715863176.678
0.272,1715863177.704,1715863177.976
0.055,1715863178.997,1715863179.053
1.064,1715863180.079,1715863181.143
1.052,1715863182.169,1715863183.221
3.436,1715863184.221,1715863187.657
0.076,1715863188.680,1715863188.757
0.081,1715863189.773,1715863189.854
0.062,1715863190.875,1715863190.936
0.050,1715863191.965,1715863192.015
0.049,1715863193.037,1715863193.085
0.051,1715863194.117,1715863194.167
0.072,1715863195.173,1715863195.245
0.065,1715863196.267,1715863196.332
0.060,1715863197.356,1715863197.416
0.051,1715863198.432,1715863198.483
0.051,1715863199.731,1715863199.782
0.075,1715863200.803,1715863200.878
0.055,1715863201.904,1715863201.959
0.051,1715863202.980,1715863203.031
0.045,1715863204.056,1715863204.101
0.065,1715863205.141,1715863205.206
0.050,1715863206.232,1715863206.282
0.046,1715863207.313,1715863207.358
0.051,1715863208.376,1715863208.427
0.061,1715863209.440,1715863209.501
0.051,1715863210.739,1715863210.790
1.073,1715863211.806,1715863212.879
0.070,1715863214.126,1715863214.195
0.070,1715863215.216,1715863215.286
0.054,1715863216.304,1715863216.358
0.058,1715863217.374,1715863217.432
0.044,1715863218.457,1715863218.501
0.061,1715863219.521,1715863219.582
0.050,1715863220.598,1715863220.648
0.051,1715863221.667,1715863221.718
0.066,1715863222.742,1715863222.808
0.278,1715863223.832,1715863224.110
0.043,1715863225.131,1715863225.173
0.060,1715863226.188,1715863226.247
0.058,1715863227.263,1715863227.321
0.078,1715863228.345,1715863228.423
0.279,1715863229.444,1715863229.723
0.084,1715863230.744,1715863230.828
1.075,1715863231.854,1715863232.929
0.267,1715863233.955,1715863234.222
0.056,1715863235.240,1715863235.296
0.047,1715863236.322,1715863236.369
1.086,1715863237.401,1715863238.488
0.046,1715863239.508,1715863239.554
0.057,1715863240.575,1715863240.632
0.051,1715863241.646,1715863241.697
2.076,1715863242.728,1715863244.804
0.051,1715863245.820,1715863245.871
0.276,1715863246.899,1715863247.175
0.062,1715863248.188,1715863248.250
0.060,1715863249.266,1715863249.326
0.082,1715863250.575,1715863250.657
0.081,1715863251.675,1715863251.757
0.050,1715863252.772,1715863252.823
2.092,1715863253.857,1715863255.949
0.045,1715863256.972,1715863257.017
0.076,1715863258.025,1715863258.101
0.272,1715863259.128,1715863259.400
1.082,1715863260.416,1715863261.498
0.278,1715863262.527,1715863262.805
0.045,1715863263.831,1715863263.876
0.061,1715863265.114,1715863265.176
0.056,1715863266.193,1715863266.249
0.067,1715863267.275,1715863267.342
0.046,1715863268.367,1715863268.413
0.052,1715863269.439,1715863269.490
2.073,1715863270.511,1715863272.584
0.062,1715863273.604,1715863273.666
0.076,1715863274.894,1715863274.970
0.046,1715863275.996,1715863276.042
1.076,1715863277.062,1715863278.138
0.068,1715863279.164,1715863279.232
1.076,1715863280.253,1715863281.329
0.060,1715863282.347,1715863282.408
0.081,1715863283.436,1715863283.517
1.088,1715863284.538,1715863285.626
0.067,1715863286.642,1715863286.709
0.057,1715863287.732,1715863287.790
1.061,1715863289.023,1715863290.084
0.046,1715863291.096,1715863291.141
0.035,1715863292.168,1715863292.203
0.077,1715863293.442,1715863293.519
0.054,1715863294.895,1715863294.948
0.040,1715863295.969,1715863296.009
4.701,1715863297.035,1715863301.736
0.047,1715863302.758,1715863302.805
0.051,1715863303.826,1715863303.877
0.058,1715863304.897,1715863304.955
2.342,1715863305.976,1715863308.318
0.056,1715863309.350,1715863309.406
0.046,1715863310.424,1715863310.470
1.081,1715863311.490,1715863312.571
1.082,1715863313.588,1715863314.670
1.058,1715863315.685,1715863316.744
0.076,1715863317.772,1715863317.848
0.066,1715863319.290,1715863319.356
0.052,1715863320.381,1715863320.433
0.056,1715863321.453,1715863321.510
0.075,1715863322.529,1715863322.605
0.072,1715863323.631,1715863323.703
0.064,1715863324.723,1715863324.787
3.125,1715863325.812,1715863328.937
1.089,1715863329.957,1715863331.047
0.041,1715863332.062,1715863332.104
0.284,1715863333.124,1715863333.407
0.046,1715863334.427,1715863334.474
1.080,1715863335.489,1715863336.569
0.042,1715863337.584,1715863337.627
0.058,1715863338.648,1715863338.706
1.059,1715863339.718,1715863340.777
0.074,1715863342.011,1715863342.085
0.061,1715863343.327,1715863343.388
0.274,1715863344.402,1715863344.676
0.068,1715863345.694,1715863345.762
0.077,1715863346.786,1715863346.862
1.072,1715863347.881,1715863348.953
1.055,1715863349.968,1715863351.023
0.051,1715863352.267,1715863352.318
0.278,1715863353.569,1715863353.847
0.063,1715863354.872,1715863354.935
0.072,1715863355.959,1715863356.031
0.067,1715863357.046,1715863357.113
0.050,1715863358.128,1715863358.178
0.085,1715863359.203,1715863359.288
0.055,1715863360.308,1715863360.363
0.060,1715863361.393,1715863361.453
0.043,1715863362.459,1715863362.501
0.080,1715863363.530,1715863363.610
0.048,1715863364.630,1715863364.678
2.082,1715863365.703,1715863367.785
0.058,1715863368.800,1715863368.858
0.046,1715863369.870,1715863369.916
1.061,1715863370.933,1715863371.993
1.044,1715863373.008,1715863374.053
3.650,1715863375.087,1715863378.736
0.053,1715863379.749,1715863379.801
0.052,1715863380.817,1715863380.869
0.083,1715863381.889,1715863381.972
3.136,1715863382.997,1715863386.133
0.044,1715863387.602,1715863387.647
0.053,1715863388.658,1715863388.711
0.044,1715863389.741,1715863389.785
0.057,1715863390.804,1715863390.861
0.275,1715863391.881,1715863392.156
0.052,1715863393.167,1715863393.220
1.065,1715863394.238,1715863395.304
0.067,1715863396.318,1715863396.386
0.051,1715863397.405,1715863397.457
0.067,1715863398.472,1715863398.539
0.051,1715863399.559,1715863399.609
0.048,1715863400.621,1715863400.669
0.062,1715863401.684,1715863401.746
0.079,1715863402.768,1715863402.847
0.072,1715863403.868,1715863403.941
0.058,1715863405.194,1715863405.252
1.068,1715863406.274,1715863407.342
0.063,1715863408.362,1715863408.425
1.073,1715863409.443,1715863410.516
0.072,1715863411.540,1715863411.612
0.067,1715863412.626,1715863412.693
0.057,1715863413.713,1715863413.770
0.044,1715863414.795,1715863414.839
0.273,1715863415.856,1715863416.130
1.069,1715863417.149,1715863418.219
0.042,1715863419.243,1715863419.285
0.058,1715863420.530,1715863420.588
1.071,1715863421.608,1715863422.679
0.082,1715863423.698,1715863423.780
0.052,1715863424.795,1715863424.847
0.057,1715863425.872,1715863425.929
0.053,1715863426.949,1715863427.002
0.056,1715863428.023,1715863428.079
0.047,1715863429.099,1715863429.146
0.067,1715863430.170,1715863430.237
0.067,1715863431.257,1715863431.324
0.292,1715863432.349,1715863432.641
0.058,1715863433.663,1715863433.721
0.057,1715863434.745,1715863434.802
0.068,1715863435.827,1715863435.895
0.071,1715863436.909,1715863436.979
0.063,1715863438.000,1715863438.063
0.041,1715863439.095,1715863439.137
0.058,1715863440.161,1715863440.219
0.042,1715863441.245,1715863441.287
0.057,1715863442.312,1715863442.369
1.073,1715863443.385,1715863444.457
1.056,1715863445.682,1715863446.738
1.074,1715863447.754,1715863448.828
1.079,1715863449.861,1715863450.940
0.072,1715863452.201,1715863452.273
0.057,1715863453.287,1715863453.344
0.053,1715863454.368,1715863454.421
0.087,1715863455.454,1715863455.541
0.047,1715863456.555,1715863456.602
0.059,1715863457.629,1715863457.688
0.067,1715863458.712,1715863458.780
1.056,1715863459.794,1715863460.850
0.056,1715863461.877,1715863461.934
1.067,1715863462.966,1715863464.033
0.078,1715863465.052,1715863465.130
1.063,1715863466.149,1715863467.211
0.058,1715863468.239,1715863468.297
0.072,1715863469.316,1715863469.388
0.050,1715863470.412,1715863470.462
0.059,1715863471.473,1715863471.531
1.061,1715863472.552,1715863473.614
0.067,1715863474.656,1715863474.723
0.065,1715863475.754,1715863475.819
0.064,1715863476.839,1715863476.902
0.062,1715863477.926,1715863477.988
0.282,1715863479.002,1715863479.284
0.077,1715863480.304,1715863480.380
0.278,1715863481.399,1715863481.678
0.289,1715863482.696,1715863482.985
0.087,1715863484.000,1715863484.087
0.277,1715863485.098,1715863485.374
1.084,1715863486.392,1715863487.476
0.042,1715863488.500,1715863488.542
0.058,1715863489.552,1715863489.610
0.062,1715863490.629,1715863490.691
0.068,1715863491.932,1715863492.000
0.280,1715863493.020,1715863493.300
0.048,1715863494.313,1715863494.360
0.063,1715863495.385,1715863495.448
0.041,1715863496.677,1715863496.718
0.054,1715863497.737,1715863497.790
0.039,1715863498.815,1715863498.854
1.073,1715863499.877,1715863500.950
0.052,1715863501.969,1715863502.021
0.060,1715863503.045,1715863503.105
0.284,1715863504.124,1715863504.407
0.073,1715863505.431,1715863505.505
1.091,1715863506.524,1715863507.614
0.048,1715863508.634,1715863508.682
0.052,1715863509.698,1715863509.751
0.068,1715863510.977,1715863511.045
0.057,1715863512.070,1715863512.126
0.043,1715863513.151,1715863513.193
0.058,1715863514.212,1715863514.270
0.048,1715863515.284,1715863515.331
0.284,1715863516.342,1715863516.626
0.275,1715863517.650,1715863517.925
0.053,1715863518.949,1715863519.002
0.170,1715863520.025,1715863520.195
0.059,1715863521.222,1715863521.281
0.045,1715863522.300,1715863522.345
0.057,1715863523.369,1715863523.426
0.043,1715863524.445,1715863524.487
1.068,1715863525.512,1715863526.580
1.285,1715863527.597,1715863528.882
0.053,1715863529.892,1715863529.946
0.295,1715863530.970,1715863531.265
0.063,1715863532.284,1715863532.347
1.057,1715863533.358,1715863534.416
0.067,1715863535.439,1715863535.506
0.061,1715863536.525,1715863536.586
0.049,1715863537.608,1715863537.658
1.085,1715863538.681,1715863539.767
2.099,1715863540.780,1715863542.879
0.047,1715863543.898,1715863543.946
1.311,1715863545.180,1715863546.491
0.053,1715863547.505,1715863547.558
0.044,1715863548.577,1715863548.621
0.048,1715863549.642,1715863549.690
0.063,1715863550.713,1715863550.777
0.053,1715863551.793,1715863551.847
0.058,1715863553.089,1715863553.147
0.048,1715863554.165,1715863554.214
0.044,1715863555.240,1715863555.285
6.393,1715863556.525,1715863562.918
0.051,1715863563.550,1715863563.602
0.055,1715863564.621,1715863564.676
0.048,1715863565.690,1715863565.738
0.069,1715863566.752,1715863566.820
0.061,1715863567.839,1715863567.900
0.063,1715863568.919,1715863568.982
0.060,1715863570.001,1715863570.061
3.653,1715863571.084,1715863574.737
0.065,1715863575.762,1715863575.826
0.266,1715863576.850,1715863577.116
0.063,1715863578.127,1715863578.189
0.048,1715863579.213,1715863579.261
1.091,1715863580.275,1715863581.366
2.103,1715863582.388,1715863584.491
0.048,1715863585.509,1715863585.558
0.056,1715863586.584,1715863586.640
0.053,1715863587.664,1715863587.717
1.070,1715863588.735,1715863589.805
2.116,1715863590.818,1715863592.934
0.054,1715863593.958,1715863594.012
0.050,1715863595.036,1715863595.086
1.286,1715863596.109,1715863597.395
0.060,1715863598.418,1715863598.478
0.043,1715863599.499,1715863599.542
0.296,1715863600.563,1715863600.858
1.382,1715863601.882,1715863603.264
0.047,1715863604.283,1715863604.330
1.072,1715863605.354,1715863606.427
0.070,1715863607.672,1715863607.742
0.075,1715863608.757,1715863608.831
0.054,1715863609.855,1715863609.909
0.045,1715863610.928,1715863610.973
0.058,1715863611.996,1715863612.054
0.047,1715863613.073,1715863613.120
1.098,1715863614.140,1715863615.239
0.047,1715863616.476,1715863616.523
0.054,1715863617.541,1715863617.596
1.082,1715863618.620,1715863619.702
1.066,1715863620.715,1715863621.781
3.341,1715863622.800,1715863626.142
5.135,1715863627.155,1715863632.290
0.058,1715863633.181,1715863633.239
1.066,1715863634.257,1715863635.322
0.039,1715863636.568,1715863636.607
0.049,1715863637.630,1715863637.679
0.049,1715863638.701,1715863638.750
0.045,1715863639.773,1715863639.818
0.065,1715863640.828,1715863640.893
1.070,1715863641.916,1715863642.986
0.048,1715863644.021,1715863644.069
0.053,1715863645.082,1715863645.136
1.060,1715863646.156,1715863647.216
0.063,1715863648.243,1715863648.306
0.063,1715863649.330,1715863649.393
0.043,1715863650.411,1715863650.455
0.049,1715863651.478,1715863651.527
2.075,1715863652.542,1715863654.617
0.053,1715863655.627,1715863655.681
0.079,1715863656.699,1715863656.778
0.292,1715863657.796,1715863658.088
0.054,1715863659.101,1715863659.155
0.079,1715863660.173,1715863660.252
0.059,1715863661.280,1715863661.339
0.045,1715863662.354,1715863662.398
0.063,1715863663.421,1715863663.485
0.053,1715863664.508,1715863664.561
0.048,1715863665.805,1715863665.853
0.054,1715863666.879,1715863666.933
0.059,1715863667.950,1715863668.009
0.058,1715863669.032,1715863669.090
0.061,1715863670.324,1715863670.385
0.068,1715863671.647,1715863671.715
1.066,1715863672.738,1715863673.804
0.273,1715863674.819,1715863675.092
0.054,1715863676.107,1715863676.161
1.075,1715863677.175,1715863678.250
0.059,1715863679.267,1715863679.326
0.038,1715863680.562,1715863680.600
0.049,1715863681.625,1715863681.674
0.059,1715863682.690,1715863682.749
4.263,1715863683.770,1715863688.033
0.078,1715863689.064,1715863689.142
0.069,1715863690.155,1715863690.223
0.095,1715863691.233,1715863691.327
0.086,1715863692.340,1715863692.426
0.054,1715863693.438,1715863693.492
0.062,1715863694.725,1715863694.787
0.068,1715863695.812,1715863695.880
0.269,1715863696.900,1715863697.168
0.055,1715863698.187,1715863698.242
1.075,1715863699.480,1715863700.555
0.054,1715863701.573,1715863701.626
0.044,1715863702.639,1715863702.683
1.082,1715863703.703,1715863704.786
0.283,1715863705.800,1715863706.084
0.301,1715863707.101,1715863707.402
0.279,1715863709.852,1715863710.130
0.059,1715863711.150,1715863711.209
0.063,1715863712.232,1715863712.295
0.294,1715863713.538,1715863713.832
0.273,1715863715.079,1715863715.352
0.286,1715863716.370,1715863716.656
0.055,1715863717.665,1715863717.721
0.083,1715863718.743,1715863718.827
0.050,1715863719.839,1715863719.889
1.069,1715863721.123,1715863722.192
0.079,1715863723.209,1715863723.288
2.089,1715863724.305,1715863726.395
0.074,1715863727.414,1715863727.488
0.074,1715863728.501,1715863728.574
0.043,1715863729.591,1715863729.634
0.059,1715863730.868,1715863730.926
0.057,1715863731.944,1715863732.001
0.048,1715863733.014,1715863733.062
0.063,1715863734.298,1715863734.362
0.059,1715863735.379,1715863735.438
2.166,1715863736.457,1715863738.623
0.064,1715863739.825,1715863739.889
1.077,1715863740.904,1715863741.982
0.054,1715863743.004,1715863743.058
1.419,1715863744.081,1715863745.500
0.274,1715863746.518,1715863746.791
0.072,1715863747.809,1715863747.881
0.059,1715863748.894,1715863748.952
0.061,1715863749.973,1715863750.034
1.076,1715863751.050,1715863752.126
