delay,send_time,receive_time,data_length
0.127,1716456698.359,1716456698.486,1000
-0.035,1716456699.363,1716456699.328,1000
-0.032,1716456700.367,1716456700.335,1000
-0.031,1716456701.371,1716456701.340,1000
-0.029,1716456702.375,1716456702.346,1000
-0.036,1716456703.379,1716456703.343,1000
-0.035,1716456704.383,1716456704.348,1000
-0.035,1716456705.387,1716456705.352,1000
-0.032,1716456706.391,1716456706.359,1000
-0.030,1716456707.394,1716456707.364,1000
-0.033,1716456708.398,1716456708.365,1000
-0.037,1716456709.402,1716456709.365,1000
-0.036,1716456710.406,1716456710.370,1000
-0.040,1716456711.410,1716456711.370,1000
-0.031,1716456712.413,1716456712.382,1000
-0.035,1716456713.417,1716456713.382,1000
-0.030,1716456714.421,1716456714.391,1000
-0.032,1716456715.425,1716456715.393,1000
-0.035,1716456716.428,1716456716.393,1000
-0.035,1716456717.432,1716456717.397,1000
-0.037,1716456718.436,1716456718.399,1000
-0.031,1716456719.439,1716456719.408,1000
-0.031,1716456720.443,1716456720.412,1000
-0.038,1716456721.447,1716456721.409,1000
-0.034,1716456722.450,1716456722.416,1000
-0.037,1716456723.454,1716456723.417,1000
-0.038,1716456724.458,1716456724.420,1000
-0.030,1716456725.461,1716456725.431,1000
-0.030,1716456726.465,1716456726.435,1000
-0.021,1716456727.469,1716456727.448,1000
-0.026,1716456728.473,1716456728.447,1000
-0.029,1716456729.476,1716456729.447,1000
-0.028,1716456730.480,1716456730.452,1000
-0.023,1716456731.483,1716456731.460,1000
-0.022,1716456732.487,1716456732.465,1000
-0.015,1716456733.491,1716456733.476,1000
-0.028,1716456734.494,1716456734.466,1000
-0.023,1716456735.498,1716456735.475,1000
-0.020,1716456736.502,1716456736.482,1000
-0.015,1716456737.505,1716456737.490,1000
-0.012,1716456738.509,1716456738.497,1000
-0.018,1716456739.513,1716456739.495,1000
-0.017,1716456740.516,1716456740.499,1000
-0.010,1716456741.520,1716456741.510,1000
-0.011,1716456742.524,1716456742.513,1000
-0.010,1716456743.527,1716456743.517,1000
-0.010,1716456744.531,1716456744.521,1000
-0.002,1716456745.535,1716456745.533,1000
-0.013,1716456746.539,1716456746.526,1000
-0.012,1716456747.542,1716456747.530,1000
-0.011,1716456748.546,1716456748.535,1000
-0.002,1716456749.549,1716456749.547,1000
-0.005,1716456750.553,1716456750.548,1000
-0.009,1716456751.557,1716456751.548,1000
-0.004,1716456752.560,1716456752.556,1000
-0.008,1716456753.564,1716456753.556,1000
-0.002,1716456754.568,1716456754.566,1000
-0.002,1716456755.571,1716456755.569,1000
-0.001,1716456756.575,1716456756.574,1000
0.006,1716456757.578,1716456757.584,1000
-0.006,1716456758.582,1716456758.576,1000
-0.004,1716456759.586,1716456759.582,1000
0.006,1716456760.590,1716456760.596,1000
0.026,1716456761.593,1716456761.619,1000
-0.003,1716456762.597,1716456762.594,1000
-0.004,1716456763.600,1716456763.596,1000
0.011,1716456764.604,1716456764.615,1000
-0.003,1716456765.608,1716456765.605,1000
0.003,1716456766.611,1716456766.614,1000
0.004,1716456767.615,1716456767.619,1000
0.003,1716456768.618,1716456768.621,1000
-0.003,1716456769.622,1716456769.619,1000
-0.003,1716456770.626,1716456770.623,1000
-0.000,1716456771.629,1716456771.629,1000
-0.000,1716456772.633,1716456772.633,1000
-0.001,1716456773.636,1716456773.635,1000
0.002,1716456774.640,1716456774.642,1000
0.005,1716456775.644,1716456775.649,1000
-0.002,1716456776.647,1716456776.645,1000
-0.003,1716456777.651,1716456777.648,1000
-0.003,1716456778.655,1716456778.652,1000
-0.005,1716456779.658,1716456779.653,1000
0.004,1716456780.662,1716456780.666,1000
0.004,1716456781.666,1716456781.670,1000
0.031,1716456782.669,1716456782.700,1000
-0.001,1716456783.673,1716456783.672,1000
0.028,1716456784.677,1716456784.705,1000
0.018,1716456785.680,1716456785.698,1000
0.004,1716456786.684,1716456786.688,1000
0.016,1716456787.687,1716456787.703,1000
-0.001,1716456788.691,1716456788.690,1000
0.000,1716456789.695,1716456789.695,1000
0.001,1716456790.698,1716456790.699,1000
0.004,1716456791.702,1716456791.706,1000
0.004,1716456792.706,1716456792.710,1000
0.003,1716456793.709,1716456793.712,1000
-0.001,1716456794.713,1716456794.712,1000
0.006,1716456795.717,1716456795.723,1000
0.001,1716456796.720,1716456796.721,1000
0.004,1716456797.724,1716456797.728,1000
0.009,1716456798.727,1716456798.736,1000
0.000,1716456799.731,1716456799.731,1000
-0.000,1716456800.735,1716456800.735,1000
0.001,1716456801.739,1716456801.740,1000
-0.000,1716456802.742,1716456802.742,1000
0.003,1716456803.746,1716456803.749,1000
0.003,1716456804.750,1716456804.753,1000
0.004,1716456805.753,1716456805.757,1000
0.004,1716456806.757,1716456806.761,1000
0.004,1716456807.761,1716456807.765,1000
0.003,1716456808.764,1716456808.767,1000
0.004,1716456809.768,1716456809.772,1000
-0.002,1716456810.772,1716456810.770,1000
-0.002,1716456811.775,1716456811.773,1000
-0.002,1716456812.779,1716456812.777,1000
0.005,1716456813.783,1716456813.788,1000
0.002,1716456814.786,1716456814.788,1000
0.002,1716456815.790,1716456815.792,1000
-0.002,1716456816.793,1716456816.791,1000
-0.002,1716456817.797,1716456817.795,1000
-0.001,1716456818.801,1716456818.800,1000
-0.001,1716456819.805,1716456819.804,1000
0.001,1716456820.808,1716456820.809,1000
-0.005,1716456821.812,1716456821.807,1000
-0.004,1716456822.815,1716456822.811,1000
-0.002,1716456823.819,1716456823.817,1000
-0.005,1716456824.823,1716456824.818,1000
-0.000,1716456825.826,1716456825.826,1000
-0.000,1716456826.830,1716456826.830,1000
-0.007,1716456827.834,1716456827.827,1000
-0.004,1716456828.837,1716456828.833,1000
-0.006,1716456829.841,1716456829.835,1000
-0.008,1716456830.845,1716456830.837,1000
-0.005,1716456831.848,1716456831.843,1000
-0.003,1716456832.852,1716456832.849,1000
-0.005,1716456833.856,1716456833.851,1000
-0.007,1716456834.859,1716456834.852,1000
-0.005,1716456835.863,1716456835.858,1000
-0.008,1716456836.867,1716456836.859,1000
-0.004,1716456837.871,1716456837.867,1000
-0.006,1716456838.874,1716456838.868,1000
-0.012,1716456839.878,1716456839.866,1000
-0.001,1716456840.882,1716456840.881,1000
-0.009,1716456841.885,1716456841.876,1000
-0.003,1716456842.889,1716456842.886,1000
-0.006,1716456843.893,1716456843.887,1000
-0.010,1716456844.897,1716456844.887,1000
-0.008,1716456845.900,1716456845.892,1000
-0.009,1716456846.904,1716456846.895,1000
-0.006,1716456847.908,1716456847.902,1000
-0.003,1716456848.911,1716456848.908,1000
-0.004,1716456849.915,1716456849.911,1000
-0.010,1716456850.919,1716456850.909,1000
-0.012,1716456851.923,1716456851.911,1000
-0.016,1716456852.926,1716456852.910,1000
-0.003,1716456853.930,1716456853.927,1000
-0.008,1716456854.934,1716456854.926,1000
-0.007,1716456855.937,1716456855.930,1000
-0.013,1716456856.941,1716456856.928,1000
-0.018,1716456857.945,1716456857.927,1000
-0.010,1716456858.949,1716456858.939,1000
-0.010,1716456859.952,1716456859.942,1000
-0.010,1716456860.956,1716456860.946,1000
-0.019,1716456861.960,1716456861.941,1000
-0.015,1716456862.963,1716456862.948,1000
-0.012,1716456863.967,1716456863.955,1000
-0.011,1716456864.971,1716456864.960,1000
-0.010,1716456865.974,1716456865.964,1000
-0.012,1716456866.978,1716456866.966,1000
-0.012,1716456867.982,1716456867.970,1000
-0.013,1716456868.985,1716456868.972,1000
-0.018,1716456869.989,1716456869.971,1000
-0.015,1716456870.993,1716456870.978,1000
-0.014,1716456871.996,1716456871.982,1000
-0.014,1716456873.000,1716456872.986,1000
-0.012,1716456874.004,1716456873.992,1000
-0.020,1716456875.007,1716456874.987,1000
-0.015,1716456876.011,1716456875.996,1000
-0.026,1716456877.015,1716456876.989,1000
-0.021,1716456878.019,1716456877.998,1000
-0.017,1716456879.022,1716456879.005,1000
-0.021,1716456880.026,1716456880.005,1000
-0.025,1716456881.030,1716456881.005,1000
-0.024,1716456882.034,1716456882.010,1000
-0.022,1716456883.037,1716456883.015,1000
-0.019,1716456884.041,1716456884.022,1000
-0.027,1716456885.045,1716456885.018,1000
-0.027,1716456886.049,1716456886.022,1000
-0.023,1716456887.052,1716456887.029,1000
-0.030,1716456888.056,1716456888.026,1000
-0.025,1716456889.060,1716456889.035,1000
-0.030,1716456890.064,1716456890.034,1000
-0.029,1716456891.067,1716456891.038,1000
-0.029,1716456892.071,1716456892.042,1000
-0.023,1716456893.075,1716456893.052,1000
-0.029,1716456894.079,1716456894.050,1000
-0.031,1716456895.083,1716456895.052,1000
-0.024,1716456896.086,1716456896.062,1000
-0.027,1716456897.090,1716456897.063,1000
-0.028,1716456898.094,1716456898.066,1000
-0.030,1716456899.098,1716456899.068,1000
-0.027,1716456900.101,1716456900.074,1000
-0.032,1716456901.105,1716456901.073,1000
-0.032,1716456902.109,1716456902.077,1000
-0.029,1716456903.112,1716456903.083,1000
-0.030,1716456904.116,1716456904.086,1000
-0.030,1716456905.120,1716456905.090,1000
-0.026,1716456906.123,1716456906.097,1000
-0.033,1716456907.127,1716456907.094,1000
-0.035,1716456908.131,1716456908.096,1000
-0.029,1716456909.134,1716456909.105,1000
-0.033,1716456910.138,1716456910.105,1000
-0.031,1716456911.142,1716456911.111,1000
-0.034,1716456912.145,1716456912.111,1000
-0.028,1716456913.149,1716456913.121,1000
-0.027,1716456914.153,1716456914.126,1000
-0.033,1716456915.157,1716456915.124,1000
-0.032,1716456916.160,1716456916.128,1000
-0.033,1716456917.164,1716456917.131,1000
-0.029,1716456918.168,1716456918.139,1000
-0.027,1716456919.172,1716456919.145,1000
-0.028,1716456920.175,1716456920.147,1000
-0.033,1716456921.179,1716456921.146,1000
-0.033,1716456922.183,1716456922.150,1000
-0.034,1716456923.186,1716456923.152,1000
-0.027,1716456924.190,1716456924.163,1000
-0.028,1716456925.193,1716456925.165,1000
-0.029,1716456926.197,1716456926.168,1000
-0.034,1716456927.201,1716456927.167,1000
-0.033,1716456928.204,1716456928.171,1000
-0.028,1716456929.208,1716456929.180,1000
-0.034,1716456930.212,1716456930.178,1000
-0.029,1716456931.216,1716456931.187,1000
-0.034,1716456932.219,1716456932.185,1000
-0.033,1716456933.223,1716456933.190,1000
-0.030,1716456934.227,1716456934.197,1000
-0.033,1716456935.230,1716456935.197,1000
-0.031,1716456936.234,1716456936.203,1000
-0.034,1716456937.238,1716456937.204,1000
-0.034,1716456938.241,1716456938.207,1000
-0.028,1716456939.245,1716456939.217,1000
-0.031,1716456940.249,1716456940.218,1000
-0.035,1716456941.253,1716456941.218,1000
-0.034,1716456942.256,1716456942.222,1000
-0.034,1716456943.260,1716456943.226,1000
-0.033,1716456944.264,1716456944.231,1000
-0.030,1716456945.267,1716456945.237,1000
-0.030,1716456946.271,1716456946.241,1000
-0.033,1716456947.275,1716456947.242,1000
-0.035,1716456948.278,1716456948.243,1000
-0.033,1716456949.282,1716456949.249,1000
-0.030,1716456950.286,1716456950.256,1000
-0.030,1716456951.289,1716456951.259,1000
-0.029,1716456952.293,1716456952.264,1000
-0.034,1716456953.297,1716456953.263,1000
-0.030,1716456954.300,1716456954.270,1000
-0.035,1716456955.304,1716456955.269,1000
-0.035,1716456956.308,1716456956.273,1000
-0.031,1716456957.312,1716456957.281,1000
-0.029,1716456958.315,1716456958.286,1000
-0.032,1716456959.319,1716456959.287,1000
-0.036,1716456960.323,1716456960.287,1000
-0.037,1716456961.327,1716456961.290,1000
-0.026,1716456962.330,1716456962.304,1000
-0.031,1716456963.334,1716456963.303,1000
-0.030,1716456964.338,1716456964.308,1000
-0.031,1716456965.341,1716456965.310,1000
-0.031,1716456966.345,1716456966.314,1000
-0.032,1716456967.349,1716456967.317,1000
-0.036,1716456968.353,1716456968.317,1000
-0.030,1716456969.356,1716456969.326,1000
-0.032,1716456970.360,1716456970.328,1000
-0.037,1716456971.364,1716456971.327,1000
-0.036,1716456972.367,1716456972.331,1000
-0.036,1716456973.371,1716456973.335,1000
-0.035,1716456974.375,1716456974.340,1000
-0.031,1716456975.378,1716456975.347,1000
-0.032,1716456976.382,1716456976.350,1000
-0.026,1716456977.386,1716456977.360,1000
-0.036,1716456978.389,1716456978.353,1000
-0.035,1716456979.393,1716456979.358,1000
-0.039,1716456980.397,1716456980.358,1000
-0.034,1716456981.400,1716456981.366,1000
-0.039,1716456982.404,1716456982.365,1000
-0.034,1716456983.408,1716456983.374,1000
-0.036,1716456984.412,1716456984.376,1000
-0.032,1716456985.415,1716456985.383,1000
-0.032,1716456986.419,1716456986.387,1000
-0.028,1716456987.422,1716456987.394,1000
-0.038,1716456988.426,1716456988.388,1000
-0.036,1716456989.430,1716456989.394,1000
-0.039,1716456990.434,1716456990.395,1000
-0.034,1716456991.437,1716456991.403,1000
-0.031,1716456992.441,1716456992.410,1000
-0.039,1716456993.445,1716456993.406,1000
-0.038,1716456994.448,1716456994.410,1000
-0.038,1716456995.452,1716456995.414,1000
-0.034,1716456996.456,1716456996.422,1000
-0.030,1716456997.460,1716456997.430,1000
-0.037,1716456998.463,1716456998.426,1000
-0.033,1716456999.467,1716456999.434,1000
-0.040,1716457000.471,1716457000.431,1000
-0.034,1716457001.475,1716457001.441,1000
-0.037,1716457002.478,1716457002.441,1000
-0.035,1716457003.482,1716457003.447,1000
-0.032,1716457004.486,1716457004.454,1000
-0.032,1716457005.490,1716457005.458,1000
-0.040,1716457006.493,1716457006.453,1000
-0.035,1716457007.497,1716457007.462,1000
-0.041,1716457008.501,1716457008.460,1000
-0.036,1716457009.504,1716457009.468,1000
-0.035,1716457010.508,1716457010.473,1000
-0.036,1716457011.512,1716457011.476,1000
-0.037,1716457012.515,1716457012.478,1000
-0.035,1716457013.519,1716457013.484,1000
-0.036,1716457014.523,1716457014.487,1000
-0.038,1716457015.527,1716457015.489,1000
-0.036,1716457016.530,1716457016.494,1000
-0.035,1716457017.534,1716457017.499,1000
-0.043,1716457018.538,1716457018.495,1000
-0.036,1716457019.541,1716457019.505,1000
-0.037,1716457020.545,1716457020.508,1000
-0.037,1716457021.549,1716457021.512,1000
-0.036,1716457022.552,1716457022.516,1000
-0.038,1716457023.556,1716457023.518,1000
-0.043,1716457024.560,1716457024.517,1000
-0.042,1716457025.563,1716457025.521,1000
-0.044,1716457026.567,1716457026.523,1000
-0.037,1716457027.571,1716457027.534,1000
-0.044,1716457028.574,1716457028.530,1000
-0.040,1716457029.578,1716457029.538,1000
-0.043,1716457030.582,1716457030.539,1000
-0.039,1716457031.586,1716457031.547,1000
-0.043,1716457032.589,1716457032.546,1000
-0.041,1716457033.593,1716457033.552,1000
-0.035,1716457034.596,1716457034.561,1000
-0.041,1716457035.600,1716457035.559,1000
-0.045,1716457036.604,1716457036.559,1000
-0.045,1716457037.607,1716457037.562,1000
-0.044,1716457038.611,1716457038.567,1000
-0.035,1716457039.615,1716457039.580,1000
-0.040,1716457040.619,1716457040.579,1000
-0.041,1716457041.622,1716457041.581,1000
-0.045,1716457042.626,1716457042.581,1000
-0.046,1716457043.630,1716457043.584,1000
-0.045,1716457044.633,1716457044.588,1000
-0.041,1716457045.637,1716457045.596,1000
-0.047,1716457046.641,1716457046.594,1000
-0.041,1716457047.645,1716457047.604,1000
-0.047,1716457048.648,1716457048.601,1000
-0.041,1716457049.652,1716457049.611,1000
-0.047,1716457050.656,1716457050.609,1000
-0.042,1716457051.659,1716457051.617,1000
-0.048,1716457052.663,1716457052.615,1000
-0.042,1716457053.667,1716457053.625,1000
-0.048,1716457054.671,1716457054.623,1000
-0.047,1716457055.674,1716457055.627,1000
-0.048,1716457056.678,1716457056.630,1000
-0.044,1716457057.682,1716457057.638,1000
-0.045,1716457058.685,1716457058.640,1000
-0.041,1716457059.689,1716457059.648,1000
-0.048,1716457060.693,1716457060.645,1000
-0.054,1716457061.697,1716457061.643,1000
-0.050,1716457062.701,1716457062.651,1000
-0.045,1716457063.704,1716457063.659,1000
-0.047,1716457064.708,1716457064.661,1000
-0.051,1716457065.712,1716457065.661,1000
-0.039,1716457066.715,1716457066.676,1000
-0.050,1716457067.719,1716457067.669,1000
-0.051,1716457068.723,1716457068.672,1000
-0.047,1716457069.726,1716457069.679,1000
-0.047,1716457070.730,1716457070.683,1000
-0.047,1716457071.734,1716457071.687,1000
-0.051,1716457072.737,1716457072.686,1000
-0.052,1716457073.741,1716457073.689,1000
-0.053,1716457074.745,1716457074.692,1000
-0.049,1716457075.749,1716457075.700,1000
-0.049,1716457076.752,1716457076.703,1000
-0.048,1716457077.756,1716457077.708,1000
-0.047,1716457078.760,1716457078.713,1000
-0.051,1716457079.763,1716457079.712,1000
-0.054,1716457080.767,1716457080.713,1000
-0.048,1716457081.771,1716457081.723,1000
-0.047,1716457082.775,1716457082.728,1000
-0.048,1716457083.778,1716457083.730,1000
-0.054,1716457084.782,1716457084.728,1000
-0.054,1716457085.786,1716457085.732,1000
-0.057,1716457086.790,1716457086.733,1000
-0.045,1716457087.793,1716457087.748,1000
-0.050,1716457088.797,1716457088.747,1000
-0.054,1716457089.801,1716457089.747,1000
-0.052,1716457090.804,1716457090.752,1000
-0.054,1716457091.808,1716457091.754,1000
-0.053,1716457092.812,1716457092.759,1000
-0.051,1716457093.815,1716457093.764,1000
-0.051,1716457094.819,1716457094.768,1000
-0.053,1716457095.823,1716457095.770,1000
-0.056,1716457096.826,1716457096.770,1000
-0.055,1716457097.830,1716457097.775,1000
-0.056,1716457098.834,1716457098.778,1000
-0.051,1716457099.837,1716457099.786,1000
-0.050,1716457100.841,1716457100.791,1000
-0.053,1716457101.845,1716457101.792,1000
-0.057,1716457102.849,1716457102.792,1000
-0.058,1716457103.852,1716457103.794,1000
-0.058,1716457104.856,1716457104.798,1000
-0.057,1716457105.860,1716457105.803,1000
-0.058,1716457106.863,1716457106.805,1000
-0.057,1716457107.867,1716457107.810,1000
-0.059,1716457108.871,1716457108.812,1000
-0.064,1716457109.875,1716457109.811,1000
-0.059,1716457110.879,1716457110.820,1000
-0.056,1716457111.882,1716457111.826,1000
-0.059,1716457112.886,1716457112.827,1000
-0.055,1716457113.890,1716457113.835,1000
-0.056,1716457114.893,1716457114.837,1000
-0.059,1716457115.897,1716457115.838,1000
-0.062,1716457116.901,1716457116.839,1000
-0.060,1716457117.904,1716457117.844,1000
-0.061,1716457118.908,1716457118.847,1000
-0.057,1716457119.912,1716457119.855,1000
-0.055,1716457120.916,1716457120.861,1000
-0.061,1716457121.919,1716457121.858,1000
-0.059,1716457122.923,1716457122.864,1000
-0.058,1716457123.927,1716457123.869,1000
-0.063,1716457124.930,1716457124.867,1000
-0.055,1716457125.934,1716457125.879,1000
-0.063,1716457126.938,1716457126.875,1000
-0.063,1716457127.942,1716457127.879,1000
-0.062,1716457128.945,1716457128.883,1000
-0.064,1716457129.949,1716457129.885,1000
-0.062,1716457130.953,1716457130.891,1000
-0.056,1716457131.956,1716457131.900,1000
-0.058,1716457132.960,1716457132.902,1000
-0.063,1716457133.964,1716457133.901,1000
-0.064,1716457134.967,1716457134.903,1000
-0.058,1716457135.971,1716457135.913,1000
-0.066,1716457136.975,1716457136.909,1000
-0.059,1716457137.978,1716457137.919,1000
-0.061,1716457138.982,1716457138.921,1000
-0.061,1716457139.986,1716457139.925,1000
-0.064,1716457140.989,1716457140.925,1000
-0.067,1716457141.993,1716457141.926,1000
-0.062,1716457142.997,1716457142.935,1000
-0.063,1716457144.000,1716457143.937,1000
-0.068,1716457145.004,1716457144.936,1000
-0.064,1716457146.008,1716457145.944,1000
-0.068,1716457147.012,1716457146.944,1000
-0.060,1716457148.015,1716457147.955,1000
-0.063,1716457149.019,1716457148.956,1000
-0.064,1716457150.023,1716457149.959,1000
-0.063,1716457151.027,1716457150.964,1000
-0.067,1716457152.030,1716457151.963,1000
-0.068,1716457153.034,1716457152.966,1000
-0.069,1716457154.038,1716457153.969,1000
-0.066,1716457155.042,1716457154.976,1000
-0.065,1716457156.045,1716457155.980,1000
-0.063,1716457157.049,1716457156.986,1000
-0.070,1716457158.053,1716457157.983,1000
-0.070,1716457159.056,1716457158.986,1000
-0.071,1716457160.060,1716457159.989,1000
-0.065,1716457161.064,1716457160.999,1000
-0.066,1716457162.067,1716457162.001,1000
-0.066,1716457163.071,1716457163.005,1000
-0.070,1716457164.075,1716457164.005,1000
-0.071,1716457165.078,1716457165.007,1000
-0.059,1716457166.082,1716457166.023,1000
-0.068,1716457167.086,1716457167.018,1000
-0.067,1716457168.089,1716457168.022,1000
-0.072,1716457169.093,1716457169.021,1000
-0.073,1716457170.097,1716457170.024,1000
-0.073,1716457171.101,1716457171.028,1000
-0.071,1716457172.104,1716457172.033,1000
-0.069,1716457173.108,1716457173.039,1000
-0.069,1716457174.112,1716457174.043,1000
-0.072,1716457175.115,1716457175.043,1000
-0.073,1716457176.119,1716457176.046,1000
-0.075,1716457177.123,1716457177.048,1000
-0.074,1716457178.126,1716457178.052,1000
-0.068,1716457179.130,1716457179.062,1000
-0.072,1716457180.134,1716457180.062,1000
-0.077,1716457181.138,1716457181.061,1000
-0.071,1716457182.141,1716457182.070,1000
-0.073,1716457183.145,1716457183.072,1000
-0.073,1716457184.149,1716457184.076,1000
-0.067,1716457185.152,1716457185.085,1000
-0.071,1716457186.156,1716457186.085,1000
-0.077,1716457187.160,1716457187.083,1000
-0.077,1716457188.163,1716457188.086,1000
-0.077,1716457189.167,1716457189.090,1000
-0.073,1716457190.171,1716457190.098,1000
-0.074,1716457191.175,1716457191.101,1000
-0.075,1716457192.179,1716457192.104,1000
-0.079,1716457193.182,1716457193.103,1000
-0.076,1716457194.186,1716457194.110,1000
-0.080,1716457195.190,1716457195.110,1000
-0.074,1716457196.193,1716457196.119,1000
-0.075,1716457197.197,1716457197.122,1000
-0.075,1716457198.201,1716457198.126,1000
-0.078,1716457199.204,1716457199.126,1000
-0.081,1716457200.208,1716457200.127,1000
-0.082,1716457201.212,1716457201.130,1000
-0.080,1716457202.215,1716457202.135,1000
-0.077,1716457203.219,1716457203.142,1000
-0.078,1716457204.223,1716457204.145,1000
-0.081,1716457205.226,1716457205.145,1000
-0.081,1716457206.230,1716457206.149,1000
-0.084,1716457207.234,1716457207.150,1000
-0.081,1716457208.238,1716457208.157,1000
-0.073,1716457209.241,1716457209.168,1000
-0.079,1716457210.245,1716457210.166,1000
-0.075,1716457211.249,1716457211.174,1000
-0.084,1716457212.252,1716457212.168,1000
-0.085,1716457213.256,1716457213.171,1000
-0.084,1716457214.260,1716457214.176,1000
-0.079,1716457215.263,1716457215.184,1000
-0.077,1716457216.267,1716457216.190,1000
-0.084,1716457217.271,1716457217.187,1000
-0.087,1716457218.275,1716457218.188,1000
-0.081,1716457219.278,1716457219.197,1000
-0.081,1716457220.282,1716457220.201,1000
-0.075,1716457221.286,1716457221.211,1000
-0.082,1716457222.289,1716457222.207,1000
-0.083,1716457223.293,1716457223.210,1000
-0.082,1716457224.297,1716457224.215,1000
-0.088,1716457225.300,1716457225.212,1000
-0.083,1716457226.304,1716457226.221,1000
-0.082,1716457227.308,1716457227.226,1000
-0.085,1716457228.312,1716457228.227,1000
-0.085,1716457229.315,1716457229.230,1000
-0.089,1716457230.319,1716457230.230,1000
-0.081,1716457231.323,1716457231.242,1000
-0.084,1716457232.326,1716457232.242,1000
-0.083,1716457233.330,1716457233.247,1000
-0.086,1716457234.334,1716457234.248,1000
-0.087,1716457235.338,1716457235.251,1000
-0.082,1716457236.341,1716457236.259,1000
-0.091,1716457237.345,1716457237.254,1000
-0.085,1716457238.349,1716457238.264,1000
-0.087,1716457239.352,1716457239.265,1000
-0.092,1716457240.356,1716457240.264,1000
-0.093,1716457241.360,1716457241.267,1000
-0.091,1716457242.364,1716457242.273,1000
-0.088,1716457243.367,1716457243.279,1000
-0.089,1716457244.371,1716457244.282,1000
-0.090,1716457245.375,1716457245.285,1000
-0.083,1716457246.378,1716457246.295,1000
-0.089,1716457247.382,1716457247.293,1000
-0.094,1716457248.386,1716457248.292,1000
-0.090,1716457249.390,1716457249.300,1000
-0.089,1716457250.393,1716457250.304,1000
-0.086,1716457251.397,1716457251.311,1000
-0.091,1716457252.401,1716457252.310,1000
-0.095,1716457253.405,1716457253.310,1000
-0.092,1716457254.408,1716457254.316,1000
-0.093,1716457255.412,1716457255.319,1000
-0.088,1716457256.416,1716457256.328,1000
-0.085,1716457257.419,1716457257.334,1000
-0.088,1716457258.423,1716457258.335,1000
-0.082,1716457259.427,1716457259.345,1000
-0.085,1716457260.430,1716457260.345,1000
-0.078,1716457261.434,1716457261.356,1000
-0.082,1716457262.438,1716457262.356,1000
-0.077,1716457263.441,1716457263.364,1000
-0.076,1716457264.445,1716457264.369,1000
-0.075,1716457265.449,1716457265.374,1000
-0.074,1716457266.452,1716457266.378,1000
-0.075,1716457267.456,1716457267.381,1000
-0.074,1716457268.459,1716457268.385,1000
-0.069,1716457269.463,1716457269.394,1000
-0.075,1716457270.467,1716457270.392,1000
-0.068,1716457271.471,1716457271.403,1000
-0.068,1716457272.474,1716457272.406,1000
-0.071,1716457273.478,1716457273.407,1000
-0.071,1716457274.481,1716457274.410,1000
-0.064,1716457275.485,1716457275.421,1000
-0.064,1716457276.489,1716457276.425,1000
-0.068,1716457277.492,1716457277.424,1000
-0.064,1716457278.496,1716457278.432,1000
-0.067,1716457279.500,1716457279.433,1000
-0.066,1716457280.503,1716457280.437,1000
-0.060,1716457281.507,1716457281.447,1000
-0.061,1716457282.511,1716457282.450,1000
-0.064,1716457283.514,1716457283.450,1000
-0.065,1716457284.518,1716457284.453,1000
-0.063,1716457285.522,1716457285.459,1000
-0.055,1716457286.525,1716457286.470,1000
-0.059,1716457287.529,1716457287.470,1000
-0.055,1716457288.533,1716457288.478,1000
-0.057,1716457289.536,1716457289.479,1000
-0.060,1716457290.540,1716457290.480,1000
-0.060,1716457291.544,1716457291.484,1000
-0.060,1716457292.548,1716457292.488,1000
-0.055,1716457293.551,1716457293.496,1000
-0.054,1716457294.555,1716457294.501,1000
-0.054,1716457295.559,1716457295.505,1000
-0.057,1716457296.562,1716457296.505,1000
-0.057,1716457297.566,1716457297.509,1000
-0.057,1716457298.570,1716457298.513,1000
-0.052,1716457299.574,1716457299.522,1000
-0.052,1716457300.577,1716457300.525,1000
-0.051,1716457301.581,1716457301.530,1000
-0.057,1716457302.585,1716457302.528,1000
-0.055,1716457303.588,1716457303.533,1000
-0.052,1716457304.592,1716457304.540,1000
-0.051,1716457305.596,1716457305.545,1000
-0.050,1716457306.599,1716457306.549,1000
-0.055,1716457307.603,1716457307.548,1000
-0.054,1716457308.607,1716457308.553,1000
-0.047,1716457309.610,1716457309.563,1000
-0.044,1716457310.614,1716457310.570,1000
-0.048,1716457311.618,1716457311.570,1000
-0.049,1716457312.621,1716457312.572,1000
-0.053,1716457313.625,1716457313.572,1000
-0.052,1716457314.629,1716457314.577,1000
-0.053,1716457315.633,1716457315.580,1000
-0.054,1716457316.637,1716457316.583,1000
-0.047,1716457317.640,1716457317.593,1000
-0.049,1716457318.644,1716457318.595,1000
-0.047,1716457319.648,1716457319.601,1000
-0.052,1716457320.651,1716457320.599,1000
-0.046,1716457321.655,1716457321.609,1000
-0.051,1716457322.659,1716457322.608,1000
-0.045,1716457323.662,1716457323.617,1000
-0.046,1716457324.666,1716457324.620,1000
-0.053,1716457325.670,1716457325.617,1000
-0.051,1716457326.673,1716457326.622,1000
-0.047,1716457327.677,1716457327.630,1000
-0.052,1716457328.680,1716457328.628,1000
-0.045,1716457329.684,1716457329.639,1000
-0.047,1716457330.688,1716457330.641,1000
-0.051,1716457331.691,1716457331.640,1000
-0.050,1716457332.695,1716457332.645,1000
-0.052,1716457333.699,1716457333.647,1000
-0.051,1716457334.702,1716457334.651,1000
-0.047,1716457335.706,1716457335.659,1000
-0.046,1716457336.710,1716457336.664,1000
-0.050,1716457337.713,1716457337.663,1000
-0.052,1716457338.717,1716457338.665,1000
-0.053,1716457339.721,1716457339.668,1000
-0.045,1716457340.724,1716457340.679,1000
-0.046,1716457341.728,1716457341.682,1000
-0.049,1716457342.732,1716457342.683,1000
-0.045,1716457343.735,1716457343.690,1000
-0.051,1716457344.739,1716457344.688,1000
-0.047,1716457345.743,1716457345.696,1000
-0.046,1716457346.746,1716457346.700,1000
-0.045,1716457347.750,1716457347.705,1000
-0.052,1716457348.754,1716457348.702,1000
-0.051,1716457349.757,1716457349.706,1000
-0.048,1716457350.761,1716457350.713,1000
-0.051,1716457351.765,1716457351.714,1000
-0.047,1716457352.768,1716457352.721,1000
-0.051,1716457353.772,1716457353.721,1000
-0.051,1716457354.776,1716457354.725,1000
-0.045,1716457355.779,1716457355.734,1000
-0.051,1716457356.783,1716457356.732,1000
-0.046,1716457357.787,1716457357.741,1000
-0.041,1716457358.790,1716457358.749,1000
-0.044,1716457359.794,1716457359.750,1000
-0.039,1716457360.798,1716457360.759,1000
-0.051,1716457361.801,1716457361.750,1000
-0.050,1716457362.805,1716457362.755,1000
-0.046,1716457363.809,1716457363.763,1000
-0.045,1716457364.813,1716457364.768,1000
-0.043,1716457365.816,1716457365.773,1000
-0.051,1716457366.820,1716457366.769,1000
-0.050,1716457367.823,1716457367.773,1000
-0.052,1716457368.827,1716457368.775,1000
-0.048,1716457369.831,1716457369.783,1000
-0.046,1716457370.834,1716457370.788,1000
-0.044,1716457371.838,1716457371.794,1000
-0.051,1716457372.842,1716457372.791,1000
-0.050,1716457373.845,1716457373.795,1000
-0.050,1716457374.849,1716457374.799,1000
-0.043,1716457375.853,1716457375.810,1000
-0.046,1716457376.856,1716457376.810,1000
-0.046,1716457377.860,1716457377.814,1000
-0.050,1716457378.864,1716457378.814,1000
-0.053,1716457379.867,1716457379.814,1000
-0.048,1716457380.871,1716457380.823,1000
-0.052,1716457381.875,1716457381.823,1000
-0.045,1716457382.879,1716457382.834,1000
-0.044,1716457383.883,1716457383.839,1000
-0.047,1716457384.886,1716457384.839,1000
-0.050,1716457385.890,1716457385.840,1000
-0.049,1716457386.894,1716457386.845,1000
-0.051,1716457387.898,1716457387.847,1000
-0.046,1716457388.901,1716457388.855,1000
-0.052,1716457389.905,1716457389.853,1000
-0.051,1716457390.908,1716457390.857,1000
-0.052,1716457391.912,1716457391.860,1000
-0.053,1716457392.916,1716457392.863,1000
-0.044,1716457393.919,1716457393.875,1000
-0.047,1716457394.923,1716457394.876,1000
-0.047,1716457395.927,1716457395.880,1000
-0.050,1716457396.930,1716457396.880,1000
-0.061,1716457397.934,1716457397.873,1000
-0.043,1716457398.938,1716457398.895,1000
-0.051,1716457399.941,1716457399.890,1000
-0.046,1716457400.945,1716457400.899,1000
-0.047,1716457401.949,1716457401.902,1000
-0.049,1716457402.952,1716457402.903,1000
-0.048,1716457403.956,1716457403.908,1000
-0.044,1716457404.960,1716457404.916,1000
-0.050,1716457405.963,1716457405.913,1000
-0.040,1716457406.967,1716457406.927,1000
-0.045,1716457407.971,1716457407.926,1000
-0.049,1716457408.974,1716457408.925,1000
-0.051,1716457409.978,1716457409.927,1000
-0.050,1716457410.982,1716457410.932,1000
-0.043,1716457411.985,1716457411.942,1000
-0.045,1716457412.989,1716457412.944,1000
-0.046,1716457413.993,1716457413.947,1000
-0.051,1716457414.997,1716457414.946,1000
-0.050,1716457416.000,1716457415.950,1000
-0.045,1716457417.004,1716457416.959,1000
-0.049,1716457418.007,1716457417.958,1000
-0.044,1716457419.011,1716457418.967,1000
-0.043,1716457420.015,1716457419.972,1000
-0.045,1716457421.019,1716457420.974,1000
-0.045,1716457422.022,1716457421.977,1000
-0.047,1716457423.026,1716457422.979,1000
-0.046,1716457424.030,1716457423.984,1000
-0.040,1716457425.033,1716457424.993,1000
-0.040,1716457426.037,1716457425.997,1000
-0.041,1716457427.041,1716457427.000,1000
-0.040,1716457428.044,1716457428.004,1000
-0.037,1716457429.048,1716457429.011,1000
-0.044,1716457430.052,1716457430.008,1000
-0.035,1716457431.055,1716457431.020,1000
-0.033,1716457432.059,1716457432.026,1000
-0.040,1716457433.063,1716457433.023,1000
-0.038,1716457434.066,1716457434.028,1000
-0.035,1716457435.070,1716457435.035,1000
-0.037,1716457436.074,1716457436.037,1000
-0.030,1716457437.077,1716457437.047,1000
-0.031,1716457438.081,1716457438.050,1000
-0.029,1716457439.084,1716457439.055,1000
-0.031,1716457440.088,1716457440.057,1000
-0.034,1716457441.092,1716457441.058,1000
-0.021,1716457442.095,1716457442.074,1000
-0.025,1716457443.099,1716457443.074,1000
-0.027,1716457444.103,1716457444.076,1000
-0.029,1716457445.106,1716457445.077,1000
-0.024,1716457446.110,1716457446.086,1000
-0.028,1716457447.114,1716457447.086,1000
-0.025,1716457448.117,1716457448.092,1000
-0.028,1716457449.121,1716457449.093,1000
-0.022,1716457450.125,1716457450.103,1000
-0.027,1716457451.129,1716457451.102,1000
-0.025,1716457452.132,1716457452.107,1000
-0.022,1716457453.136,1716457453.114,1000
-0.017,1716457454.140,1716457454.123,1000
-0.024,1716457455.143,1716457455.119,1000
-0.024,1716457456.147,1716457456.123,1000
-0.021,1716457457.150,1716457457.129,1000
-0.016,1716457458.154,1716457458.138,1000
-0.017,1716457459.158,1716457459.141,1000
-0.017,1716457460.161,1716457460.144,1000
-0.016,1716457461.165,1716457461.149,1000
-0.016,1716457462.168,1716457462.152,1000
-0.013,1716457463.172,1716457463.159,1000
-0.019,1716457464.176,1716457464.157,1000
-0.016,1716457465.180,1716457465.164,1000
-0.013,1716457466.183,1716457466.170,1000
-0.015,1716457467.187,1716457467.172,1000
-0.012,1716457468.191,1716457468.179,1000
-0.016,1716457469.194,1716457469.178,1000
-0.004,1716457470.198,1716457470.194,1000
-0.009,1716457471.202,1716457471.193,1000
-0.007,1716457472.205,1716457472.198,1000
-0.008,1716457473.209,1716457473.201,1000
-0.014,1716457474.213,1716457474.199,1000
-0.012,1716457475.216,1716457475.204,1000
-0.013,1716457476.220,1716457476.207,1000
-0.005,1716457477.224,1716457477.219,1000
-0.011,1716457478.227,1716457478.216,1000
-0.001,1716457479.231,1716457479.230,1000
-0.009,1716457480.235,1716457480.226,1000
-0.010,1716457481.238,1716457481.228,1000
-0.010,1716457482.242,1716457482.232,1000
-0.005,1716457483.246,1716457483.241,1000
-0.004,1716457484.249,1716457484.245,1000
-0.002,1716457485.253,1716457485.251,1000
-0.008,1716457486.257,1716457486.249,1000
-0.001,1716457487.260,1716457487.259,1000
-0.007,1716457488.264,1716457488.257,1000
-0.001,1716457489.268,1716457489.267,1000
-0.001,1716457490.271,1716457490.270,1000
-0.001,1716457491.275,1716457491.274,1000
-0.005,1716457492.279,1716457492.274,1000
-0.003,1716457493.282,1716457493.279,1000
-0.002,1716457494.286,1716457494.284,1000
0.002,1716457495.289,1716457495.291,1000
0.002,1716457496.293,1716457496.295,1000
-0.002,1716457497.297,1716457497.295,1000
0.009,1716457498.300,1716457498.309,1000
0.005,1716457499.304,1716457499.309,1000
-0.000,1716457500.308,1716457500.308,1000
-0.002,1716457501.311,1716457501.309,1000
-0.001,1716457502.315,1716457502.314,1000
0.010,1716457503.318,1716457503.328,1000
0.005,1716457504.322,1716457504.327,1000
0.001,1716457505.326,1716457505.327,1000
0.001,1716457506.329,1716457506.330,1000
0.002,1716457507.333,1716457507.335,1000
0.014,1716457508.337,1716457508.351,1000
0.002,1716457509.340,1716457509.342,1000
0.010,1716457510.344,1716457510.354,1000
0.005,1716457511.348,1716457511.353,1000
0.008,1716457512.351,1716457512.359,1000
0.007,1716457513.355,1716457513.362,1000
0.011,1716457514.358,1716457514.369,1000
0.009,1716457515.362,1716457515.371,1000
0.025,1716457516.366,1716457516.391,1000
0.008,1716457517.369,1716457517.377,1000
0.015,1716457518.373,1716457518.388,1000
0.011,1716457519.377,1716457519.388,1000
0.030,1716457520.380,1716457520.410,1000
0.009,1716457521.384,1716457521.393,1000
0.029,1716457522.387,1716457522.416,1000
0.009,1716457523.391,1716457523.400,1000
0.008,1716457524.395,1716457524.403,1000
0.008,1716457525.398,1716457525.406,1000
0.019,1716457526.402,1716457526.421,1000
0.011,1716457527.406,1716457527.417,1000
0.016,1716457528.409,1716457528.425,1000
0.014,1716457529.413,1716457529.427,1000
0.013,1716457530.417,1716457530.430,1000
0.015,1716457531.420,1716457531.435,1000
0.011,1716457532.424,1716457532.435,1000
0.017,1716457533.428,1716457533.445,1000
0.017,1716457534.431,1716457534.448,1000
0.021,1716457535.435,1716457535.456,1000
0.013,1716457536.439,1716457536.452,1000
0.012,1716457537.442,1716457537.454,1000
0.015,1716457538.446,1716457538.461,1000
0.016,1716457539.450,1716457539.466,1000
0.013,1716457540.453,1716457540.466,1000
0.014,1716457541.457,1716457541.471,1000
0.019,1716457542.461,1716457542.480,1000
0.023,1716457543.464,1716457543.487,1000
0.020,1716457544.468,1716457544.488,1000
0.019,1716457545.472,1716457545.491,1000
0.021,1716457546.475,1716457546.496,1000
0.016,1716457547.479,1716457547.495,1000
0.020,1716457548.482,1716457548.502,1000
0.020,1716457549.486,1716457549.506,1000
0.032,1716457550.490,1716457550.522,1000
0.027,1716457551.493,1716457551.520,1000
0.022,1716457552.497,1716457552.519,1000
0.022,1716457553.501,1716457553.523,1000
0.020,1716457554.504,1716457554.524,1000
0.025,1716457555.508,1716457555.533,1000
0.026,1716457556.512,1716457556.538,1000
0.043,1716457557.515,1716457557.558,1000
0.022,1716457558.519,1716457558.541,1000
0.019,1716457559.523,1716457559.542,1000
0.020,1716457560.526,1716457560.546,1000
0.027,1716457561.530,1716457561.557,1000
0.023,1716457562.534,1716457562.557,1000
0.026,1716457563.537,1716457563.563,1000
0.022,1716457564.541,1716457564.563,1000
0.028,1716457565.545,1716457565.573,1000
0.022,1716457566.548,1716457566.570,1000
0.026,1716457567.552,1716457567.578,1000
0.028,1716457568.555,1716457568.583,1000
0.023,1716457569.559,1716457569.582,1000
0.027,1716457570.563,1716457570.590,1000
0.024,1716457571.566,1716457571.590,1000
0.027,1716457572.570,1716457572.597,1000
0.027,1716457573.574,1716457573.601,1000
0.026,1716457574.578,1716457574.604,1000
0.029,1716457575.581,1716457575.610,1000
0.025,1716457576.585,1716457576.610,1000
0.021,1716457577.589,1716457577.610,1000
0.023,1716457578.592,1716457578.615,1000
0.046,1716457579.596,1716457579.642,1000
0.030,1716457580.600,1716457580.630,1000
0.029,1716457581.603,1716457581.632,1000
0.029,1716457582.607,1716457582.636,1000
0.024,1716457583.610,1716457583.634,1000
0.033,1716457584.614,1716457584.647,1000
0.029,1716457585.618,1716457585.647,1000
0.035,1716457586.622,1716457586.657,1000
0.036,1716457587.625,1716457587.661,1000
0.027,1716457588.629,1716457588.656,1000
0.025,1716457589.632,1716457589.657,1000
0.027,1716457590.636,1716457590.663,1000
0.029,1716457591.640,1716457591.669,1000
0.033,1716457592.643,1716457592.676,1000
0.028,1716457593.647,1716457593.675,1000
0.031,1716457594.651,1716457594.682,1000
0.040,1716457595.654,1716457595.694,1000
0.028,1716457596.658,1716457596.686,1000
0.036,1716457597.661,1716457597.697,1000
0.033,1716457598.665,1716457598.698,1000
0.031,1716457599.669,1716457599.700,1000
0.029,1716457600.672,1716457600.701,1000
0.028,1716457601.676,1716457601.704,1000
0.031,1716457602.680,1716457602.711,1000
0.032,1716457603.683,1716457603.715,1000
0.031,1716457604.687,1716457604.718,1000
0.032,1716457605.691,1716457605.723,1000
0.027,1716457606.694,1716457606.721,1000
0.036,1716457607.698,1716457607.734,1000
0.030,1716457608.702,1716457608.732,1000
0.036,1716457609.705,1716457609.741,1000
0.033,1716457610.709,1716457610.742,1000
0.032,1716457611.712,1716457611.744,1000
0.030,1716457612.716,1716457612.746,1000
0.029,1716457613.720,1716457613.749,1000
0.036,1716457614.723,1716457614.759,1000
0.030,1716457615.727,1716457615.757,1000
0.034,1716457616.731,1716457616.765,1000
0.033,1716457617.735,1716457617.768,1000
0.033,1716457618.738,1716457618.771,1000
0.032,1716457619.742,1716457619.774,1000
0.028,1716457620.746,1716457620.774,1000
0.035,1716457621.749,1716457621.784,1000
0.053,1716457622.753,1716457622.806,1000
0.034,1716457623.757,1716457623.791,1000
0.033,1716457624.760,1716457624.793,1000
0.034,1716457625.764,1716457625.798,1000
0.033,1716457626.768,1716457626.801,1000
0.038,1716457627.771,1716457627.809,1000
0.037,1716457628.775,1716457628.812,1000
0.051,1716457629.779,1716457629.830,1000
0.032,1716457630.782,1716457630.814,1000
0.037,1716457631.786,1716457631.823,1000
0.047,1716457632.790,1716457632.837,1000
0.037,1716457633.793,1716457633.830,1000
0.040,1716457634.797,1716457634.837,1000
0.034,1716457635.801,1716457635.835,1000
0.051,1716457636.804,1716457636.855,1000
0.034,1716457637.808,1716457637.842,1000
0.041,1716457638.812,1716457638.853,1000
0.034,1716457639.816,1716457639.850,1000
0.039,1716457640.819,1716457640.858,1000
0.042,1716457641.823,1716457641.865,1000
0.045,1716457642.827,1716457642.872,1000
0.038,1716457643.831,1716457643.869,1000
0.034,1716457644.835,1716457644.869,1000
0.032,1716457645.838,1716457645.870,1000
0.031,1716457646.842,1716457646.873,1000
0.038,1716457647.846,1716457647.884,1000
0.035,1716457648.850,1716457648.885,1000
0.033,1716457649.853,1716457649.886,1000
0.030,1716457650.857,1716457650.887,1000
0.030,1716457651.861,1716457651.891,1000
0.034,1716457652.865,1716457652.899,1000
0.034,1716457653.869,1716457653.903,1000
0.036,1716457654.872,1716457654.908,1000
0.027,1716457655.876,1716457655.903,1000
0.029,1716457656.880,1716457656.909,1000
0.032,1716457657.883,1716457657.915,1000
0.031,1716457658.887,1716457658.918,1000
0.033,1716457659.891,1716457659.924,1000
0.027,1716457660.895,1716457660.922,1000
0.032,1716457661.898,1716457661.930,1000
0.033,1716457662.902,1716457662.935,1000
0.033,1716457663.906,1716457663.939,1000
0.032,1716457664.910,1716457664.942,1000
0.029,1716457665.913,1716457665.942,1000
0.033,1716457666.917,1716457666.950,1000
0.029,1716457667.921,1716457667.950,1000
0.032,1716457668.925,1716457668.957,1000
0.033,1716457669.928,1716457669.961,1000
0.029,1716457670.932,1716457670.961,1000
0.026,1716457671.936,1716457671.962,1000
0.033,1716457672.939,1716457672.972,1000
0.026,1716457673.943,1716457673.969,1000
0.030,1716457674.947,1716457674.977,1000
0.027,1716457675.950,1716457675.977,1000
0.029,1716457676.954,1716457676.983,1000
0.031,1716457677.958,1716457677.989,1000
0.030,1716457678.962,1716457678.992,1000
0.025,1716457679.965,1716457679.990,1000
0.027,1716457680.969,1716457680.996,1000
0.026,1716457681.973,1716457681.999,1000
0.027,1716457682.976,1716457683.003,1000
0.030,1716457683.980,1716457684.010,1000
0.038,1716457684.984,1716457685.022,1000
0.027,1716457685.987,1716457686.014,1000
0.027,1716457686.991,1716457687.018,1000
0.025,1716457687.995,1716457688.020,1000
0.030,1716457688.999,1716457689.029,1000
0.030,1716457690.002,1716457690.032,1000
0.029,1716457691.006,1716457691.035,1000
0.029,1716457692.010,1716457692.039,1000
0.028,1716457693.014,1716457693.042,1000
0.029,1716457694.017,1716457694.046,1000
0.028,1716457695.021,1716457695.049,1000
0.025,1716457696.025,1716457696.050,1000
0.023,1716457697.028,1716457697.051,1000
0.026,1716457698.032,1716457698.058,1000
0.027,1716457699.036,1716457699.063,1000
0.027,1716457700.039,1716457700.066,1000
0.028,1716457701.043,1716457701.071,1000
0.022,1716457702.047,1716457702.069,1000
0.040,1716457703.050,1716457703.090,1000
0.028,1716457704.054,1716457704.082,1000
0.027,1716457705.058,1716457705.085,1000
0.026,1716457706.061,1716457706.087,1000
0.029,1716457707.065,1716457707.094,1000
0.023,1716457708.069,1716457708.092,1000
0.022,1716457709.073,1716457709.095,1000
0.023,1716457710.076,1716457710.099,1000
0.026,1716457711.080,1716457711.106,1000
0.027,1716457712.083,1716457712.110,1000
0.038,1716457713.087,1716457713.125,1000
0.021,1716457714.091,1716457714.112,1000
0.038,1716457715.094,1716457715.132,1000
0.026,1716457716.098,1716457716.124,1000
0.029,1716457717.102,1716457717.131,1000
0.026,1716457718.106,1716457718.132,1000
0.033,1716457719.109,1716457719.142,1000
0.026,1716457720.113,1716457720.139,1000
0.026,1716457721.117,1716457721.143,1000
0.019,1716457722.121,1716457722.140,1000
0.028,1716457723.125,1716457723.153,1000
0.025,1716457724.128,1716457724.153,1000
0.028,1716457725.132,1716457725.160,1000
0.020,1716457726.136,1716457726.156,1000
0.020,1716457727.139,1716457727.159,1000
0.021,1716457728.143,1716457728.164,1000
0.023,1716457729.147,1716457729.170,1000
0.029,1716457730.150,1716457730.179,1000
0.019,1716457731.154,1716457731.173,1000
0.023,1716457732.158,1716457732.181,1000
0.022,1716457733.161,1716457733.183,1000
0.019,1716457734.165,1716457734.184,1000
0.020,1716457735.169,1716457735.189,1000
0.019,1716457736.172,1716457736.191,1000
0.020,1716457737.176,1716457737.196,1000
0.025,1716457738.180,1716457738.205,1000
0.023,1716457739.183,1716457739.206,1000
0.024,1716457740.187,1716457740.211,1000
0.018,1716457741.191,1716457741.209,1000
0.021,1716457742.195,1716457742.216,1000
0.019,1716457743.198,1716457743.217,1000
0.019,1716457744.202,1716457744.221,1000
0.025,1716457745.205,1716457745.230,1000
0.018,1716457746.209,1716457746.227,1000
0.017,1716457747.213,1716457747.230,1000
0.026,1716457748.216,1716457748.242,1000
0.017,1716457749.220,1716457749.237,1000
0.018,1716457750.224,1716457750.242,1000
0.017,1716457751.227,1716457751.244,1000
0.017,1716457752.231,1716457752.248,1000
0.022,1716457753.235,1716457753.257,1000
0.024,1716457754.238,1716457754.262,1000
0.026,1716457755.242,1716457755.268,1000
0.017,1716457756.246,1716457756.263,1000
0.023,1716457757.249,1716457757.272,1000
0.023,1716457758.253,1716457758.276,1000
0.020,1716457759.257,1716457759.277,1000
0.039,1716457760.260,1716457760.299,1000
0.025,1716457761.264,1716457761.289,1000
0.017,1716457762.268,1716457762.285,1000
0.022,1716457763.272,1716457763.294,1000
0.018,1716457764.275,1716457764.293,1000
0.023,1716457765.279,1716457765.302,1000
0.016,1716457766.283,1716457766.299,1000
0.016,1716457767.286,1716457767.302,1000
0.020,1716457768.290,1716457768.310,1000
0.021,1716457769.294,1716457769.315,1000
0.018,1716457770.297,1716457770.315,1000
0.017,1716457771.301,1716457771.318,1000
0.014,1716457772.305,1716457772.319,1000
0.019,1716457773.308,1716457773.327,1000
0.020,1716457774.312,1716457774.332,1000
0.019,1716457775.315,1716457775.334,1000
0.016,1716457776.319,1716457776.335,1000
0.015,1716457777.323,1716457777.338,1000
0.020,1716457778.326,1716457778.346,1000
0.032,1716457779.330,1716457779.362,1000
0.020,1716457780.334,1716457780.354,1000
0.014,1716457781.337,1716457781.351,1000
0.019,1716457782.341,1716457782.360,1000
0.018,1716457783.345,1716457783.363,1000
0.027,1716457784.349,1716457784.376,1000
0.014,1716457785.353,1716457785.367,1000
0.021,1716457786.356,1716457786.377,1000
0.017,1716457787.360,1716457787.377,1000
0.016,1716457788.363,1716457788.379,1000
0.020,1716457789.367,1716457789.387,1000
0.020,1716457790.371,1716457790.391,1000
0.023,1716457791.375,1716457791.398,1000
0.014,1716457792.378,1716457792.392,1000
0.013,1716457793.382,1716457793.395,1000
0.021,1716457794.386,1716457794.407,1000
0.020,1716457795.389,1716457795.409,1000
0.019,1716457796.393,1716457796.412,1000
0.014,1716457797.397,1716457797.411,1000
0.021,1716457798.400,1716457798.421,1000
0.018,1716457799.404,1716457799.422,1000
0.016,1716457800.407,1716457800.423,1000
0.015,1716457801.411,1716457801.426,1000
0.014,1716457802.415,1716457802.429,1000
0.017,1716457803.419,1716457803.436,1000
0.017,1716457804.422,1716457804.439,1000
0.016,1716457805.426,1716457805.442,1000
0.016,1716457806.429,1716457806.445,1000
0.013,1716457807.433,1716457807.446,1000
0.015,1716457808.437,1716457808.452,1000
0.016,1716457809.441,1716457809.457,1000
0.013,1716457810.444,1716457810.457,1000
0.015,1716457811.448,1716457811.463,1000
0.017,1716457812.452,1716457812.469,1000
0.018,1716457813.455,1716457813.473,1000
0.018,1716457814.459,1716457814.477,1000
0.011,1716457815.463,1716457815.474,1000
0.012,1716457816.466,1716457816.478,1000
0.012,1716457817.470,1716457817.482,1000
0.011,1716457818.474,1716457818.485,1000
0.019,1716457819.478,1716457819.497,1000
0.017,1716457820.481,1716457820.498,1000
0.016,1716457821.485,1716457821.501,1000
0.012,1716457822.488,1716457822.500,1000
0.018,1716457823.492,1716457823.510,1000
0.016,1716457824.496,1716457824.512,1000
0.024,1716457825.499,1716457825.523,1000
0.018,1716457826.503,1716457826.521,1000
0.015,1716457827.507,1716457827.522,1000
0.018,1716457828.510,1716457828.528,1000
0.013,1716457829.514,1716457829.527,1000
0.028,1716457830.518,1716457830.546,1000
0.021,1716457831.522,1716457831.543,1000
0.013,1716457832.525,1716457832.538,1000
0.021,1716457833.529,1716457833.550,1000
0.013,1716457834.533,1716457834.546,1000
0.011,1716457835.536,1716457835.547,1000
0.011,1716457836.540,1716457836.551,1000
0.015,1716457837.544,1716457837.559,1000
0.015,1716457838.547,1716457838.562,1000
0.011,1716457839.551,1716457839.562,1000
0.010,1716457840.555,1716457840.565,1000
0.015,1716457841.558,1716457841.573,1000
0.015,1716457842.562,1716457842.577,1000
0.014,1716457843.566,1716457843.580,1000
0.016,1716457844.570,1716457844.586,1000
0.015,1716457845.573,1716457845.588,1000
0.013,1716457846.577,1716457846.590,1000
0.012,1716457847.581,1716457847.593,1000
0.010,1716457848.584,1716457848.594,1000
0.022,1716457849.588,1716457849.610,1000
0.015,1716457850.592,1716457850.607,1000
0.025,1716457851.595,1716457851.620,1000
0.013,1716457852.599,1716457852.612,1000
0.031,1716457853.603,1716457853.634,1000
0.012,1716457854.606,1716457854.618,1000
0.017,1716457855.610,1716457855.627,1000
0.016,1716457856.614,1716457856.630,1000
0.017,1716457857.617,1716457857.634,1000
0.036,1716457858.621,1716457858.657,1000
0.010,1716457859.625,1716457859.635,1000
0.012,1716457860.628,1716457860.640,1000
0.010,1716457861.632,1716457861.642,1000
0.012,1716457862.636,1716457862.648,1000
0.019,1716457863.639,1716457863.658,1000
0.015,1716457864.643,1716457864.658,1000
0.005,1716457865.647,1716457865.652,1000
0.016,1716457866.650,1716457866.666,1000
0.050,1716457867.654,1716457867.704,1000
0.013,1716457868.658,1716457868.671,1000
0.012,1716457869.661,1716457869.673,1000
0.010,1716457870.665,1716457870.675,1000
0.011,1716457871.674,1716457871.685,1000
0.012,1716457872.677,1716457872.689,1000
0.014,1716457873.681,1716457873.695,1000
0.012,1716457874.685,1716457874.697,1000
0.016,1716457875.688,1716457875.704,1000
0.011,1716457876.692,1716457876.703,1000
0.010,1716457877.695,1716457877.705,1000
0.013,1716457878.699,1716457878.712,1000
0.011,1716457879.703,1716457879.714,1000
0.014,1716457880.707,1716457880.721,1000
0.037,1716457881.710,1716457881.747,1000
0.009,1716457882.714,1716457882.723,1000
0.009,1716457883.718,1716457883.727,1000
0.010,1716457884.721,1716457884.731,1000
0.014,1716457885.725,1716457885.739,1000
0.020,1716457886.729,1716457886.749,1000
0.017,1716457887.732,1716457887.749,1000
0.009,1716457888.736,1716457888.745,1000
0.009,1716457889.740,1716457889.749,1000
0.015,1716457890.743,1716457890.758,1000
0.013,1716457891.747,1716457891.760,1000
0.013,1716457892.751,1716457892.764,1000
0.010,1716457893.754,1716457893.764,1000
0.009,1716457894.758,1716457894.767,1000
0.007,1716457895.762,1716457895.769,1000
0.015,1716457896.766,1716457896.781,1000
0.012,1716457897.769,1716457897.781,1000
0.012,1716457898.773,1716457898.785,1000
0.007,1716457899.777,1716457899.784,1000
0.011,1716457900.780,1716457900.791,1000
0.012,1716457901.784,1716457901.796,1000
0.022,1716457902.788,1716457902.810,1000
0.016,1716457903.791,1716457903.807,1000
0.007,1716457904.795,1716457904.802,1000
0.009,1716457905.799,1716457905.808,1000
0.010,1716457906.802,1716457906.812,1000
0.022,1716457907.806,1716457907.828,1000
0.014,1716457908.810,1716457908.824,1000
0.009,1716457909.814,1716457909.823,1000
0.022,1716457910.817,1716457910.839,1000
0.017,1716457911.821,1716457911.838,1000
0.043,1716457912.824,1716457912.867,1000
0.009,1716457913.828,1716457913.837,1000
0.008,1716457914.832,1716457914.840,1000
0.012,1716457915.835,1716457915.847,1000
0.011,1716457916.839,1716457916.850,1000
0.015,1716457917.843,1716457917.858,1000
0.015,1716457918.846,1716457918.861,1000
0.009,1716457919.850,1716457919.859,1000
0.014,1716457920.854,1716457920.868,1000
0.009,1716457921.857,1716457921.866,1000
0.009,1716457922.861,1716457922.870,1000
0.008,1716457923.865,1716457923.873,1000
0.007,1716457924.868,1716457924.875,1000
0.010,1716457925.872,1716457925.882,1000
0.008,1716457926.876,1716457926.884,1000
0.015,1716457927.879,1716457927.894,1000
0.008,1716457928.883,1716457928.891,1000
0.007,1716457929.887,1716457929.894,1000
0.006,1716457930.891,1716457930.897,1000
0.006,1716457931.894,1716457931.900,1000
0.014,1716457932.898,1716457932.912,1000
0.008,1716457933.902,1716457933.910,1000
0.008,1716457934.905,1716457934.913,1000
0.013,1716457935.909,1716457935.922,1000
0.013,1716457936.913,1716457936.926,1000
0.015,1716457937.916,1716457937.931,1000
0.016,1716457938.920,1716457938.936,1000
0.021,1716457939.924,1716457939.945,1000
0.009,1716457940.928,1716457940.937,1000
0.015,1716457941.931,1716457941.946,1000
0.017,1716457942.935,1716457942.952,1000
0.010,1716457943.939,1716457943.949,1000
0.010,1716457944.942,1716457944.952,1000
0.025,1716457945.946,1716457945.971,1000
0.013,1716457946.950,1716457946.963,1000
0.019,1716457947.953,1716457947.972,1000
0.015,1716457948.957,1716457948.972,1000
0.010,1716457949.961,1716457949.971,1000
0.012,1716457950.965,1716457950.977,1000
0.011,1716457951.968,1716457951.979,1000
0.018,1716457952.972,1716457952.990,1000
0.017,1716457953.975,1716457953.992,1000
0.016,1716457954.979,1716457954.995,1000
0.013,1716457955.983,1716457955.996,1000
0.012,1716457956.986,1716457956.998,1000
0.013,1716457957.990,1716457958.003,1000
0.012,1716457958.994,1716457959.006,1000
0.013,1716457959.997,1716457960.010,1000
0.023,1716457961.001,1716457961.024,1000
0.017,1716457962.005,1716457962.022,1000
0.021,1716457963.008,1716457963.029,1000
0.016,1716457964.012,1716457964.028,1000
0.019,1716457965.016,1716457965.035,1000
0.018,1716457966.020,1716457966.038,1000
0.011,1716457967.023,1716457967.034,1000
0.014,1716457968.027,1716457968.041,1000
0.015,1716457969.031,1716457969.046,1000
0.021,1716457970.034,1716457970.055,1000
0.012,1716457971.038,1716457971.050,1000
0.011,1716457972.042,1716457972.053,1000
0.013,1716457973.045,1716457973.058,1000
0.019,1716457974.049,1716457974.068,1000
0.017,1716457975.053,1716457975.070,1000
0.018,1716457976.056,1716457976.074,1000
0.013,1716457977.060,1716457977.073,1000
0.018,1716457978.064,1716457978.082,1000
0.017,1716457979.067,1716457979.084,1000
0.013,1716457980.071,1716457980.084,1000
0.012,1716457981.075,1716457981.087,1000
0.022,1716457982.078,1716457982.100,1000
0.019,1716457983.082,1716457983.101,1000
0.018,1716457984.086,1716457984.104,1000
0.018,1716457985.089,1716457985.107,1000
0.011,1716457986.093,1716457986.104,1000
0.014,1716457987.097,1716457987.111,1000
0.022,1716457988.100,1716457988.122,1000
0.020,1716457989.104,1716457989.124,1000
0.014,1716457990.108,1716457990.122,1000
0.029,1716457991.111,1716457991.140,1000
0.012,1716457992.115,1716457992.127,1000
0.025,1716457993.119,1716457993.144,1000
0.020,1716457994.122,1716457994.142,1000
0.019,1716457995.126,1716457995.145,1000
0.023,1716457996.130,1716457996.153,1000
0.016,1716457997.133,1716457997.149,1000
0.017,1716457998.137,1716457998.154,1000
0.019,1716457999.141,1716457999.160,1000
0.020,1716458000.144,1716458000.164,1000
0.015,1716458001.148,1716458001.163,1000
0.015,1716458002.152,1716458002.167,1000
0.017,1716458003.155,1716458003.172,1000
0.015,1716458004.159,1716458004.174,1000
0.032,1716458005.163,1716458005.195,1000
0.016,1716458006.166,1716458006.182,1000
0.017,1716458007.170,1716458007.187,1000
0.023,1716458008.174,1716458008.197,1000
0.021,1716458009.177,1716458009.198,1000
0.017,1716458010.181,1716458010.198,1000
0.023,1716458011.185,1716458011.208,1000
0.018,1716458012.188,1716458012.206,1000
0.017,1716458013.192,1716458013.209,1000
0.026,1716458014.196,1716458014.222,1000
0.023,1716458015.199,1716458015.222,1000
0.017,1716458016.203,1716458016.220,1000
0.023,1716458017.207,1716458017.230,1000
0.020,1716458018.210,1716458018.230,1000
0.017,1716458019.214,1716458019.231,1000
0.019,1716458020.218,1716458020.237,1000
0.018,1716458021.221,1716458021.239,1000
0.019,1716458022.225,1716458022.244,1000
0.026,1716458023.228,1716458023.254,1000
0.022,1716458024.232,1716458024.254,1000
0.023,1716458025.236,1716458025.259,1000
0.016,1716458026.240,1716458026.256,1000
0.019,1716458027.243,1716458027.262,1000
0.017,1716458028.247,1716458028.264,1000
0.025,1716458029.251,1716458029.276,1000
0.023,1716458030.254,1716458030.277,1000
0.022,1716458031.258,1716458031.280,1000
0.018,1716458032.262,1716458032.280,1000
0.018,1716458033.266,1716458033.284,1000
0.020,1716458034.269,1716458034.289,1000
0.023,1716458035.273,1716458035.296,1000
0.024,1716458036.276,1716458036.300,1000
0.027,1716458037.280,1716458037.307,1000
0.020,1716458038.284,1716458038.304,1000
0.022,1716458039.288,1716458039.310,1000
0.027,1716458040.291,1716458040.318,1000
0.023,1716458041.295,1716458041.318,1000
0.027,1716458042.299,1716458042.326,1000
0.028,1716458043.302,1716458043.330,1000
0.021,1716458044.306,1716458044.327,1000
0.024,1716458045.310,1716458045.334,1000
0.025,1716458046.313,1716458046.338,1000
0.025,1716458047.317,1716458047.342,1000
0.022,1716458048.321,1716458048.343,1000
0.021,1716458049.324,1716458049.345,1000
0.024,1716458050.328,1716458050.352,1000
0.020,1716458051.332,1716458051.352,1000
0.021,1716458052.335,1716458052.356,1000
0.024,1716458053.339,1716458053.363,1000
0.023,1716458054.343,1716458054.366,1000
0.038,1716458055.346,1716458055.384,1000
0.021,1716458056.350,1716458056.371,1000
0.022,1716458057.353,1716458057.375,1000
0.020,1716458058.357,1716458058.377,1000
0.034,1716458059.361,1716458059.395,1000
0.022,1716458060.365,1716458060.387,1000
0.021,1716458061.368,1716458061.389,1000
0.021,1716458062.372,1716458062.393,1000
0.026,1716458063.375,1716458063.401,1000
0.036,1716458064.379,1716458064.415,1000
0.024,1716458065.383,1716458065.407,1000
0.018,1716458066.387,1716458066.405,1000
0.027,1716458067.390,1716458067.417,1000
0.037,1716458068.394,1716458068.431,1000
0.029,1716458069.398,1716458069.427,1000
0.022,1716458070.401,1716458070.423,1000
0.028,1716458071.405,1716458071.433,1000
0.021,1716458072.409,1716458072.430,1000
0.028,1716458073.412,1716458073.440,1000
0.029,1716458074.416,1716458074.445,1000
0.027,1716458075.419,1716458075.446,1000
0.021,1716458076.423,1716458076.444,1000
0.028,1716458077.427,1716458077.455,1000
0.022,1716458078.430,1716458078.452,1000
0.024,1716458079.434,1716458079.458,1000
0.021,1716458080.438,1716458080.459,1000
0.031,1716458081.441,1716458081.472,1000
0.024,1716458082.445,1716458082.469,1000
0.026,1716458083.449,1716458083.475,1000
0.027,1716458084.453,1716458084.480,1000
0.022,1716458085.456,1716458085.478,1000
0.024,1716458086.460,1716458086.484,1000
0.023,1716458087.463,1716458087.486,1000
0.029,1716458088.467,1716458088.496,1000
0.028,1716458089.471,1716458089.499,1000
0.028,1716458090.474,1716458090.502,1000
0.030,1716458091.478,1716458091.508,1000
0.023,1716458092.482,1716458092.505,1000
0.029,1716458093.485,1716458093.514,1000
0.030,1716458094.489,1716458094.519,1000
0.024,1716458095.493,1716458095.517,1000
0.028,1716458096.496,1716458096.524,1000
0.028,1716458097.500,1716458097.528,1000
0.024,1716458098.504,1716458098.528,1000
0.032,1716458099.507,1716458099.539,1000
0.023,1716458100.511,1716458100.534,1000
0.029,1716458101.515,1716458101.544,1000
0.030,1716458102.518,1716458102.548,1000
0.028,1716458103.522,1716458103.550,1000
0.024,1716458104.526,1716458104.550,1000
0.030,1716458105.529,1716458105.559,1000
0.026,1716458106.533,1716458106.559,1000
0.028,1716458107.537,1716458107.565,1000
0.031,1716458108.540,1716458108.571,1000
0.031,1716458109.544,1716458109.575,1000
0.023,1716458110.548,1716458110.571,1000
0.025,1716458111.551,1716458111.576,1000
0.029,1716458112.555,1716458112.584,1000
0.033,1716458113.559,1716458113.592,1000
0.026,1716458114.562,1716458114.588,1000
0.026,1716458115.566,1716458115.592,1000
0.025,1716458116.570,1716458116.595,1000
0.030,1716458117.573,1716458117.603,1000
0.028,1716458118.577,1716458118.605,1000
0.025,1716458119.581,1716458119.606,1000
0.031,1716458120.584,1716458120.615,1000
0.032,1716458121.588,1716458121.620,1000
0.036,1716458122.592,1716458122.628,1000
0.031,1716458123.595,1716458123.626,1000
0.028,1716458124.599,1716458124.627,1000
0.024,1716458125.603,1716458125.627,1000
0.028,1716458126.606,1716458126.634,1000
0.031,1716458127.610,1716458127.641,1000
0.032,1716458128.614,1716458128.646,1000
0.024,1716458129.617,1716458129.641,1000
0.025,1716458130.621,1716458130.646,1000
0.036,1716458131.625,1716458131.661,1000
0.027,1716458132.628,1716458132.655,1000
0.025,1716458133.632,1716458133.657,1000
0.027,1716458134.636,1716458134.663,1000
0.027,1716458135.639,1716458135.666,1000
0.028,1716458136.643,1716458136.671,1000
0.027,1716458137.647,1716458137.674,1000
0.037,1716458138.650,1716458138.687,1000
0.027,1716458139.654,1716458139.681,1000
0.029,1716458140.658,1716458140.687,1000
0.036,1716458141.661,1716458141.697,1000
0.031,1716458142.665,1716458142.696,1000
0.033,1716458143.669,1716458143.702,1000
0.027,1716458144.673,1716458144.700,1000
0.031,1716458145.676,1716458145.707,1000
0.026,1716458146.680,1716458146.706,1000
0.028,1716458147.683,1716458147.711,1000
0.033,1716458148.687,1716458148.720,1000
0.027,1716458149.691,1716458149.718,1000
0.030,1716458150.695,1716458150.725,1000
0.029,1716458151.698,1716458151.727,1000
0.028,1716458152.702,1716458152.730,1000
0.033,1716458153.706,1716458153.739,1000
0.031,1716458154.709,1716458154.740,1000
0.027,1716458155.713,1716458155.740,1000
0.026,1716458156.717,1716458156.743,1000
0.031,1716458157.721,1716458157.752,1000
0.034,1716458158.724,1716458158.758,1000
0.033,1716458159.728,1716458159.761,1000
0.040,1716458160.731,1716458160.771,1000
0.046,1716458161.735,1716458161.781,1000
0.031,1716458162.739,1716458162.770,1000
0.028,1716458163.742,1716458163.770,1000
0.032,1716458164.746,1716458164.778,1000
0.032,1716458165.750,1716458165.782,1000
0.027,1716458166.754,1716458166.781,1000
0.027,1716458167.757,1716458167.784,1000
0.028,1716458168.761,1716458168.789,1000
0.027,1716458169.765,1716458169.792,1000
0.034,1716458170.769,1716458170.803,1000
0.026,1716458171.772,1716458171.798,1000
0.025,1716458172.776,1716458172.801,1000
0.032,1716458173.780,1716458173.812,1000
0.031,1716458174.783,1716458174.814,1000
0.026,1716458175.787,1716458175.813,1000
0.030,1716458176.791,1716458176.821,1000
0.025,1716458177.795,1716458177.820,1000
0.049,1716458178.798,1716458178.847,1000
0.030,1716458179.802,1716458179.832,1000
0.031,1716458180.806,1716458180.837,1000
0.025,1716458181.809,1716458181.834,1000
0.028,1716458182.813,1716458182.841,1000
0.026,1716458183.817,1716458183.843,1000
0.040,1716458184.820,1716458184.860,1000
0.031,1716458185.824,1716458185.855,1000
0.033,1716458186.828,1716458186.861,1000
0.025,1716458187.831,1716458187.856,1000
0.034,1716458188.835,1716458188.869,1000
0.025,1716458189.839,1716458189.864,1000
0.027,1716458190.843,1716458190.870,1000
0.025,1716458191.846,1716458191.871,1000
0.027,1716458192.850,1716458192.877,1000
0.030,1716458193.854,1716458193.884,1000
0.025,1716458194.857,1716458194.882,1000
0.023,1716458195.861,1716458195.884,1000
0.029,1716458196.865,1716458196.894,1000
0.037,1716458197.868,1716458197.905,1000
0.021,1716458198.872,1716458198.893,1000
0.023,1716458199.876,1716458199.899,1000
0.027,1716458200.879,1716458200.906,1000
0.020,1716458201.883,1716458201.903,1000
0.031,1716458202.887,1716458202.918,1000
0.031,1716458203.891,1716458203.922,1000
0.029,1716458204.894,1716458204.923,1000
0.028,1716458205.898,1716458205.926,1000
0.024,1716458206.902,1716458206.926,1000
0.028,1716458207.906,1716458207.934,1000
0.030,1716458208.909,1716458208.939,1000
0.030,1716458209.913,1716458209.943,1000
0.026,1716458210.917,1716458210.943,1000
0.025,1716458211.920,1716458211.945,1000
0.026,1716458212.924,1716458212.950,1000
0.024,1716458213.928,1716458213.952,1000
0.024,1716458214.932,1716458214.956,1000
0.026,1716458215.935,1716458215.961,1000
0.030,1716458216.939,1716458216.969,1000
0.025,1716458217.943,1716458217.968,1000
0.030,1716458218.946,1716458218.976,1000
0.028,1716458219.950,1716458219.978,1000
0.030,1716458220.954,1716458220.984,1000
0.025,1716458221.957,1716458221.982,1000
0.025,1716458222.961,1716458222.986,1000
0.025,1716458223.965,1716458223.990,1000
0.033,1716458224.968,1716458225.001,1000
0.025,1716458225.972,1716458225.997,1000
0.023,1716458226.976,1716458226.999,1000
0.026,1716458227.979,1716458228.005,1000
0.029,1716458228.983,1716458229.012,1000
0.026,1716458229.987,1716458230.013,1000
0.025,1716458230.991,1716458231.016,1000
0.023,1716458231.994,1716458232.017,1000
0.028,1716458232.998,1716458233.026,1000
0.027,1716458234.002,1716458234.029,1000
0.031,1716458235.005,1716458235.036,1000
0.029,1716458236.009,1716458236.038,1000
0.021,1716458237.013,1716458237.034,1000
0.025,1716458238.016,1716458238.041,1000
0.028,1716458239.020,1716458239.048,1000
0.027,1716458240.024,1716458240.051,1000
0.025,1716458241.027,1716458241.052,1000
0.026,1716458242.031,1716458242.057,1000
0.022,1716458243.035,1716458243.057,1000
0.027,1716458244.038,1716458244.065,1000
0.055,1716458245.042,1716458245.097,1000
0.023,1716458246.046,1716458246.069,1000
0.035,1716458247.049,1716458247.084,1000
0.027,1716458248.053,1716458248.080,1000
0.021,1716458249.057,1716458249.078,1000
0.026,1716458250.060,1716458250.086,1000
0.022,1716458251.064,1716458251.086,1000
0.021,1716458252.068,1716458252.089,1000
0.028,1716458253.071,1716458253.099,1000
0.027,1716458254.075,1716458254.102,1000
0.030,1716458255.079,1716458255.109,1000
0.021,1716458256.083,1716458256.104,1000
0.022,1716458257.086,1716458257.108,1000
0.021,1716458258.090,1716458258.111,1000
0.035,1716458259.094,1716458259.129,1000
0.030,1716458260.097,1716458260.127,1000
0.033,1716458261.101,1716458261.134,1000
0.022,1716458262.105,1716458262.127,1000
0.042,1716458263.109,1716458263.151,1000
0.033,1716458264.112,1716458264.145,1000
0.021,1716458265.116,1716458265.137,1000
0.022,1716458266.120,1716458266.142,1000
0.021,1716458267.124,1716458267.145,1000
0.023,1716458268.127,1716458268.150,1000
0.030,1716458269.131,1716458269.161,1000
0.021,1716458270.135,1716458270.156,1000
0.023,1716458271.138,1716458271.161,1000
0.022,1716458272.142,1716458272.164,1000
0.024,1716458273.146,1716458273.170,1000
0.034,1716458274.149,1716458274.183,1000
0.021,1716458275.153,1716458275.174,1000
0.023,1716458276.157,1716458276.180,1000
0.022,1716458277.160,1716458277.182,1000
0.025,1716458278.164,1716458278.189,1000
0.029,1716458279.168,1716458279.197,1000
0.024,1716458280.171,1716458280.195,1000
0.027,1716458281.175,1716458281.202,1000
0.021,1716458282.179,1716458282.200,1000
0.021,1716458283.182,1716458283.203,1000
0.038,1716458284.186,1716458284.224,1000
0.027,1716458285.190,1716458285.217,1000
0.022,1716458286.193,1716458286.215,1000
0.025,1716458287.197,1716458287.222,1000
0.020,1716458288.201,1716458288.221,1000
0.019,1716458289.204,1716458289.223,1000
0.026,1716458290.208,1716458290.234,1000
0.023,1716458291.212,1716458291.235,1000
0.024,1716458292.215,1716458292.239,1000
0.024,1716458293.219,1716458293.243,1000
0.024,1716458294.223,1716458294.247,1000
0.028,1716458295.226,1716458295.254,1000
0.022,1716458296.230,1716458296.252,1000
0.019,1716458297.234,1716458297.253,1000
0.021,1716458298.237,1716458298.258,1000
0.024,1716458299.241,1716458299.265,1000
0.026,1716458300.245,1716458300.271,1000
0.022,1716458301.248,1716458301.270,1000
0.022,1716458302.252,1716458302.274,1000
0.025,1716458303.256,1716458303.281,1000
0.020,1716458304.260,1716458304.280,1000
0.026,1716458305.263,1716458305.289,1000
0.024,1716458306.267,1716458306.291,1000
0.020,1716458307.271,1716458307.291,1000
0.022,1716458308.274,1716458308.296,1000
0.023,1716458309.278,1716458309.301,1000
0.021,1716458310.281,1716458310.302,1000
0.027,1716458311.285,1716458311.312,1000
0.029,1716458312.289,1716458312.318,1000
0.024,1716458313.293,1716458313.317,1000
0.020,1716458314.296,1716458314.316,1000
0.021,1716458315.300,1716458315.321,1000
0.020,1716458316.304,1716458316.324,1000
0.027,1716458317.307,1716458317.334,1000
0.025,1716458318.311,1716458318.336,1000
0.018,1716458319.315,1716458319.333,1000
0.020,1716458320.319,1716458320.339,1000
0.020,1716458321.322,1716458321.342,1000
0.023,1716458322.326,1716458322.349,1000
0.029,1716458323.330,1716458323.359,1000
0.026,1716458324.333,1716458324.359,1000
0.024,1716458325.337,1716458325.361,1000
0.021,1716458326.341,1716458326.362,1000
0.029,1716458327.345,1716458327.374,1000
0.020,1716458328.348,1716458328.368,1000
0.020,1716458329.352,1716458329.372,1000
0.024,1716458330.356,1716458330.380,1000
0.025,1716458331.360,1716458331.385,1000
0.025,1716458332.363,1716458332.388,1000
0.019,1716458333.367,1716458333.386,1000
0.020,1716458334.371,1716458334.391,1000
0.024,1716458335.374,1716458335.398,1000
0.016,1716458336.378,1716458336.394,1000
0.019,1716458337.382,1716458337.401,1000
0.022,1716458338.386,1716458338.408,1000
0.028,1716458339.389,1716458339.417,1000
0.026,1716458340.393,1716458340.419,1000
0.024,1716458341.397,1716458341.421,1000
0.019,1716458342.400,1716458342.419,1000
0.019,1716458343.404,1716458343.423,1000
0.024,1716458344.408,1716458344.432,1000
0.021,1716458345.411,1716458345.432,1000
0.024,1716458346.415,1716458346.439,1000
0.021,1716458347.419,1716458347.440,1000
0.019,1716458348.422,1716458348.441,1000
0.018,1716458349.426,1716458349.444,1000
0.024,1716458350.430,1716458350.454,1000
0.017,1716458351.433,1716458351.450,1000
0.027,1716458352.437,1716458352.464,1000
0.022,1716458353.441,1716458353.463,1000
0.027,1716458354.444,1716458354.471,1000
0.018,1716458355.448,1716458355.466,1000
0.021,1716458356.452,1716458356.473,1000
0.027,1716458357.455,1716458357.482,1000
0.024,1716458358.459,1716458358.483,1000
0.020,1716458359.463,1716458359.483,1000
0.024,1716458360.467,1716458360.491,1000
0.025,1716458361.470,1716458361.495,1000
0.020,1716458362.474,1716458362.494,1000
0.023,1716458363.478,1716458363.501,1000
0.021,1716458364.481,1716458364.502,1000
0.023,1716458365.485,1716458365.508,1000
0.025,1716458366.489,1716458366.514,1000
0.018,1716458367.493,1716458367.511,1000
0.031,1716458368.496,1716458368.527,1000
0.020,1716458369.500,1716458369.520,1000
0.023,1716458370.503,1716458370.526,1000
0.020,1716458371.507,1716458371.527,1000
0.033,1716458372.511,1716458372.544,1000
0.017,1716458373.515,1716458373.532,1000
0.024,1716458374.518,1716458374.542,1000
0.017,1716458375.522,1716458375.539,1000
0.020,1716458376.526,1716458376.546,1000
0.025,1716458377.529,1716458377.554,1000
0.022,1716458378.533,1716458378.555,1000
0.018,1716458379.537,1716458379.555,1000
0.020,1716458380.540,1716458380.560,1000
0.019,1716458381.544,1716458381.563,1000
0.030,1716458382.548,1716458382.578,1000
0.022,1716458383.552,1716458383.574,1000
0.017,1716458384.555,1716458384.572,1000
0.018,1716458385.559,1716458385.577,1000
0.018,1716458386.563,1716458386.581,1000
0.023,1716458387.567,1716458387.590,1000
0.026,1716458388.570,1716458388.596,1000
0.023,1716458389.574,1716458389.597,1000
0.019,1716458390.578,1716458390.597,1000
0.018,1716458391.581,1716458391.599,1000
0.024,1716458392.585,1716458392.609,1000
0.022,1716458393.589,1716458393.611,1000
0.029,1716458394.592,1716458394.621,1000
0.017,1716458395.596,1716458395.613,1000
0.022,1716458396.600,1716458396.622,1000
0.025,1716458397.603,1716458397.628,1000
0.018,1716458398.607,1716458398.625,1000
0.023,1716458399.611,1716458399.634,1000
0.018,1716458400.615,1716458400.633,1000
0.020,1716458401.618,1716458401.638,1000
0.023,1716458402.622,1716458402.645,1000
0.022,1716458403.626,1716458403.648,1000
0.031,1716458404.629,1716458404.660,1000
0.017,1716458405.633,1716458405.650,1000
0.018,1716458406.637,1716458406.655,1000
0.018,1716458407.640,1716458407.658,1000
0.017,1716458408.644,1716458408.661,1000
0.020,1716458409.648,1716458409.668,1000
0.018,1716458410.651,1716458410.669,1000
0.018,1716458411.655,1716458411.673,1000
0.023,1716458412.659,1716458412.682,1000
0.021,1716458413.662,1716458413.683,1000
0.018,1716458414.666,1716458414.684,1000
0.025,1716458415.670,1716458415.695,1000
0.018,1716458416.673,1716458416.691,1000
0.019,1716458417.677,1716458417.696,1000
0.024,1716458418.681,1716458418.705,1000
0.022,1716458419.684,1716458419.706,1000
0.017,1716458420.688,1716458420.705,1000
0.018,1716458421.692,1716458421.710,1000
0.023,1716458422.696,1716458422.719,1000
0.020,1716458423.699,1716458423.719,1000
0.016,1716458424.703,1716458424.719,1000
0.017,1716458425.707,1716458425.724,1000
0.017,1716458426.711,1716458426.728,1000
0.024,1716458427.714,1716458427.738,1000
0.022,1716458428.718,1716458428.740,1000
0.016,1716458429.722,1716458429.738,1000
0.016,1716458430.726,1716458430.742,1000
0.017,1716458431.729,1716458431.746,1000
0.017,1716458432.733,1716458432.750,1000
0.024,1716458433.737,1716458433.761,1000
0.018,1716458434.741,1716458434.759,1000
0.022,1716458435.744,1716458435.766,1000
0.016,1716458436.748,1716458436.764,1000
0.025,1716458437.751,1716458437.776,1000
0.021,1716458438.755,1716458438.776,1000
0.016,1716458439.759,1716458439.775,1000
0.016,1716458440.763,1716458440.779,1000
0.017,1716458441.766,1716458441.783,1000
0.023,1716458442.770,1716458442.793,1000
0.022,1716458443.774,1716458443.796,1000
0.021,1716458444.778,1716458444.799,1000
0.022,1716458445.781,1716458445.803,1000
0.015,1716458446.785,1716458446.800,1000
0.022,1716458447.789,1716458447.811,1000
0.027,1716458448.793,1716458448.820,1000
0.020,1716458449.796,1716458449.816,1000
0.016,1716458450.800,1716458450.816,1000
0.015,1716458451.804,1716458451.819,1000
0.025,1716458452.807,1716458452.832,1000
0.016,1716458453.811,1716458453.827,1000
0.028,1716458454.814,1716458454.842,1000
0.016,1716458455.818,1716458455.834,1000
0.028,1716458456.822,1716458456.850,1000
0.019,1716458457.826,1716458457.845,1000
0.026,1716458458.829,1716458458.855,1000
0.014,1716458459.833,1716458459.847,1000
0.015,1716458460.837,1716458460.852,1000
0.018,1716458461.840,1716458461.858,1000
0.014,1716458462.844,1716458462.858,1000
0.020,1716458463.848,1716458463.868,1000
0.020,1716458464.851,1716458464.871,1000
0.015,1716458465.855,1716458465.870,1000
0.015,1716458466.859,1716458466.874,1000
0.016,1716458467.863,1716458467.879,1000
0.019,1716458468.867,1716458468.886,1000
0.016,1716458469.870,1716458469.886,1000
0.016,1716458470.874,1716458470.890,1000
0.009,1716458471.878,1716458471.887,1000
0.021,1716458472.882,1716458472.903,1000
0.018,1716458473.885,1716458473.903,1000
0.020,1716458474.889,1716458474.909,1000
0.015,1716458475.893,1716458475.908,1000
0.023,1716458476.896,1716458476.919,1000
0.017,1716458477.900,1716458477.917,1000
0.017,1716458478.904,1716458478.921,1000
0.017,1716458479.907,1716458479.924,1000
0.015,1716458480.911,1716458480.926,1000
0.020,1716458481.915,1716458481.935,1000
0.015,1716458482.919,1716458482.934,1000
0.017,1716458483.922,1716458483.939,1000
0.015,1716458484.926,1716458484.941,1000
0.020,1716458485.930,1716458485.950,1000
0.020,1716458486.934,1716458486.954,1000
0.020,1716458487.937,1716458487.957,1000
0.016,1716458488.941,1716458488.957,1000
0.014,1716458489.945,1716458489.959,1000
0.016,1716458490.949,1716458490.965,1000
0.014,1716458491.952,1716458491.966,1000
0.017,1716458492.956,1716458492.973,1000
0.022,1716458493.959,1716458493.981,1000
0.021,1716458494.963,1716458494.984,1000
0.017,1716458495.967,1716458495.984,1000
0.015,1716458496.971,1716458496.986,1000
0.020,1716458497.974,1716458497.994,1000
0.023,1716458498.978,1716458499.001,1000
0.014,1716458499.982,1716458499.996,1000
0.022,1716458500.985,1716458501.007,1000
0.015,1716458501.989,1716458502.004,1000
0.020,1716458502.993,1716458503.013,1000
0.020,1716458503.996,1716458504.016,1000
0.020,1716458505.000,1716458505.020,1000
0.015,1716458506.004,1716458506.019,1000
0.016,1716458507.008,1716458507.024,1000
0.017,1716458508.011,1716458508.028,1000
0.017,1716458509.015,1716458509.032,1000
0.018,1716458510.019,1716458510.037,1000
0.017,1716458511.022,1716458511.039,1000
0.019,1716458512.026,1716458512.045,1000
0.015,1716458513.030,1716458513.045,1000
0.023,1716458514.034,1716458514.057,1000
0.014,1716458515.037,1716458515.051,1000
0.013,1716458516.041,1716458516.054,1000
0.019,1716458517.045,1716458517.064,1000
0.020,1716458518.048,1716458518.068,1000
0.022,1716458519.052,1716458519.074,1000
0.013,1716458520.056,1716458520.069,1000
0.017,1716458521.059,1716458521.076,1000
0.013,1716458522.063,1716458522.076,1000
0.019,1716458523.067,1716458523.086,1000
0.022,1716458524.070,1716458524.092,1000
0.017,1716458525.074,1716458525.091,1000
0.014,1716458526.078,1716458526.092,1000
0.014,1716458527.082,1716458527.096,1000
0.014,1716458528.085,1716458528.099,1000
0.028,1716458529.089,1716458529.117,1000
0.015,1716458530.093,1716458530.108,1000
0.028,1716458531.096,1716458531.124,1000
0.014,1716458532.100,1716458532.114,1000
0.037,1716458533.103,1716458533.140,1000
0.021,1716458534.107,1716458534.128,1000
0.017,1716458535.111,1716458535.128,1000
0.014,1716458536.115,1716458536.129,1000
0.013,1716458537.118,1716458537.131,1000
0.012,1716458538.122,1716458538.134,1000
0.020,1716458539.126,1716458539.146,1000
0.014,1716458540.129,1716458540.143,1000
0.023,1716458541.133,1716458541.156,1000
0.014,1716458542.137,1716458542.151,1000
0.019,1716458543.140,1716458543.159,1000
0.018,1716458544.144,1716458544.162,1000
0.019,1716458545.148,1716458545.167,1000
0.019,1716458546.151,1716458546.170,1000
0.020,1716458547.155,1716458547.175,1000
0.013,1716458548.159,1716458548.172,1000
0.020,1716458549.162,1716458549.182,1000
0.015,1716458550.166,1716458550.181,1000
0.018,1716458551.170,1716458551.188,1000
0.019,1716458552.173,1716458552.192,1000
0.013,1716458553.177,1716458553.190,1000
0.017,1716458554.181,1716458554.198,1000
0.014,1716458555.184,1716458555.198,1000
0.014,1716458556.188,1716458556.202,1000
0.017,1716458557.192,1716458557.209,1000
0.018,1716458558.195,1716458558.213,1000
0.016,1716458559.199,1716458559.215,1000
0.014,1716458560.203,1716458560.217,1000
0.014,1716458561.206,1716458561.220,1000
0.014,1716458562.210,1716458562.224,1000
0.016,1716458563.214,1716458563.230,1000
0.015,1716458564.218,1716458564.233,1000
0.023,1716458565.221,1716458565.244,1000
0.012,1716458566.225,1716458566.237,1000
0.015,1716458567.229,1716458567.244,1000
0.016,1716458568.232,1716458568.248,1000
0.020,1716458569.236,1716458569.256,1000
0.017,1716458570.240,1716458570.257,1000
0.017,1716458571.244,1716458571.261,1000
0.014,1716458572.247,1716458572.261,1000
0.013,1716458573.251,1716458573.264,1000
0.014,1716458574.255,1716458574.269,1000
0.018,1716458575.258,1716458575.276,1000
0.018,1716458576.262,1716458576.280,1000
0.012,1716458577.266,1716458577.278,1000
0.011,1716458578.270,1716458578.281,1000
0.015,1716458579.273,1716458579.288,1000
0.017,1716458580.277,1716458580.294,1000
0.012,1716458581.281,1716458581.293,1000
0.018,1716458582.284,1716458582.302,1000
0.017,1716458583.288,1716458583.305,1000
0.019,1716458584.291,1716458584.310,1000
