rtt,send_time,send_time,ack_time
0.001,1716456698.359, 1716456698.360
0.001,1716456699.363, 1716456699.364
0.001,1716456700.367, 1716456700.368
0.001,1716456701.371, 1716456701.372
0.001,1716456702.375, 1716456702.376
0.001,1716456703.379, 1716456703.380
0.001,1716456704.383, 1716456704.384
0.001,1716456705.387, 1716456705.388
0.001,1716456706.391, 1716456706.391
0.001,1716456707.394, 1716456707.395
0.001,1716456708.398, 1716456708.399
0.001,1716456709.402, 1716456709.403
0.001,1716456710.406, 1716456710.406
0.001,1716456711.410, 1716456711.410
0.001,1716456712.413, 1716456712.414
0.001,1716456713.417, 1716456713.417
0.001,1716456714.421, 1716456714.421
0.001,1716456715.425, 1716456715.425
0.001,1716456716.428, 1716456716.429
0.001,1716456717.432, 1716456717.433
0.001,1716456718.436, 1716456718.436
0.001,1716456719.439, 1716456719.440
0.001,1716456720.443, 1716456720.444
0.001,1716456721.447, 1716456721.447
0.001,1716456722.450, 1716456722.451
0.001,1716456723.454, 1716456723.455
0.001,1716456724.458, 1716456724.458
0.001,1716456725.461, 1716456725.462
0.001,1716456726.465, 1716456726.466
0.001,1716456727.469, 1716456727.470
0.001,1716456728.473, 1716456728.473
0.001,1716456729.476, 1716456729.477
0.001,1716456730.480, 1716456730.480
0.001,1716456731.483, 1716456731.484
0.001,1716456732.487, 1716456732.488
0.001,1716456733.491, 1716456733.491
0.001,1716456734.494, 1716456734.495
0.001,1716456735.498, 1716456735.499
0.001,1716456736.502, 1716456736.502
0.001,1716456737.505, 1716456737.506
0.001,1716456738.509, 1716456738.510
0.001,1716456739.513, 1716456739.513
0.001,1716456740.516, 1716456740.517
0.001,1716456741.520, 1716456741.521
0.001,1716456742.524, 1716456742.524
0.001,1716456743.527, 1716456743.528
0.001,1716456744.531, 1716456744.532
0.001,1716456745.535, 1716456745.535
0.001,1716456746.539, 1716456746.539
0.001,1716456747.542, 1716456747.543
0.001,1716456748.546, 1716456748.546
0.001,1716456749.549, 1716456749.550
0.001,1716456750.553, 1716456750.554
0.001,1716456751.557, 1716456751.557
0.001,1716456752.560, 1716456752.561
0.001,1716456753.564, 1716456753.565
0.001,1716456754.568, 1716456754.568
0.001,1716456755.571, 1716456755.572
0.001,1716456756.575, 1716456756.575
0.001,1716456757.578, 1716456757.579
0.001,1716456758.582, 1716456758.583
0.001,1716456759.586, 1716456759.587
0.001,1716456760.590, 1716456760.590
0.001,1716456761.593, 1716456761.594
0.001,1716456762.597, 1716456762.598
0.001,1716456763.600, 1716456763.601
0.001,1716456764.604, 1716456764.605
0.001,1716456765.608, 1716456765.608
0.001,1716456766.611, 1716456766.612
0.001,1716456767.615, 1716456767.615
0.001,1716456768.618, 1716456768.619
0.001,1716456769.622, 1716456769.623
0.001,1716456770.626, 1716456770.626
0.001,1716456771.629, 1716456771.630
0.001,1716456772.633, 1716456772.633
0.001,1716456773.636, 1716456773.637
0.001,1716456774.640, 1716456774.641
0.001,1716456775.644, 1716456775.644
0.001,1716456776.647, 1716456776.648
0.001,1716456777.651, 1716456777.652
0.001,1716456778.655, 1716456778.655
0.001,1716456779.658, 1716456779.659
0.001,1716456780.662, 1716456780.663
0.001,1716456781.666, 1716456781.666
0.001,1716456782.669, 1716456782.670
0.001,1716456783.673, 1716456783.674
0.001,1716456784.677, 1716456784.677
0.001,1716456785.680, 1716456785.681
0.001,1716456786.684, 1716456786.685
0.001,1716456787.687, 1716456787.688
0.001,1716456788.691, 1716456788.692
0.001,1716456789.695, 1716456789.695
0.001,1716456790.698, 1716456790.699
0.001,1716456791.702, 1716456791.703
0.001,1716456792.706, 1716456792.706
0.001,1716456793.709, 1716456793.710
0.001,1716456794.713, 1716456794.714
0.001,1716456795.717, 1716456795.717
0.001,1716456796.720, 1716456796.721
0.001,1716456797.724, 1716456797.724
0.001,1716456798.727, 1716456798.728
0.001,1716456799.731, 1716456799.732
0.001,1716456800.735, 1716456800.736
0.001,1716456801.739, 1716456801.739
0.001,1716456802.742, 1716456802.743
0.001,1716456803.746, 1716456803.747
0.001,1716456804.750, 1716456804.750
0.001,1716456805.753, 1716456805.754
0.001,1716456806.757, 1716456806.758
0.001,1716456807.761, 1716456807.761
0.001,1716456808.764, 1716456808.765
0.001,1716456809.768, 1716456809.769
0.001,1716456810.772, 1716456810.772
0.001,1716456811.775, 1716456811.776
0.001,1716456812.779, 1716456812.779
0.001,1716456813.783, 1716456813.783
0.001,1716456814.786, 1716456814.787
0.001,1716456815.790, 1716456815.790
0.001,1716456816.793, 1716456816.794
0.001,1716456817.797, 1716456817.798
0.001,1716456818.801, 1716456818.801
0.001,1716456819.805, 1716456819.805
0.001,1716456820.808, 1716456820.809
0.001,1716456821.812, 1716456821.812
0.001,1716456822.815, 1716456822.816
0.001,1716456823.819, 1716456823.820
0.001,1716456824.823, 1716456824.823
0.001,1716456825.826, 1716456825.827
0.001,1716456826.830, 1716456826.831
0.001,1716456827.834, 1716456827.834
0.001,1716456828.837, 1716456828.838
0.001,1716456829.841, 1716456829.842
0.001,1716456830.845, 1716456830.846
0.001,1716456831.848, 1716456831.849
0.001,1716456832.852, 1716456832.853
0.001,1716456833.856, 1716456833.856
0.001,1716456834.859, 1716456834.860
0.001,1716456835.863, 1716456835.864
0.001,1716456836.867, 1716456836.867
0.001,1716456837.871, 1716456837.871
0.001,1716456838.874, 1716456838.875
0.001,1716456839.878, 1716456839.879
0.001,1716456840.882, 1716456840.882
0.001,1716456841.885, 1716456841.886
0.001,1716456842.889, 1716456842.890
0.001,1716456843.893, 1716456843.894
0.001,1716456844.897, 1716456844.897
0.001,1716456845.900, 1716456845.901
0.001,1716456846.904, 1716456846.905
0.001,1716456847.908, 1716456847.908
0.001,1716456848.911, 1716456848.912
0.001,1716456849.915, 1716456849.916
0.001,1716456850.919, 1716456850.920
0.001,1716456851.923, 1716456851.923
0.001,1716456852.926, 1716456852.927
0.001,1716456853.930, 1716456853.931
0.001,1716456854.934, 1716456854.934
0.001,1716456855.937, 1716456855.938
0.001,1716456856.941, 1716456856.942
0.001,1716456857.945, 1716456857.946
0.001,1716456858.949, 1716456858.949
0.001,1716456859.952, 1716456859.953
0.001,1716456860.956, 1716456860.957
0.001,1716456861.960, 1716456861.960
0.001,1716456862.963, 1716456862.964
0.001,1716456863.967, 1716456863.968
0.001,1716456864.971, 1716456864.971
0.001,1716456865.974, 1716456865.975
0.001,1716456866.978, 1716456866.979
0.001,1716456867.982, 1716456867.982
0.001,1716456868.985, 1716456868.986
0.001,1716456869.989, 1716456869.990
0.001,1716456870.993, 1716456870.993
0.001,1716456871.996, 1716456871.997
0.001,1716456873.000, 1716456873.001
0.001,1716456874.004, 1716456874.004
0.001,1716456875.007, 1716456875.008
0.001,1716456876.011, 1716456876.012
0.001,1716456877.015, 1716456877.015
0.001,1716456878.019, 1716456878.019
0.001,1716456879.022, 1716456879.023
0.001,1716456880.026, 1716456880.027
0.001,1716456881.030, 1716456881.030
0.001,1716456882.034, 1716456882.034
0.001,1716456883.037, 1716456883.038
0.001,1716456884.041, 1716456884.042
0.001,1716456885.045, 1716456885.045
0.001,1716456886.049, 1716456886.049
0.001,1716456887.052, 1716456887.053
0.001,1716456888.056, 1716456888.057
0.001,1716456889.060, 1716456889.061
0.001,1716456890.064, 1716456890.064
0.001,1716456891.067, 1716456891.068
0.001,1716456892.071, 1716456892.072
0.001,1716456893.075, 1716456893.076
0.001,1716456894.079, 1716456894.079
0.001,1716456895.083, 1716456895.083
0.001,1716456896.086, 1716456896.087
0.001,1716456897.090, 1716456897.091
0.001,1716456898.094, 1716456898.094
0.001,1716456899.098, 1716456899.098
0.001,1716456900.101, 1716456900.102
0.001,1716456901.105, 1716456901.106
0.001,1716456902.109, 1716456902.109
0.001,1716456903.112, 1716456903.113
0.001,1716456904.116, 1716456904.117
0.001,1716456905.120, 1716456905.120
0.001,1716456906.123, 1716456906.124
0.001,1716456907.127, 1716456907.128
0.001,1716456908.131, 1716456908.131
0.001,1716456909.134, 1716456909.135
0.001,1716456910.138, 1716456910.139
0.001,1716456911.142, 1716456911.142
0.001,1716456912.145, 1716456912.146
0.001,1716456913.149, 1716456913.150
0.001,1716456914.153, 1716456914.154
0.001,1716456915.157, 1716456915.157
0.001,1716456916.160, 1716456916.161
0.001,1716456917.164, 1716456917.165
0.001,1716456918.168, 1716456918.168
0.001,1716456919.172, 1716456919.172
0.001,1716456920.175, 1716456920.176
0.001,1716456921.179, 1716456921.180
0.001,1716456922.183, 1716456922.183
0.001,1716456923.186, 1716456923.187
0.001,1716456924.190, 1716456924.191
0.001,1716456925.193, 1716456925.194
0.001,1716456926.197, 1716456926.198
0.001,1716456927.201, 1716456927.201
0.001,1716456928.204, 1716456928.205
0.001,1716456929.208, 1716456929.209
0.001,1716456930.212, 1716456930.213
0.001,1716456931.216, 1716456931.216
0.001,1716456932.219, 1716456932.220
0.001,1716456933.223, 1716456933.224
0.001,1716456934.227, 1716456934.227
0.001,1716456935.230, 1716456935.231
0.001,1716456936.234, 1716456936.235
0.001,1716456937.238, 1716456937.238
0.001,1716456938.241, 1716456938.242
0.001,1716456939.245, 1716456939.246
0.001,1716456940.249, 1716456940.250
0.001,1716456941.253, 1716456941.253
0.001,1716456942.256, 1716456942.257
0.001,1716456943.260, 1716456943.261
0.001,1716456944.264, 1716456944.264
0.001,1716456945.267, 1716456945.268
0.001,1716456946.271, 1716456946.271
0.001,1716456947.275, 1716456947.275
0.001,1716456948.278, 1716456948.279
0.001,1716456949.282, 1716456949.282
0.001,1716456950.286, 1716456950.286
0.001,1716456951.289, 1716456951.290
0.001,1716456952.293, 1716456952.294
0.001,1716456953.297, 1716456953.297
0.001,1716456954.300, 1716456954.301
0.001,1716456955.304, 1716456955.305
0.001,1716456956.308, 1716456956.309
0.001,1716456957.312, 1716456957.312
0.001,1716456958.315, 1716456958.316
0.001,1716456959.319, 1716456959.320
0.001,1716456960.323, 1716456960.324
0.001,1716456961.327, 1716456961.327
0.001,1716456962.330, 1716456962.331
0.001,1716456963.334, 1716456963.335
0.001,1716456964.338, 1716456964.338
0.001,1716456965.341, 1716456965.342
0.001,1716456966.345, 1716456966.346
0.001,1716456967.349, 1716456967.349
0.001,1716456968.353, 1716456968.353
0.001,1716456969.356, 1716456969.357
0.001,1716456970.360, 1716456970.361
0.001,1716456971.364, 1716456971.364
0.001,1716456972.367, 1716456972.368
0.001,1716456973.371, 1716456973.372
0.001,1716456974.375, 1716456974.375
0.001,1716456975.378, 1716456975.379
0.001,1716456976.382, 1716456976.383
0.001,1716456977.386, 1716456977.386
0.001,1716456978.389, 1716456978.390
0.001,1716456979.393, 1716456979.394
0.001,1716456980.397, 1716456980.397
0.001,1716456981.400, 1716456981.401
0.001,1716456982.404, 1716456982.405
0.001,1716456983.408, 1716456983.409
0.001,1716456984.412, 1716456984.412
0.001,1716456985.415, 1716456985.416
0.001,1716456986.419, 1716456986.420
0.001,1716456987.422, 1716456987.423
0.001,1716456988.426, 1716456988.427
0.001,1716456989.430, 1716456989.431
0.001,1716456990.434, 1716456990.434
0.001,1716456991.437, 1716456991.438
0.001,1716456992.441, 1716456992.442
0.001,1716456993.445, 1716456993.445
0.001,1716456994.448, 1716456994.449
0.001,1716456995.452, 1716456995.453
0.001,1716456996.456, 1716456996.457
0.001,1716456997.460, 1716456997.460
0.001,1716456998.463, 1716456998.464
0.001,1716456999.467, 1716456999.468
0.001,1716457000.471, 1716457000.472
0.001,1716457001.475, 1716457001.475
0.001,1716457002.478, 1716457002.479
0.001,1716457003.482, 1716457003.483
0.001,1716457004.486, 1716457004.487
0.001,1716457005.490, 1716457005.490
0.001,1716457006.493, 1716457006.494
0.001,1716457007.497, 1716457007.498
0.001,1716457008.501, 1716457008.501
0.001,1716457009.504, 1716457009.505
0.001,1716457010.508, 1716457010.509
0.001,1716457011.512, 1716457011.512
0.001,1716457012.515, 1716457012.516
0.001,1716457013.519, 1716457013.520
0.001,1716457014.523, 1716457014.524
0.001,1716457015.527, 1716457015.527
0.001,1716457016.530, 1716457016.531
0.001,1716457017.534, 1716457017.535
0.001,1716457018.538, 1716457018.538
0.001,1716457019.541, 1716457019.542
0.001,1716457020.545, 1716457020.546
0.001,1716457021.549, 1716457021.549
0.001,1716457022.552, 1716457022.553
0.001,1716457023.556, 1716457023.557
0.001,1716457024.560, 1716457024.560
0.001,1716457025.563, 1716457025.564
0.001,1716457026.567, 1716457026.568
0.001,1716457027.571, 1716457027.571
0.001,1716457028.574, 1716457028.575
0.001,1716457029.578, 1716457029.579
0.001,1716457030.582, 1716457030.582
0.001,1716457031.586, 1716457031.586
0.001,1716457032.589, 1716457032.590
0.001,1716457033.593, 1716457033.593
0.001,1716457034.596, 1716457034.597
0.001,1716457035.600, 1716457035.601
0.001,1716457036.604, 1716457036.605
0.001,1716457037.607, 1716457037.608
0.001,1716457038.611, 1716457038.612
0.001,1716457039.615, 1716457039.616
0.001,1716457040.619, 1716457040.619
0.001,1716457041.622, 1716457041.623
0.001,1716457042.626, 1716457042.627
0.001,1716457043.630, 1716457043.630
0.001,1716457044.633, 1716457044.634
0.001,1716457045.637, 1716457045.638
0.001,1716457046.641, 1716457046.642
0.001,1716457047.645, 1716457047.645
0.001,1716457048.648, 1716457048.649
0.001,1716457049.652, 1716457049.653
0.001,1716457050.656, 1716457050.657
0.001,1716457051.659, 1716457051.660
0.001,1716457052.663, 1716457052.664
0.001,1716457053.667, 1716457053.668
0.001,1716457054.671, 1716457054.671
0.001,1716457055.674, 1716457055.675
0.001,1716457056.678, 1716457056.679
0.001,1716457057.682, 1716457057.682
0.001,1716457058.685, 1716457058.686
0.001,1716457059.689, 1716457059.690
0.001,1716457060.693, 1716457060.694
0.001,1716457061.697, 1716457061.697
0.001,1716457062.701, 1716457062.701
0.001,1716457063.704, 1716457063.705
0.001,1716457064.708, 1716457064.709
0.001,1716457065.712, 1716457065.712
0.001,1716457066.715, 1716457066.716
0.001,1716457067.719, 1716457067.720
0.001,1716457068.723, 1716457068.723
0.001,1716457069.726, 1716457069.727
0.001,1716457070.730, 1716457070.731
0.001,1716457071.734, 1716457071.734
0.001,1716457072.737, 1716457072.738
0.001,1716457073.741, 1716457073.742
0.001,1716457074.745, 1716457074.746
0.001,1716457075.749, 1716457075.749
0.001,1716457076.752, 1716457076.753
0.001,1716457077.756, 1716457077.757
0.001,1716457078.760, 1716457078.761
0.001,1716457079.763, 1716457079.764
0.001,1716457080.767, 1716457080.768
0.001,1716457081.771, 1716457081.772
0.001,1716457082.775, 1716457082.775
0.001,1716457083.778, 1716457083.779
0.001,1716457084.782, 1716457084.783
0.001,1716457085.786, 1716457085.786
0.001,1716457086.790, 1716457086.790
0.001,1716457087.793, 1716457087.794
0.001,1716457088.797, 1716457088.798
0.001,1716457089.801, 1716457089.801
0.001,1716457090.804, 1716457090.805
0.001,1716457091.808, 1716457091.809
0.001,1716457092.812, 1716457092.812
0.001,1716457093.815, 1716457093.816
0.001,1716457094.819, 1716457094.819
0.001,1716457095.823, 1716457095.823
0.001,1716457096.826, 1716457096.827
0.001,1716457097.830, 1716457097.831
0.001,1716457098.834, 1716457098.834
0.001,1716457099.837, 1716457099.838
0.001,1716457100.841, 1716457100.842
0.001,1716457101.845, 1716457101.845
0.001,1716457102.849, 1716457102.849
0.001,1716457103.852, 1716457103.853
0.001,1716457104.856, 1716457104.857
0.001,1716457105.860, 1716457105.860
0.001,1716457106.863, 1716457106.864
0.001,1716457107.867, 1716457107.868
0.001,1716457108.871, 1716457108.871
0.001,1716457109.875, 1716457109.875
0.001,1716457110.879, 1716457110.879
0.001,1716457111.882, 1716457111.883
0.001,1716457112.886, 1716457112.887
0.001,1716457113.890, 1716457113.890
0.001,1716457114.893, 1716457114.894
0.001,1716457115.897, 1716457115.898
0.001,1716457116.901, 1716457116.901
0.001,1716457117.904, 1716457117.905
0.001,1716457118.908, 1716457118.909
0.001,1716457119.912, 1716457119.912
0.001,1716457120.916, 1716457120.916
0.001,1716457121.919, 1716457121.920
0.001,1716457122.923, 1716457122.924
0.001,1716457123.927, 1716457123.928
0.001,1716457124.930, 1716457124.931
0.001,1716457125.934, 1716457125.935
0.001,1716457126.938, 1716457126.938
0.001,1716457127.942, 1716457127.942
0.001,1716457128.945, 1716457128.946
0.001,1716457129.949, 1716457129.949
0.001,1716457130.953, 1716457130.953
0.001,1716457131.956, 1716457131.957
0.001,1716457132.960, 1716457132.961
0.001,1716457133.964, 1716457133.964
0.001,1716457134.967, 1716457134.968
0.001,1716457135.971, 1716457135.972
0.001,1716457136.975, 1716457136.975
0.001,1716457137.978, 1716457137.979
0.001,1716457138.982, 1716457138.983
0.001,1716457139.986, 1716457139.986
0.001,1716457140.989, 1716457140.990
0.001,1716457141.993, 1716457141.994
0.001,1716457142.997, 1716457142.997
0.001,1716457144.000, 1716457144.001
0.001,1716457145.004, 1716457145.005
0.001,1716457146.008, 1716457146.009
0.001,1716457147.012, 1716457147.012
0.001,1716457148.015, 1716457148.016
0.001,1716457149.019, 1716457149.020
0.001,1716457150.023, 1716457150.023
0.001,1716457151.027, 1716457151.027
0.001,1716457152.030, 1716457152.031
0.001,1716457153.034, 1716457153.035
0.001,1716457154.038, 1716457154.038
0.001,1716457155.042, 1716457155.042
0.001,1716457156.045, 1716457156.046
0.001,1716457157.049, 1716457157.050
0.001,1716457158.053, 1716457158.053
0.001,1716457159.056, 1716457159.057
0.001,1716457160.060, 1716457160.061
0.001,1716457161.064, 1716457161.064
0.001,1716457162.067, 1716457162.068
0.001,1716457163.071, 1716457163.072
0.001,1716457164.075, 1716457164.075
0.001,1716457165.078, 1716457165.079
0.001,1716457166.082, 1716457166.083
0.001,1716457167.086, 1716457167.086
0.001,1716457168.089, 1716457168.090
0.001,1716457169.093, 1716457169.094
0.001,1716457170.097, 1716457170.098
0.001,1716457171.101, 1716457171.101
0.001,1716457172.104, 1716457172.105
0.001,1716457173.108, 1716457173.109
0.001,1716457174.112, 1716457174.112
0.001,1716457175.115, 1716457175.116
0.001,1716457176.119, 1716457176.120
0.001,1716457177.123, 1716457177.123
0.001,1716457178.126, 1716457178.127
0.001,1716457179.130, 1716457179.131
0.001,1716457180.134, 1716457180.134
0.001,1716457181.138, 1716457181.138
0.001,1716457182.141, 1716457182.142
0.001,1716457183.145, 1716457183.146
0.001,1716457184.149, 1716457184.149
0.001,1716457185.152, 1716457185.153
0.001,1716457186.156, 1716457186.157
0.001,1716457187.160, 1716457187.160
0.001,1716457188.163, 1716457188.164
0.001,1716457189.167, 1716457189.168
0.001,1716457190.171, 1716457190.172
0.001,1716457191.175, 1716457191.175
0.001,1716457192.179, 1716457192.179
0.001,1716457193.182, 1716457193.183
0.001,1716457194.186, 1716457194.187
0.001,1716457195.190, 1716457195.190
0.001,1716457196.193, 1716457196.194
0.001,1716457197.197, 1716457197.198
0.001,1716457198.201, 1716457198.201
0.001,1716457199.204, 1716457199.205
0.001,1716457200.208, 1716457200.209
0.001,1716457201.212, 1716457201.212
0.001,1716457202.215, 1716457202.216
0.001,1716457203.219, 1716457203.220
0.001,1716457204.223, 1716457204.223
0.001,1716457205.226, 1716457205.227
0.001,1716457206.230, 1716457206.231
0.001,1716457207.234, 1716457207.234
0.001,1716457208.238, 1716457208.238
0.001,1716457209.241, 1716457209.242
0.001,1716457210.245, 1716457210.246
0.001,1716457211.249, 1716457211.249
0.001,1716457212.252, 1716457212.253
0.001,1716457213.256, 1716457213.257
0.001,1716457214.260, 1716457214.260
0.001,1716457215.263, 1716457215.264
0.001,1716457216.267, 1716457216.268
0.001,1716457217.271, 1716457217.272
0.001,1716457218.275, 1716457218.275
0.001,1716457219.278, 1716457219.279
0.001,1716457220.282, 1716457220.283
0.001,1716457221.286, 1716457221.286
0.001,1716457222.289, 1716457222.290
0.001,1716457223.293, 1716457223.294
0.001,1716457224.297, 1716457224.297
0.001,1716457225.300, 1716457225.301
0.001,1716457226.304, 1716457226.305
0.001,1716457227.308, 1716457227.309
0.001,1716457228.312, 1716457228.312
0.001,1716457229.315, 1716457229.316
0.001,1716457230.319, 1716457230.320
0.001,1716457231.323, 1716457231.323
0.001,1716457232.326, 1716457232.327
0.001,1716457233.330, 1716457233.331
0.001,1716457234.334, 1716457234.334
0.001,1716457235.338, 1716457235.338
0.001,1716457236.341, 1716457236.342
0.001,1716457237.345, 1716457237.346
0.001,1716457238.349, 1716457238.349
0.001,1716457239.352, 1716457239.353
0.001,1716457240.356, 1716457240.357
0.001,1716457241.360, 1716457241.361
0.001,1716457242.364, 1716457242.364
0.001,1716457243.367, 1716457243.368
0.001,1716457244.371, 1716457244.372
0.001,1716457245.375, 1716457245.375
0.001,1716457246.378, 1716457246.379
0.001,1716457247.382, 1716457247.383
0.001,1716457248.386, 1716457248.386
0.001,1716457249.390, 1716457249.390
0.001,1716457250.393, 1716457250.394
0.001,1716457251.397, 1716457251.398
0.001,1716457252.401, 1716457252.401
0.001,1716457253.405, 1716457253.405
0.001,1716457254.408, 1716457254.409
0.001,1716457255.412, 1716457255.413
0.001,1716457256.416, 1716457256.416
0.001,1716457257.419, 1716457257.420
0.001,1716457258.423, 1716457258.424
0.001,1716457259.427, 1716457259.427
0.001,1716457260.430, 1716457260.431
0.001,1716457261.434, 1716457261.435
0.001,1716457262.438, 1716457262.438
0.001,1716457263.441, 1716457263.442
0.001,1716457264.445, 1716457264.446
0.001,1716457265.449, 1716457265.449
0.001,1716457266.452, 1716457266.453
0.001,1716457267.456, 1716457267.456
0.001,1716457268.459, 1716457268.460
0.001,1716457269.463, 1716457269.464
0.001,1716457270.467, 1716457270.467
0.001,1716457271.471, 1716457271.471
0.001,1716457272.474, 1716457272.475
0.001,1716457273.478, 1716457273.478
0.001,1716457274.481, 1716457274.482
0.001,1716457275.485, 1716457275.486
0.001,1716457276.489, 1716457276.489
0.001,1716457277.492, 1716457277.493
0.001,1716457278.496, 1716457278.497
0.001,1716457279.500, 1716457279.500
0.001,1716457280.503, 1716457280.504
0.001,1716457281.507, 1716457281.508
0.001,1716457282.511, 1716457282.511
0.001,1716457283.514, 1716457283.515
0.001,1716457284.518, 1716457284.519
0.001,1716457285.522, 1716457285.522
0.001,1716457286.525, 1716457286.526
0.001,1716457287.529, 1716457287.530
0.001,1716457288.533, 1716457288.533
0.001,1716457289.536, 1716457289.537
0.001,1716457290.540, 1716457290.541
0.001,1716457291.544, 1716457291.544
0.001,1716457292.548, 1716457292.548
0.001,1716457293.551, 1716457293.552
0.001,1716457294.555, 1716457294.556
0.001,1716457295.559, 1716457295.559
0.001,1716457296.562, 1716457296.563
0.001,1716457297.566, 1716457297.567
0.001,1716457298.570, 1716457298.571
0.001,1716457299.574, 1716457299.574
0.001,1716457300.577, 1716457300.578
0.001,1716457301.581, 1716457301.582
0.001,1716457302.585, 1716457302.585
0.001,1716457303.588, 1716457303.589
0.001,1716457304.592, 1716457304.593
0.001,1716457305.596, 1716457305.596
0.001,1716457306.599, 1716457306.600
0.001,1716457307.603, 1716457307.604
0.001,1716457308.607, 1716457308.607
0.001,1716457309.610, 1716457309.611
0.001,1716457310.614, 1716457310.615
0.001,1716457311.618, 1716457311.618
0.001,1716457312.621, 1716457312.622
0.001,1716457313.625, 1716457313.626
0.001,1716457314.629, 1716457314.630
0.001,1716457315.633, 1716457315.633
0.001,1716457316.637, 1716457316.637
0.001,1716457317.640, 1716457317.641
0.001,1716457318.644, 1716457318.645
0.001,1716457319.648, 1716457319.648
0.001,1716457320.651, 1716457320.652
0.001,1716457321.655, 1716457321.656
0.001,1716457322.659, 1716457322.659
0.001,1716457323.662, 1716457323.663
0.001,1716457324.666, 1716457324.667
0.001,1716457325.670, 1716457325.670
0.001,1716457326.673, 1716457326.674
0.001,1716457327.677, 1716457327.677
0.001,1716457328.680, 1716457328.681
0.001,1716457329.684, 1716457329.685
0.001,1716457330.688, 1716457330.688
0.001,1716457331.691, 1716457331.692
0.001,1716457332.695, 1716457332.696
0.001,1716457333.699, 1716457333.699
0.001,1716457334.702, 1716457334.703
0.001,1716457335.706, 1716457335.707
0.001,1716457336.710, 1716457336.710
0.001,1716457337.713, 1716457337.714
0.001,1716457338.717, 1716457338.718
0.001,1716457339.721, 1716457339.721
0.001,1716457340.724, 1716457340.725
0.001,1716457341.728, 1716457341.729
0.001,1716457342.732, 1716457342.732
0.001,1716457343.735, 1716457343.736
0.001,1716457344.739, 1716457344.740
0.001,1716457345.743, 1716457345.743
0.001,1716457346.746, 1716457346.747
0.001,1716457347.750, 1716457347.751
0.001,1716457348.754, 1716457348.754
0.001,1716457349.757, 1716457349.758
0.001,1716457350.761, 1716457350.762
0.001,1716457351.765, 1716457351.765
0.001,1716457352.768, 1716457352.769
0.001,1716457353.772, 1716457353.773
0.001,1716457354.776, 1716457354.776
0.001,1716457355.779, 1716457355.780
0.001,1716457356.783, 1716457356.784
0.001,1716457357.787, 1716457357.787
0.001,1716457358.790, 1716457358.791
0.001,1716457359.794, 1716457359.795
0.001,1716457360.798, 1716457360.798
0.001,1716457361.801, 1716457361.802
0.001,1716457362.805, 1716457362.806
0.001,1716457363.809, 1716457363.809
0.001,1716457364.813, 1716457364.813
0.001,1716457365.816, 1716457365.817
0.001,1716457366.820, 1716457366.820
0.001,1716457367.823, 1716457367.824
0.001,1716457368.827, 1716457368.828
0.001,1716457369.831, 1716457369.831
0.001,1716457370.834, 1716457370.835
0.001,1716457371.838, 1716457371.839
0.001,1716457372.842, 1716457372.842
0.001,1716457373.845, 1716457373.846
0.001,1716457374.849, 1716457374.850
0.001,1716457375.853, 1716457375.853
0.001,1716457376.856, 1716457376.857
0.001,1716457377.860, 1716457377.861
0.001,1716457378.864, 1716457378.864
0.001,1716457379.867, 1716457379.868
0.001,1716457380.871, 1716457380.872
0.001,1716457381.875, 1716457381.875
0.001,1716457382.879, 1716457382.879
0.001,1716457383.883, 1716457383.883
0.001,1716457384.886, 1716457384.887
0.001,1716457385.890, 1716457385.891
0.001,1716457386.894, 1716457386.895
0.001,1716457387.898, 1716457387.898
0.001,1716457388.901, 1716457388.902
0.001,1716457389.905, 1716457389.905
0.001,1716457390.908, 1716457390.909
0.001,1716457391.912, 1716457391.913
0.001,1716457392.916, 1716457392.916
0.001,1716457393.919, 1716457393.920
0.001,1716457394.923, 1716457394.924
0.001,1716457395.927, 1716457395.927
0.001,1716457396.930, 1716457396.931
0.001,1716457397.934, 1716457397.935
0.001,1716457398.938, 1716457398.938
0.001,1716457399.941, 1716457399.942
0.001,1716457400.945, 1716457400.946
0.001,1716457401.949, 1716457401.949
0.001,1716457402.952, 1716457402.953
0.001,1716457403.956, 1716457403.957
0.001,1716457404.960, 1716457404.960
0.001,1716457405.963, 1716457405.964
0.001,1716457406.967, 1716457406.968
0.001,1716457407.971, 1716457407.972
0.001,1716457408.974, 1716457408.975
0.001,1716457409.978, 1716457409.979
0.001,1716457410.982, 1716457410.982
0.001,1716457411.985, 1716457411.986
0.001,1716457412.989, 1716457412.990
0.001,1716457413.993, 1716457413.993
0.001,1716457414.997, 1716457414.997
0.001,1716457416.000, 1716457416.001
0.001,1716457417.004, 1716457417.004
0.001,1716457418.007, 1716457418.008
0.001,1716457419.011, 1716457419.012
0.001,1716457420.015, 1716457420.015
0.001,1716457421.019, 1716457421.019
0.001,1716457422.022, 1716457422.023
0.001,1716457423.026, 1716457423.027
0.001,1716457424.030, 1716457424.030
0.001,1716457425.033, 1716457425.034
0.001,1716457426.037, 1716457426.038
0.001,1716457427.041, 1716457427.041
0.001,1716457428.044, 1716457428.045
0.001,1716457429.048, 1716457429.049
0.001,1716457430.052, 1716457430.052
0.001,1716457431.055, 1716457431.056
0.001,1716457432.059, 1716457432.060
0.001,1716457433.063, 1716457433.063
0.001,1716457434.066, 1716457434.067
0.001,1716457435.070, 1716457435.070
0.001,1716457436.074, 1716457436.074
0.001,1716457437.077, 1716457437.078
0.001,1716457438.081, 1716457438.081
0.001,1716457439.084, 1716457439.085
0.001,1716457440.088, 1716457440.089
0.001,1716457441.092, 1716457441.092
0.001,1716457442.095, 1716457442.096
0.001,1716457443.099, 1716457443.100
0.001,1716457444.103, 1716457444.103
0.001,1716457445.106, 1716457445.107
0.001,1716457446.110, 1716457446.111
0.001,1716457447.114, 1716457447.114
0.001,1716457448.117, 1716457448.118
0.001,1716457449.121, 1716457449.122
0.001,1716457450.125, 1716457450.125
0.001,1716457451.129, 1716457451.129
0.001,1716457452.132, 1716457452.133
0.001,1716457453.136, 1716457453.137
0.001,1716457454.140, 1716457454.140
0.001,1716457455.143, 1716457455.144
0.001,1716457456.147, 1716457456.147
0.001,1716457457.150, 1716457457.151
0.001,1716457458.154, 1716457458.155
0.001,1716457459.158, 1716457459.158
0.001,1716457460.161, 1716457460.162
0.001,1716457461.165, 1716457461.165
0.001,1716457462.168, 1716457462.169
0.001,1716457463.172, 1716457463.173
0.001,1716457464.176, 1716457464.177
0.001,1716457465.180, 1716457465.180
0.001,1716457466.183, 1716457466.184
0.001,1716457467.187, 1716457467.188
0.001,1716457468.191, 1716457468.191
0.001,1716457469.194, 1716457469.195
0.001,1716457470.198, 1716457470.199
0.001,1716457471.202, 1716457471.202
0.001,1716457472.205, 1716457472.206
0.001,1716457473.209, 1716457473.210
0.001,1716457474.213, 1716457474.213
0.001,1716457475.216, 1716457475.217
0.001,1716457476.220, 1716457476.221
0.001,1716457477.224, 1716457477.224
0.001,1716457478.227, 1716457478.228
0.001,1716457479.231, 1716457479.232
0.001,1716457480.235, 1716457480.235
0.001,1716457481.238, 1716457481.239
0.001,1716457482.242, 1716457482.243
0.001,1716457483.246, 1716457483.246
0.001,1716457484.249, 1716457484.250
0.001,1716457485.253, 1716457485.254
0.001,1716457486.257, 1716457486.257
0.001,1716457487.260, 1716457487.261
0.001,1716457488.264, 1716457488.265
0.001,1716457489.268, 1716457489.268
0.001,1716457490.271, 1716457490.272
0.001,1716457491.275, 1716457491.276
0.001,1716457492.279, 1716457492.279
0.001,1716457493.282, 1716457493.283
0.001,1716457494.286, 1716457494.286
0.001,1716457495.289, 1716457495.290
0.001,1716457496.293, 1716457496.294
0.001,1716457497.297, 1716457497.297
0.001,1716457498.300, 1716457498.301
0.001,1716457499.304, 1716457499.305
0.001,1716457500.308, 1716457500.308
0.001,1716457501.311, 1716457501.312
0.001,1716457502.315, 1716457502.315
0.001,1716457503.318, 1716457503.319
0.001,1716457504.322, 1716457504.323
0.001,1716457505.326, 1716457505.326
0.001,1716457506.329, 1716457506.330
0.001,1716457507.333, 1716457507.334
0.001,1716457508.337, 1716457508.337
0.001,1716457509.340, 1716457509.341
0.001,1716457510.344, 1716457510.345
0.001,1716457511.348, 1716457511.348
0.001,1716457512.351, 1716457512.352
0.001,1716457513.355, 1716457513.355
0.001,1716457514.358, 1716457514.359
0.001,1716457515.362, 1716457515.363
0.001,1716457516.366, 1716457516.366
0.001,1716457517.369, 1716457517.370
0.001,1716457518.373, 1716457518.374
0.001,1716457519.377, 1716457519.377
0.001,1716457520.380, 1716457520.381
0.001,1716457521.384, 1716457521.384
0.001,1716457522.387, 1716457522.388
0.001,1716457523.391, 1716457523.392
0.001,1716457524.395, 1716457524.395
0.001,1716457525.398, 1716457525.399
0.001,1716457526.402, 1716457526.403
0.001,1716457527.406, 1716457527.406
0.001,1716457528.409, 1716457528.410
0.001,1716457529.413, 1716457529.414
0.001,1716457530.417, 1716457530.418
0.001,1716457531.420, 1716457531.421
0.001,1716457532.424, 1716457532.425
0.001,1716457533.428, 1716457533.428
0.001,1716457534.431, 1716457534.432
0.001,1716457535.435, 1716457535.436
0.001,1716457536.439, 1716457536.439
0.001,1716457537.442, 1716457537.443
0.001,1716457538.446, 1716457538.447
0.001,1716457539.450, 1716457539.450
0.001,1716457540.453, 1716457540.454
0.001,1716457541.457, 1716457541.457
0.001,1716457542.461, 1716457542.461
0.001,1716457543.464, 1716457543.465
0.001,1716457544.468, 1716457544.469
0.001,1716457545.472, 1716457545.472
0.001,1716457546.475, 1716457546.476
0.001,1716457547.479, 1716457547.479
0.001,1716457548.482, 1716457548.483
0.001,1716457549.486, 1716457549.487
0.001,1716457550.490, 1716457550.490
0.001,1716457551.493, 1716457551.494
0.001,1716457552.497, 1716457552.498
0.001,1716457553.501, 1716457553.501
0.001,1716457554.504, 1716457554.505
0.001,1716457555.508, 1716457555.509
0.001,1716457556.512, 1716457556.512
0.001,1716457557.515, 1716457557.516
0.001,1716457558.519, 1716457558.519
0.001,1716457559.523, 1716457559.523
0.001,1716457560.526, 1716457560.527
0.001,1716457561.530, 1716457561.531
0.001,1716457562.534, 1716457562.534
0.001,1716457563.537, 1716457563.538
0.001,1716457564.541, 1716457564.542
0.001,1716457565.545, 1716457565.545
0.001,1716457566.548, 1716457566.549
0.001,1716457567.552, 1716457567.552
0.001,1716457568.555, 1716457568.556
0.001,1716457569.559, 1716457569.560
0.001,1716457570.563, 1716457570.563
0.001,1716457571.566, 1716457571.567
0.001,1716457572.570, 1716457572.571
0.001,1716457573.574, 1716457573.574
0.001,1716457574.578, 1716457574.578
0.001,1716457575.581, 1716457575.582
0.001,1716457576.585, 1716457576.586
0.001,1716457577.589, 1716457577.589
0.001,1716457578.592, 1716457578.593
0.001,1716457579.596, 1716457579.597
0.001,1716457580.600, 1716457580.600
0.001,1716457581.603, 1716457581.604
0.001,1716457582.607, 1716457582.607
0.001,1716457583.610, 1716457583.611
0.001,1716457584.614, 1716457584.615
0.001,1716457585.618, 1716457585.619
0.001,1716457586.622, 1716457586.622
0.001,1716457587.625, 1716457587.626
0.001,1716457588.629, 1716457588.629
0.001,1716457589.632, 1716457589.633
0.001,1716457590.636, 1716457590.637
0.001,1716457591.640, 1716457591.640
0.001,1716457592.643, 1716457592.644
0.001,1716457593.647, 1716457593.648
0.001,1716457594.651, 1716457594.651
0.001,1716457595.654, 1716457595.655
0.001,1716457596.658, 1716457596.658
0.001,1716457597.661, 1716457597.662
0.001,1716457598.665, 1716457598.666
0.001,1716457599.669, 1716457599.669
0.001,1716457600.672, 1716457600.673
0.001,1716457601.676, 1716457601.677
0.001,1716457602.680, 1716457602.680
0.001,1716457603.683, 1716457603.684
0.001,1716457604.687, 1716457604.688
0.001,1716457605.691, 1716457605.691
0.001,1716457606.694, 1716457606.695
0.001,1716457607.698, 1716457607.699
0.001,1716457608.702, 1716457608.702
0.001,1716457609.705, 1716457609.706
0.001,1716457610.709, 1716457610.709
0.001,1716457611.712, 1716457611.713
0.001,1716457612.716, 1716457612.717
0.001,1716457613.720, 1716457613.720
0.001,1716457614.723, 1716457614.724
0.001,1716457615.727, 1716457615.728
0.001,1716457616.731, 1716457616.731
0.001,1716457617.735, 1716457617.735
0.001,1716457618.738, 1716457618.739
0.001,1716457619.742, 1716457619.743
0.001,1716457620.746, 1716457620.746
0.001,1716457621.749, 1716457621.750
0.001,1716457622.753, 1716457622.754
0.001,1716457623.757, 1716457623.757
0.001,1716457624.760, 1716457624.761
0.001,1716457625.764, 1716457625.765
0.001,1716457626.768, 1716457626.768
0.001,1716457627.771, 1716457627.772
0.001,1716457628.775, 1716457628.776
0.001,1716457629.779, 1716457629.779
0.001,1716457630.782, 1716457630.783
0.001,1716457631.786, 1716457631.787
0.001,1716457632.790, 1716457632.790
0.001,1716457633.793, 1716457633.794
0.001,1716457634.797, 1716457634.798
0.001,1716457635.801, 1716457635.801
0.001,1716457636.804, 1716457636.805
0.001,1716457637.808, 1716457637.809
0.001,1716457638.812, 1716457638.813
0.001,1716457639.816, 1716457639.816
0.001,1716457640.819, 1716457640.820
0.001,1716457641.823, 1716457641.824
0.001,1716457642.827, 1716457642.828
0.001,1716457643.831, 1716457643.831
0.001,1716457644.835, 1716457644.835
0.001,1716457645.838, 1716457645.839
0.001,1716457646.842, 1716457646.843
0.001,1716457647.846, 1716457647.846
0.001,1716457648.850, 1716457648.850
0.001,1716457649.853, 1716457649.854
0.001,1716457650.857, 1716457650.858
0.001,1716457651.861, 1716457651.862
0.001,1716457652.865, 1716457652.866
0.001,1716457653.869, 1716457653.869
0.001,1716457654.872, 1716457654.873
0.001,1716457655.876, 1716457655.877
0.001,1716457656.880, 1716457656.880
0.001,1716457657.883, 1716457657.884
0.001,1716457658.887, 1716457658.888
0.001,1716457659.891, 1716457659.891
0.001,1716457660.895, 1716457660.895
0.001,1716457661.898, 1716457661.899
0.001,1716457662.902, 1716457662.903
0.001,1716457663.906, 1716457663.907
0.001,1716457664.910, 1716457664.910
0.001,1716457665.913, 1716457665.914
0.001,1716457666.917, 1716457666.918
0.001,1716457667.921, 1716457667.922
0.001,1716457668.925, 1716457668.925
0.001,1716457669.928, 1716457669.929
0.001,1716457670.932, 1716457670.933
0.001,1716457671.936, 1716457671.936
0.001,1716457672.939, 1716457672.940
0.001,1716457673.943, 1716457673.944
0.001,1716457674.947, 1716457674.947
0.001,1716457675.950, 1716457675.951
0.001,1716457676.954, 1716457676.955
0.001,1716457677.958, 1716457677.958
0.001,1716457678.962, 1716457678.962
0.001,1716457679.965, 1716457679.966
0.001,1716457680.969, 1716457680.970
0.001,1716457681.973, 1716457681.973
0.001,1716457682.976, 1716457682.977
0.001,1716457683.980, 1716457683.981
0.001,1716457684.984, 1716457684.984
0.001,1716457685.987, 1716457685.988
0.001,1716457686.991, 1716457686.992
0.001,1716457687.995, 1716457687.996
0.001,1716457688.999, 1716457688.999
0.001,1716457690.002, 1716457690.003
0.001,1716457691.006, 1716457691.007
0.001,1716457692.010, 1716457692.010
0.001,1716457693.014, 1716457693.014
0.001,1716457694.017, 1716457694.018
0.001,1716457695.021, 1716457695.021
0.001,1716457696.025, 1716457696.025
0.001,1716457697.028, 1716457697.029
0.001,1716457698.032, 1716457698.033
0.001,1716457699.036, 1716457699.036
0.001,1716457700.039, 1716457700.040
0.001,1716457701.043, 1716457701.043
0.001,1716457702.047, 1716457702.047
0.001,1716457703.050, 1716457703.051
0.001,1716457704.054, 1716457704.055
0.001,1716457705.058, 1716457705.058
0.001,1716457706.061, 1716457706.062
0.001,1716457707.065, 1716457707.066
0.001,1716457708.069, 1716457708.069
0.001,1716457709.073, 1716457709.073
0.001,1716457710.076, 1716457710.077
0.001,1716457711.080, 1716457711.081
0.001,1716457712.083, 1716457712.084
0.001,1716457713.087, 1716457713.088
0.001,1716457714.091, 1716457714.091
0.001,1716457715.094, 1716457715.095
0.001,1716457716.098, 1716457716.099
0.001,1716457717.102, 1716457717.102
0.001,1716457718.106, 1716457718.106
0.001,1716457719.109, 1716457719.110
0.001,1716457720.113, 1716457720.114
0.001,1716457721.117, 1716457721.117
0.001,1716457722.121, 1716457722.121
0.001,1716457723.125, 1716457723.125
0.001,1716457724.128, 1716457724.129
0.001,1716457725.132, 1716457725.133
0.001,1716457726.136, 1716457726.136
0.001,1716457727.139, 1716457727.140
0.001,1716457728.143, 1716457728.144
0.001,1716457729.147, 1716457729.147
0.001,1716457730.150, 1716457730.151
0.001,1716457731.154, 1716457731.155
0.001,1716457732.158, 1716457732.158
0.001,1716457733.161, 1716457733.162
0.001,1716457734.165, 1716457734.166
0.001,1716457735.169, 1716457735.169
0.001,1716457736.172, 1716457736.173
0.001,1716457737.176, 1716457737.177
0.001,1716457738.180, 1716457738.180
0.001,1716457739.183, 1716457739.184
0.001,1716457740.187, 1716457740.188
0.001,1716457741.191, 1716457741.191
0.001,1716457742.195, 1716457742.195
0.001,1716457743.198, 1716457743.199
0.001,1716457744.202, 1716457744.202
0.001,1716457745.205, 1716457745.206
0.001,1716457746.209, 1716457746.210
0.001,1716457747.213, 1716457747.213
0.001,1716457748.216, 1716457748.217
0.001,1716457749.220, 1716457749.221
0.001,1716457750.224, 1716457750.224
0.001,1716457751.227, 1716457751.228
0.001,1716457752.231, 1716457752.232
0.001,1716457753.235, 1716457753.235
0.001,1716457754.238, 1716457754.239
0.001,1716457755.242, 1716457755.243
0.001,1716457756.246, 1716457756.246
0.001,1716457757.249, 1716457757.250
0.001,1716457758.253, 1716457758.254
0.001,1716457759.257, 1716457759.257
0.001,1716457760.260, 1716457760.261
0.001,1716457761.264, 1716457761.265
0.001,1716457762.268, 1716457762.269
0.001,1716457763.272, 1716457763.272
0.001,1716457764.275, 1716457764.276
0.001,1716457765.279, 1716457765.280
0.001,1716457766.283, 1716457766.283
0.001,1716457767.286, 1716457767.287
0.001,1716457768.290, 1716457768.291
0.001,1716457769.294, 1716457769.294
0.001,1716457770.297, 1716457770.298
0.001,1716457771.301, 1716457771.302
0.001,1716457772.305, 1716457772.305
0.001,1716457773.308, 1716457773.309
0.001,1716457774.312, 1716457774.312
0.001,1716457775.315, 1716457775.316
0.001,1716457776.319, 1716457776.320
0.001,1716457777.323, 1716457777.323
0.001,1716457778.326, 1716457778.327
0.001,1716457779.330, 1716457779.331
0.001,1716457780.334, 1716457780.334
0.001,1716457781.337, 1716457781.338
0.001,1716457782.341, 1716457782.342
0.001,1716457783.345, 1716457783.346
0.001,1716457784.349, 1716457784.349
0.001,1716457785.353, 1716457785.353
0.001,1716457786.356, 1716457786.357
0.001,1716457787.360, 1716457787.360
0.001,1716457788.363, 1716457788.364
0.001,1716457789.367, 1716457789.368
0.001,1716457790.371, 1716457790.372
0.001,1716457791.375, 1716457791.375
0.001,1716457792.378, 1716457792.379
0.001,1716457793.382, 1716457793.383
0.001,1716457794.386, 1716457794.386
0.001,1716457795.389, 1716457795.390
0.001,1716457796.393, 1716457796.394
0.001,1716457797.397, 1716457797.397
0.001,1716457798.400, 1716457798.401
0.001,1716457799.404, 1716457799.404
0.001,1716457800.407, 1716457800.408
0.001,1716457801.411, 1716457801.412
0.001,1716457802.415, 1716457802.416
0.001,1716457803.419, 1716457803.419
0.001,1716457804.422, 1716457804.423
0.001,1716457805.426, 1716457805.426
0.001,1716457806.429, 1716457806.430
0.001,1716457807.433, 1716457807.434
0.001,1716457808.437, 1716457808.438
0.001,1716457809.441, 1716457809.441
0.001,1716457810.444, 1716457810.445
0.001,1716457811.448, 1716457811.449
0.001,1716457812.452, 1716457812.452
0.001,1716457813.455, 1716457813.456
0.001,1716457814.459, 1716457814.460
0.001,1716457815.463, 1716457815.463
0.001,1716457816.466, 1716457816.467
0.001,1716457817.470, 1716457817.471
0.001,1716457818.474, 1716457818.474
0.001,1716457819.478, 1716457819.478
0.001,1716457820.481, 1716457820.482
0.001,1716457821.485, 1716457821.485
0.001,1716457822.488, 1716457822.489
0.001,1716457823.492, 1716457823.493
0.001,1716457824.496, 1716457824.496
0.001,1716457825.499, 1716457825.500
0.001,1716457826.503, 1716457826.504
0.001,1716457827.507, 1716457827.507
0.001,1716457828.510, 1716457828.511
0.001,1716457829.514, 1716457829.515
0.001,1716457830.518, 1716457830.518
0.001,1716457831.522, 1716457831.522
0.001,1716457832.525, 1716457832.526
0.001,1716457833.529, 1716457833.530
0.001,1716457834.533, 1716457834.533
0.001,1716457835.536, 1716457835.537
0.001,1716457836.540, 1716457836.541
0.001,1716457837.544, 1716457837.544
0.001,1716457838.547, 1716457838.548
0.001,1716457839.551, 1716457839.552
0.001,1716457840.555, 1716457840.555
0.001,1716457841.558, 1716457841.559
0.001,1716457842.562, 1716457842.563
0.001,1716457843.566, 1716457843.566
0.001,1716457844.570, 1716457844.570
0.001,1716457845.573, 1716457845.574
0.001,1716457846.577, 1716457846.577
0.001,1716457847.581, 1716457847.581
0.001,1716457848.584, 1716457848.585
0.001,1716457849.588, 1716457849.589
0.001,1716457850.592, 1716457850.592
0.001,1716457851.595, 1716457851.596
0.001,1716457852.599, 1716457852.600
0.001,1716457853.603, 1716457853.603
0.001,1716457854.606, 1716457854.607
0.001,1716457855.610, 1716457855.611
0.001,1716457856.614, 1716457856.614
0.001,1716457857.617, 1716457857.618
0.001,1716457858.621, 1716457858.622
0.001,1716457859.625, 1716457859.625
0.001,1716457860.628, 1716457860.629
0.001,1716457861.632, 1716457861.633
0.001,1716457862.636, 1716457862.636
0.001,1716457863.639, 1716457863.640
0.001,1716457864.643, 1716457864.643
0.001,1716457865.647, 1716457865.647
0.001,1716457866.650, 1716457866.651
0.001,1716457867.654, 1716457867.655
0.001,1716457868.658, 1716457868.658
0.001,1716457869.661, 1716457869.662
0.001,1716457870.665, 1716457870.666
0.001,1716457871.674, 1716457871.674
0.001,1716457872.677, 1716457872.678
0.001,1716457873.681, 1716457873.682
0.001,1716457874.685, 1716457874.685
0.001,1716457875.688, 1716457875.689
0.001,1716457876.692, 1716457876.692
0.001,1716457877.695, 1716457877.696
0.001,1716457878.699, 1716457878.700
0.001,1716457879.703, 1716457879.703
0.001,1716457880.707, 1716457880.707
0.001,1716457881.710, 1716457881.711
0.001,1716457882.714, 1716457882.714
0.001,1716457883.718, 1716457883.718
0.001,1716457884.721, 1716457884.722
0.001,1716457885.725, 1716457885.726
0.001,1716457886.729, 1716457886.729
0.001,1716457887.732, 1716457887.733
0.001,1716457888.736, 1716457888.737
0.001,1716457889.740, 1716457889.740
0.001,1716457890.743, 1716457890.744
0.001,1716457891.747, 1716457891.748
0.001,1716457892.751, 1716457892.752
0.001,1716457893.754, 1716457893.755
0.001,1716457894.758, 1716457894.759
0.001,1716457895.762, 1716457895.762
0.001,1716457896.766, 1716457896.766
0.001,1716457897.769, 1716457897.770
0.001,1716457898.773, 1716457898.773
0.001,1716457899.777, 1716457899.777
0.001,1716457900.780, 1716457900.781
0.001,1716457901.784, 1716457901.785
0.001,1716457902.788, 1716457902.788
0.001,1716457903.791, 1716457903.792
0.001,1716457904.795, 1716457904.796
0.001,1716457905.799, 1716457905.799
0.001,1716457906.802, 1716457906.803
0.001,1716457907.806, 1716457907.807
0.001,1716457908.810, 1716457908.810
0.001,1716457909.814, 1716457909.814
0.001,1716457910.817, 1716457910.818
0.001,1716457911.821, 1716457911.821
0.001,1716457912.824, 1716457912.825
0.001,1716457913.828, 1716457913.829
0.001,1716457914.832, 1716457914.832
0.001,1716457915.835, 1716457915.836
0.001,1716457916.839, 1716457916.840
0.001,1716457917.843, 1716457917.843
0.001,1716457918.846, 1716457918.847
0.001,1716457919.850, 1716457919.851
0.001,1716457920.854, 1716457920.854
0.001,1716457921.857, 1716457921.858
0.001,1716457922.861, 1716457922.862
0.001,1716457923.865, 1716457923.866
0.001,1716457924.868, 1716457924.869
0.001,1716457925.872, 1716457925.873
0.001,1716457926.876, 1716457926.877
0.001,1716457927.879, 1716457927.880
0.001,1716457928.883, 1716457928.884
0.001,1716457929.887, 1716457929.887
0.001,1716457930.891, 1716457930.891
0.001,1716457931.894, 1716457931.895
0.001,1716457932.898, 1716457932.899
0.001,1716457933.902, 1716457933.902
0.001,1716457934.905, 1716457934.906
0.001,1716457935.909, 1716457935.910
0.001,1716457936.913, 1716457936.913
0.001,1716457937.916, 1716457937.917
0.001,1716457938.920, 1716457938.921
0.001,1716457939.924, 1716457939.925
0.001,1716457940.928, 1716457940.928
0.001,1716457941.931, 1716457941.932
0.001,1716457942.935, 1716457942.936
0.001,1716457943.939, 1716457943.939
0.001,1716457944.942, 1716457944.943
0.001,1716457945.946, 1716457945.947
0.001,1716457946.950, 1716457946.950
0.001,1716457947.953, 1716457947.954
0.001,1716457948.957, 1716457948.958
0.001,1716457949.961, 1716457949.961
0.001,1716457950.965, 1716457950.965
0.001,1716457951.968, 1716457951.969
0.001,1716457952.972, 1716457952.972
0.001,1716457953.975, 1716457953.976
0.001,1716457954.979, 1716457954.980
0.001,1716457955.983, 1716457955.983
0.001,1716457956.986, 1716457956.987
0.001,1716457957.990, 1716457957.991
0.001,1716457958.994, 1716457958.994
0.001,1716457959.997, 1716457959.998
0.001,1716457961.001, 1716457961.002
0.001,1716457962.005, 1716457962.005
0.001,1716457963.008, 1716457963.009
0.001,1716457964.012, 1716457964.013
0.001,1716457965.016, 1716457965.017
0.001,1716457966.020, 1716457966.020
0.001,1716457967.023, 1716457967.024
0.001,1716457968.027, 1716457968.028
0.001,1716457969.031, 1716457969.031
0.001,1716457970.034, 1716457970.035
0.001,1716457971.038, 1716457971.039
0.001,1716457972.042, 1716457972.042
0.001,1716457973.045, 1716457973.046
0.001,1716457974.049, 1716457974.050
0.001,1716457975.053, 1716457975.053
0.001,1716457976.056, 1716457976.057
0.001,1716457977.060, 1716457977.061
0.001,1716457978.064, 1716457978.064
0.001,1716457979.067, 1716457979.068
0.001,1716457980.071, 1716457980.072
0.001,1716457981.075, 1716457981.075
0.001,1716457982.078, 1716457982.079
0.001,1716457983.082, 1716457983.083
0.001,1716457984.086, 1716457984.086
0.001,1716457985.089, 1716457985.090
0.001,1716457986.093, 1716457986.094
0.001,1716457987.097, 1716457987.097
0.001,1716457988.100, 1716457988.101
0.001,1716457989.104, 1716457989.105
0.001,1716457990.108, 1716457990.108
0.001,1716457991.111, 1716457991.112
0.001,1716457992.115, 1716457992.116
0.001,1716457993.119, 1716457993.119
0.001,1716457994.122, 1716457994.123
0.001,1716457995.126, 1716457995.127
0.001,1716457996.130, 1716457996.130
0.001,1716457997.133, 1716457997.134
0.001,1716457998.137, 1716457998.138
0.001,1716457999.141, 1716457999.141
0.001,1716458000.144, 1716458000.145
0.001,1716458001.148, 1716458001.149
0.001,1716458002.152, 1716458002.152
0.001,1716458003.155, 1716458003.156
0.001,1716458004.159, 1716458004.160
0.001,1716458005.163, 1716458005.163
0.001,1716458006.166, 1716458006.167
0.001,1716458007.170, 1716458007.171
0.001,1716458008.174, 1716458008.174
0.001,1716458009.177, 1716458009.178
0.001,1716458010.181, 1716458010.182
0.001,1716458011.185, 1716458011.185
0.001,1716458012.188, 1716458012.189
0.001,1716458013.192, 1716458013.193
0.001,1716458014.196, 1716458014.196
0.001,1716458015.199, 1716458015.200
0.001,1716458016.203, 1716458016.204
0.001,1716458017.207, 1716458017.207
0.001,1716458018.210, 1716458018.211
0.001,1716458019.214, 1716458019.215
0.001,1716458020.218, 1716458020.218
0.001,1716458021.221, 1716458021.222
0.001,1716458022.225, 1716458022.225
0.001,1716458023.228, 1716458023.229
0.001,1716458024.232, 1716458024.233
0.001,1716458025.236, 1716458025.237
0.001,1716458026.240, 1716458026.240
0.001,1716458027.243, 1716458027.244
0.001,1716458028.247, 1716458028.248
0.001,1716458029.251, 1716458029.251
0.001,1716458030.254, 1716458030.255
0.001,1716458031.258, 1716458031.259
0.001,1716458032.262, 1716458032.263
0.001,1716458033.266, 1716458033.266
0.001,1716458034.269, 1716458034.270
0.001,1716458035.273, 1716458035.273
0.001,1716458036.276, 1716458036.277
0.001,1716458037.280, 1716458037.281
0.001,1716458038.284, 1716458038.285
0.001,1716458039.288, 1716458039.288
0.001,1716458040.291, 1716458040.292
0.001,1716458041.295, 1716458041.296
0.001,1716458042.299, 1716458042.299
0.001,1716458043.302, 1716458043.303
0.001,1716458044.306, 1716458044.307
0.001,1716458045.310, 1716458045.310
0.001,1716458046.313, 1716458046.314
0.001,1716458047.317, 1716458047.318
0.001,1716458048.321, 1716458048.321
0.001,1716458049.324, 1716458049.325
0.001,1716458050.328, 1716458050.329
0.001,1716458051.332, 1716458051.332
0.001,1716458052.335, 1716458052.336
0.001,1716458053.339, 1716458053.339
0.001,1716458054.343, 1716458054.343
0.001,1716458055.346, 1716458055.347
0.001,1716458056.350, 1716458056.350
0.001,1716458057.353, 1716458057.354
0.001,1716458058.357, 1716458058.358
0.001,1716458059.361, 1716458059.362
0.001,1716458060.365, 1716458060.365
0.001,1716458061.368, 1716458061.369
0.001,1716458062.372, 1716458062.373
0.001,1716458063.375, 1716458063.376
0.001,1716458064.379, 1716458064.380
0.001,1716458065.383, 1716458065.383
0.001,1716458066.387, 1716458066.387
0.001,1716458067.390, 1716458067.391
0.001,1716458068.394, 1716458068.395
0.001,1716458069.398, 1716458069.398
0.001,1716458070.401, 1716458070.402
0.001,1716458071.405, 1716458071.406
0.001,1716458072.409, 1716458072.409
0.001,1716458073.412, 1716458073.413
0.001,1716458074.416, 1716458074.416
0.001,1716458075.419, 1716458075.420
0.001,1716458076.423, 1716458076.424
0.001,1716458077.427, 1716458077.427
0.001,1716458078.430, 1716458078.431
0.001,1716458079.434, 1716458079.435
0.001,1716458080.438, 1716458080.438
0.001,1716458081.441, 1716458081.442
0.001,1716458082.445, 1716458082.446
0.001,1716458083.449, 1716458083.449
0.001,1716458084.453, 1716458084.453
0.001,1716458085.456, 1716458085.457
0.001,1716458086.460, 1716458086.460
0.001,1716458087.463, 1716458087.464
0.001,1716458088.467, 1716458088.468
0.001,1716458089.471, 1716458089.471
0.001,1716458090.474, 1716458090.475
0.001,1716458091.478, 1716458091.479
0.001,1716458092.482, 1716458092.482
0.001,1716458093.485, 1716458093.486
0.001,1716458094.489, 1716458094.490
0.001,1716458095.493, 1716458095.493
0.001,1716458096.496, 1716458096.497
0.001,1716458097.500, 1716458097.501
0.001,1716458098.504, 1716458098.504
0.001,1716458099.507, 1716458099.508
0.001,1716458100.511, 1716458100.511
0.001,1716458101.515, 1716458101.515
0.001,1716458102.518, 1716458102.519
0.001,1716458103.522, 1716458103.523
0.001,1716458104.526, 1716458104.526
0.001,1716458105.529, 1716458105.530
0.001,1716458106.533, 1716458106.534
0.001,1716458107.537, 1716458107.537
0.001,1716458108.540, 1716458108.541
0.001,1716458109.544, 1716458109.545
0.001,1716458110.548, 1716458110.548
0.001,1716458111.551, 1716458111.552
0.001,1716458112.555, 1716458112.556
0.001,1716458113.559, 1716458113.559
0.001,1716458114.562, 1716458114.563
0.001,1716458115.566, 1716458115.567
0.001,1716458116.570, 1716458116.570
0.001,1716458117.573, 1716458117.574
0.001,1716458118.577, 1716458118.578
0.001,1716458119.581, 1716458119.581
0.001,1716458120.584, 1716458120.585
0.001,1716458121.588, 1716458121.589
0.001,1716458122.592, 1716458122.592
0.001,1716458123.595, 1716458123.596
0.001,1716458124.599, 1716458124.600
0.001,1716458125.603, 1716458125.603
0.001,1716458126.606, 1716458126.607
0.001,1716458127.610, 1716458127.611
0.001,1716458128.614, 1716458128.614
0.001,1716458129.617, 1716458129.618
0.001,1716458130.621, 1716458130.622
0.001,1716458131.625, 1716458131.625
0.001,1716458132.628, 1716458132.629
0.001,1716458133.632, 1716458133.633
0.001,1716458134.636, 1716458134.636
0.001,1716458135.639, 1716458135.640
0.001,1716458136.643, 1716458136.644
0.001,1716458137.647, 1716458137.647
0.001,1716458138.650, 1716458138.651
0.001,1716458139.654, 1716458139.655
0.001,1716458140.658, 1716458140.658
0.001,1716458141.661, 1716458141.662
0.001,1716458142.665, 1716458142.666
0.001,1716458143.669, 1716458143.669
0.001,1716458144.673, 1716458144.673
0.001,1716458145.676, 1716458145.677
0.001,1716458146.680, 1716458146.681
0.001,1716458147.683, 1716458147.684
0.001,1716458148.687, 1716458148.688
0.001,1716458149.691, 1716458149.692
0.001,1716458150.695, 1716458150.695
0.001,1716458151.698, 1716458151.699
0.001,1716458152.702, 1716458152.703
0.001,1716458153.706, 1716458153.706
0.001,1716458154.709, 1716458154.710
0.001,1716458155.713, 1716458155.714
0.001,1716458156.717, 1716458156.717
0.001,1716458157.721, 1716458157.721
0.001,1716458158.724, 1716458158.725
0.001,1716458159.728, 1716458159.728
0.001,1716458160.731, 1716458160.732
0.001,1716458161.735, 1716458161.736
0.001,1716458162.739, 1716458162.739
0.001,1716458163.742, 1716458163.743
0.001,1716458164.746, 1716458164.747
0.001,1716458165.750, 1716458165.750
0.001,1716458166.754, 1716458166.754
0.001,1716458167.757, 1716458167.758
0.001,1716458168.761, 1716458168.762
0.001,1716458169.765, 1716458169.765
0.001,1716458170.769, 1716458170.769
0.001,1716458171.772, 1716458171.773
0.001,1716458172.776, 1716458172.777
0.001,1716458173.780, 1716458173.780
0.001,1716458174.783, 1716458174.784
0.001,1716458175.787, 1716458175.788
0.001,1716458176.791, 1716458176.792
0.001,1716458177.795, 1716458177.795
0.001,1716458178.798, 1716458178.799
0.001,1716458179.802, 1716458179.803
0.001,1716458180.806, 1716458180.806
0.001,1716458181.809, 1716458181.810
0.001,1716458182.813, 1716458182.814
0.001,1716458183.817, 1716458183.817
0.001,1716458184.820, 1716458184.821
0.001,1716458185.824, 1716458185.825
0.001,1716458186.828, 1716458186.828
0.001,1716458187.831, 1716458187.832
0.001,1716458188.835, 1716458188.836
0.001,1716458189.839, 1716458189.840
0.001,1716458190.843, 1716458190.843
0.001,1716458191.846, 1716458191.847
0.001,1716458192.850, 1716458192.851
0.001,1716458193.854, 1716458193.855
0.001,1716458194.857, 1716458194.858
0.001,1716458195.861, 1716458195.862
0.001,1716458196.865, 1716458196.865
0.001,1716458197.868, 1716458197.869
0.001,1716458198.872, 1716458198.873
0.001,1716458199.876, 1716458199.876
0.001,1716458200.879, 1716458200.880
0.001,1716458201.883, 1716458201.884
0.001,1716458202.887, 1716458202.888
0.001,1716458203.891, 1716458203.891
0.001,1716458204.894, 1716458204.895
0.001,1716458205.898, 1716458205.899
0.001,1716458206.902, 1716458206.903
0.001,1716458207.906, 1716458207.906
0.001,1716458208.909, 1716458208.910
0.001,1716458209.913, 1716458209.914
0.001,1716458210.917, 1716458210.917
0.001,1716458211.920, 1716458211.921
0.001,1716458212.924, 1716458212.925
0.001,1716458213.928, 1716458213.929
0.001,1716458214.932, 1716458214.932
0.001,1716458215.935, 1716458215.936
0.001,1716458216.939, 1716458216.940
0.001,1716458217.943, 1716458217.943
0.001,1716458218.946, 1716458218.947
0.001,1716458219.950, 1716458219.951
0.001,1716458220.954, 1716458220.954
0.001,1716458221.957, 1716458221.958
0.001,1716458222.961, 1716458222.962
0.001,1716458223.965, 1716458223.965
0.001,1716458224.968, 1716458224.969
0.001,1716458225.972, 1716458225.973
0.001,1716458226.976, 1716458226.976
0.001,1716458227.979, 1716458227.980
0.001,1716458228.983, 1716458228.984
0.001,1716458229.987, 1716458229.988
0.001,1716458230.991, 1716458230.991
0.001,1716458231.994, 1716458231.995
0.001,1716458232.998, 1716458232.999
0.001,1716458234.002, 1716458234.002
0.001,1716458235.005, 1716458235.006
0.001,1716458236.009, 1716458236.010
0.001,1716458237.013, 1716458237.013
0.001,1716458238.016, 1716458238.017
0.001,1716458239.020, 1716458239.021
0.001,1716458240.024, 1716458240.024
0.001,1716458241.027, 1716458241.028
0.001,1716458242.031, 1716458242.032
0.001,1716458243.035, 1716458243.035
0.001,1716458244.038, 1716458244.039
0.001,1716458245.042, 1716458245.043
0.001,1716458246.046, 1716458246.046
0.001,1716458247.049, 1716458247.050
0.001,1716458248.053, 1716458248.054
0.001,1716458249.057, 1716458249.057
0.001,1716458250.060, 1716458250.061
0.001,1716458251.064, 1716458251.065
0.001,1716458252.068, 1716458252.068
0.001,1716458253.071, 1716458253.072
0.001,1716458254.075, 1716458254.076
0.001,1716458255.079, 1716458255.079
0.001,1716458256.083, 1716458256.083
0.001,1716458257.086, 1716458257.087
0.001,1716458258.090, 1716458258.091
0.001,1716458259.094, 1716458259.094
0.001,1716458260.097, 1716458260.098
0.001,1716458261.101, 1716458261.102
0.001,1716458262.105, 1716458262.106
0.001,1716458263.109, 1716458263.109
0.001,1716458264.112, 1716458264.113
0.001,1716458265.116, 1716458265.117
0.001,1716458266.120, 1716458266.121
0.001,1716458267.124, 1716458267.124
0.001,1716458268.127, 1716458268.128
0.001,1716458269.131, 1716458269.132
0.001,1716458270.135, 1716458270.135
0.001,1716458271.138, 1716458271.139
0.001,1716458272.142, 1716458272.143
0.001,1716458273.146, 1716458273.146
0.001,1716458274.149, 1716458274.150
0.001,1716458275.153, 1716458275.154
0.001,1716458276.157, 1716458276.157
0.001,1716458277.160, 1716458277.161
0.001,1716458278.164, 1716458278.165
0.001,1716458279.168, 1716458279.168
0.001,1716458280.171, 1716458280.172
0.001,1716458281.175, 1716458281.176
0.001,1716458282.179, 1716458282.179
0.001,1716458283.182, 1716458283.183
0.001,1716458284.186, 1716458284.187
0.001,1716458285.190, 1716458285.190
0.001,1716458286.193, 1716458286.194
0.001,1716458287.197, 1716458287.198
0.001,1716458288.201, 1716458288.201
0.001,1716458289.204, 1716458289.205
0.001,1716458290.208, 1716458290.209
0.001,1716458291.212, 1716458291.212
0.001,1716458292.215, 1716458292.216
0.001,1716458293.219, 1716458293.220
0.001,1716458294.223, 1716458294.223
0.001,1716458295.226, 1716458295.227
0.001,1716458296.230, 1716458296.231
0.001,1716458297.234, 1716458297.234
0.001,1716458298.237, 1716458298.238
0.001,1716458299.241, 1716458299.242
0.001,1716458300.245, 1716458300.245
0.001,1716458301.248, 1716458301.249
0.001,1716458302.252, 1716458302.253
0.001,1716458303.256, 1716458303.257
0.001,1716458304.260, 1716458304.260
0.001,1716458305.263, 1716458305.264
0.001,1716458306.267, 1716458306.268
0.001,1716458307.271, 1716458307.271
0.001,1716458308.274, 1716458308.275
0.001,1716458309.278, 1716458309.278
0.001,1716458310.281, 1716458310.282
0.001,1716458311.285, 1716458311.286
0.001,1716458312.289, 1716458312.290
0.001,1716458313.293, 1716458313.293
0.001,1716458314.296, 1716458314.297
0.001,1716458315.300, 1716458315.301
0.001,1716458316.304, 1716458316.304
0.001,1716458317.307, 1716458317.308
0.001,1716458318.311, 1716458318.312
0.001,1716458319.315, 1716458319.315
0.001,1716458320.319, 1716458320.319
0.001,1716458321.322, 1716458321.323
0.001,1716458322.326, 1716458322.327
0.001,1716458323.330, 1716458323.330
0.001,1716458324.333, 1716458324.334
0.001,1716458325.337, 1716458325.338
0.001,1716458326.341, 1716458326.342
0.001,1716458327.345, 1716458327.345
0.001,1716458328.348, 1716458328.349
0.001,1716458329.352, 1716458329.353
0.001,1716458330.356, 1716458330.356
0.001,1716458331.360, 1716458331.360
0.001,1716458332.363, 1716458332.364
0.001,1716458333.367, 1716458333.367
0.001,1716458334.371, 1716458334.371
0.001,1716458335.374, 1716458335.375
0.001,1716458336.378, 1716458336.379
0.001,1716458337.382, 1716458337.383
0.001,1716458338.386, 1716458338.386
0.001,1716458339.389, 1716458339.390
0.001,1716458340.393, 1716458340.394
0.001,1716458341.397, 1716458341.397
0.001,1716458342.400, 1716458342.401
0.001,1716458343.404, 1716458343.405
0.001,1716458344.408, 1716458344.408
0.001,1716458345.411, 1716458345.412
0.001,1716458346.415, 1716458346.415
0.001,1716458347.419, 1716458347.419
0.001,1716458348.422, 1716458348.423
0.001,1716458349.426, 1716458349.427
0.001,1716458350.430, 1716458350.430
0.001,1716458351.433, 1716458351.434
0.001,1716458352.437, 1716458352.438
0.001,1716458353.441, 1716458353.441
0.001,1716458354.444, 1716458354.445
0.001,1716458355.448, 1716458355.449
0.001,1716458356.452, 1716458356.452
0.001,1716458357.455, 1716458357.456
0.001,1716458358.459, 1716458358.460
0.001,1716458359.463, 1716458359.463
0.001,1716458360.467, 1716458360.467
0.001,1716458361.470, 1716458361.471
0.001,1716458362.474, 1716458362.475
0.001,1716458363.478, 1716458363.478
0.001,1716458364.481, 1716458364.482
0.001,1716458365.485, 1716458365.486
0.001,1716458366.489, 1716458366.490
0.001,1716458367.493, 1716458367.493
0.001,1716458368.496, 1716458368.497
0.001,1716458369.500, 1716458369.500
0.001,1716458370.503, 1716458370.504
0.001,1716458371.507, 1716458371.508
0.001,1716458372.511, 1716458372.512
0.001,1716458373.515, 1716458373.515
0.001,1716458374.518, 1716458374.519
0.001,1716458375.522, 1716458375.523
0.001,1716458376.526, 1716458376.526
0.001,1716458377.529, 1716458377.530
0.001,1716458378.533, 1716458378.534
0.001,1716458379.537, 1716458379.537
0.001,1716458380.540, 1716458380.541
0.001,1716458381.544, 1716458381.545
0.001,1716458382.548, 1716458382.548
0.001,1716458383.552, 1716458383.552
0.001,1716458384.555, 1716458384.556
0.001,1716458385.559, 1716458385.560
0.001,1716458386.563, 1716458386.563
0.001,1716458387.567, 1716458387.567
0.001,1716458388.570, 1716458388.571
0.001,1716458389.574, 1716458389.575
0.001,1716458390.578, 1716458390.578
0.001,1716458391.581, 1716458391.582
0.001,1716458392.585, 1716458392.586
0.001,1716458393.589, 1716458393.589
0.001,1716458394.592, 1716458394.593
0.001,1716458395.596, 1716458395.597
0.001,1716458396.600, 1716458396.600
0.001,1716458397.603, 1716458397.604
0.001,1716458398.607, 1716458398.608
0.001,1716458399.611, 1716458399.611
0.001,1716458400.615, 1716458400.615
0.001,1716458401.618, 1716458401.619
0.001,1716458402.622, 1716458402.623
0.001,1716458403.626, 1716458403.626
0.001,1716458404.629, 1716458404.630
0.001,1716458405.633, 1716458405.634
0.001,1716458406.637, 1716458406.637
0.001,1716458407.640, 1716458407.641
0.001,1716458408.644, 1716458408.645
0.001,1716458409.648, 1716458409.648
0.001,1716458410.651, 1716458410.652
0.001,1716458411.655, 1716458411.655
0.001,1716458412.659, 1716458412.659
0.001,1716458413.662, 1716458413.663
0.001,1716458414.666, 1716458414.667
0.001,1716458415.670, 1716458415.670
0.001,1716458416.673, 1716458416.674
0.001,1716458417.677, 1716458417.678
0.001,1716458418.681, 1716458418.681
0.001,1716458419.684, 1716458419.685
0.001,1716458420.688, 1716458420.689
0.001,1716458421.692, 1716458421.693
0.001,1716458422.696, 1716458422.696
0.001,1716458423.699, 1716458423.700
0.001,1716458424.703, 1716458424.704
0.001,1716458425.707, 1716458425.708
0.001,1716458426.711, 1716458426.711
0.001,1716458427.714, 1716458427.715
0.001,1716458428.718, 1716458428.719
0.001,1716458429.722, 1716458429.723
0.001,1716458430.726, 1716458430.726
0.001,1716458431.729, 1716458431.730
0.001,1716458432.733, 1716458432.734
0.001,1716458433.737, 1716458433.737
0.001,1716458434.741, 1716458434.741
0.001,1716458435.744, 1716458435.745
0.001,1716458436.748, 1716458436.749
0.001,1716458437.751, 1716458437.752
0.001,1716458438.755, 1716458438.756
0.001,1716458439.759, 1716458439.760
0.001,1716458440.763, 1716458440.763
0.001,1716458441.766, 1716458441.767
0.001,1716458442.770, 1716458442.771
0.001,1716458443.774, 1716458443.775
0.001,1716458444.778, 1716458444.778
0.001,1716458445.781, 1716458445.782
0.001,1716458446.785, 1716458446.786
0.001,1716458447.789, 1716458447.789
0.001,1716458448.793, 1716458448.793
0.001,1716458449.796, 1716458449.797
0.001,1716458450.800, 1716458450.801
0.001,1716458451.804, 1716458451.804
0.001,1716458452.807, 1716458452.808
0.001,1716458453.811, 1716458453.811
0.001,1716458454.814, 1716458454.815
0.001,1716458455.818, 1716458455.819
0.001,1716458456.822, 1716458456.823
0.001,1716458457.826, 1716458457.826
0.001,1716458458.829, 1716458458.830
0.001,1716458459.833, 1716458459.834
0.001,1716458460.837, 1716458460.837
0.001,1716458461.840, 1716458461.841
0.001,1716458462.844, 1716458462.845
0.001,1716458463.848, 1716458463.848
0.001,1716458464.851, 1716458464.852
0.001,1716458465.855, 1716458465.856
0.001,1716458466.859, 1716458466.860
0.001,1716458467.863, 1716458467.864
0.001,1716458468.867, 1716458468.867
0.001,1716458469.870, 1716458469.871
0.001,1716458470.874, 1716458470.875
0.001,1716458471.878, 1716458471.879
0.001,1716458472.882, 1716458472.882
0.001,1716458473.885, 1716458473.886
0.001,1716458474.889, 1716458474.890
0.001,1716458475.893, 1716458475.893
0.001,1716458476.896, 1716458476.897
0.001,1716458477.900, 1716458477.901
0.001,1716458478.904, 1716458478.905
0.001,1716458479.907, 1716458479.908
0.001,1716458480.911, 1716458480.912
0.001,1716458481.915, 1716458481.916
0.001,1716458482.919, 1716458482.919
0.001,1716458483.922, 1716458483.923
0.001,1716458484.926, 1716458484.927
0.001,1716458485.930, 1716458485.930
0.001,1716458486.934, 1716458486.934
0.001,1716458487.937, 1716458487.938
0.001,1716458488.941, 1716458488.941
0.001,1716458489.945, 1716458489.945
0.001,1716458490.949, 1716458490.949
0.001,1716458491.952, 1716458491.953
0.001,1716458492.956, 1716458492.956
0.001,1716458493.959, 1716458493.960
0.001,1716458494.963, 1716458494.964
0.001,1716458495.967, 1716458495.968
0.001,1716458496.971, 1716458496.971
0.001,1716458497.974, 1716458497.975
0.001,1716458498.978, 1716458498.979
0.001,1716458499.982, 1716458499.982
0.001,1716458500.985, 1716458500.986
0.001,1716458501.989, 1716458501.990
0.001,1716458502.993, 1716458502.993
0.001,1716458503.996, 1716458503.997
0.001,1716458505.000, 1716458505.001
0.001,1716458506.004, 1716458506.005
0.001,1716458507.008, 1716458507.008
0.001,1716458508.011, 1716458508.012
0.001,1716458509.015, 1716458509.016
0.001,1716458510.019, 1716458510.019
0.001,1716458511.022, 1716458511.023
0.001,1716458512.026, 1716458512.027
0.001,1716458513.030, 1716458513.030
0.001,1716458514.034, 1716458514.034
0.001,1716458515.037, 1716458515.038
0.001,1716458516.041, 1716458516.042
0.001,1716458517.045, 1716458517.045
0.001,1716458518.048, 1716458518.049
0.001,1716458519.052, 1716458519.053
0.001,1716458520.056, 1716458520.056
0.001,1716458521.059, 1716458521.060
0.001,1716458522.063, 1716458522.064
0.001,1716458523.067, 1716458523.067
0.001,1716458524.070, 1716458524.071
0.001,1716458525.074, 1716458525.075
0.001,1716458526.078, 1716458526.078
0.001,1716458527.082, 1716458527.082
0.001,1716458528.085, 1716458528.086
0.001,1716458529.089, 1716458529.090
0.001,1716458530.093, 1716458530.093
0.001,1716458531.096, 1716458531.097
0.001,1716458532.100, 1716458532.101
0.001,1716458533.103, 1716458533.104
0.001,1716458534.107, 1716458534.108
0.001,1716458535.111, 1716458535.111
0.001,1716458536.115, 1716458536.115
0.001,1716458537.118, 1716458537.119
0.001,1716458538.122, 1716458538.122
0.001,1716458539.126, 1716458539.126
0.001,1716458540.129, 1716458540.130
0.001,1716458541.133, 1716458541.134
0.001,1716458542.137, 1716458542.137
0.001,1716458543.140, 1716458543.141
0.001,1716458544.144, 1716458544.145
0.001,1716458545.148, 1716458545.148
0.001,1716458546.151, 1716458546.152
0.001,1716458547.155, 1716458547.156
0.001,1716458548.159, 1716458548.159
0.001,1716458549.162, 1716458549.163
0.001,1716458550.166, 1716458550.167
0.001,1716458551.170, 1716458551.170
0.001,1716458552.173, 1716458552.174
0.001,1716458553.177, 1716458553.178
0.001,1716458554.181, 1716458554.181
0.001,1716458555.184, 1716458555.185
0.001,1716458556.188, 1716458556.189
0.001,1716458557.192, 1716458557.192
0.001,1716458558.195, 1716458558.196
0.001,1716458559.199, 1716458559.200
0.001,1716458560.203, 1716458560.203
0.001,1716458561.206, 1716458561.207
0.001,1716458562.210, 1716458562.211
0.001,1716458563.214, 1716458563.214
0.001,1716458564.218, 1716458564.218
0.001,1716458565.221, 1716458565.222
0.001,1716458566.225, 1716458566.226
0.001,1716458567.229, 1716458567.230
0.001,1716458568.232, 1716458568.233
0.001,1716458569.236, 1716458569.237
0.001,1716458570.240, 1716458570.241
0.001,1716458571.244, 1716458571.244
0.001,1716458572.247, 1716458572.248
0.001,1716458573.251, 1716458573.252
0.001,1716458574.255, 1716458574.255
0.001,1716458575.258, 1716458575.259
0.001,1716458576.262, 1716458576.263
0.001,1716458577.266, 1716458577.266
0.001,1716458578.270, 1716458578.270
0.001,1716458579.273, 1716458579.274
0.001,1716458580.277, 1716458580.278
0.001,1716458581.281, 1716458581.281
0.001,1716458582.284, 1716458582.285
0.001,1716458583.288, 1716458583.289
0.001,1716458584.291, 1716458584.292
