sender_id,sequence,rtt,send_time,send_time,ack_time,response
1,0,0.055,1717685287.856,1717685287.911,1,0,1
1,1,0.085,1717685288.912,1717685288.997,1,1,1
1,2,0.073,1717685289.997,1717685290.070,1,2,1
1,3,0.093,1717685291.071,1717685291.164,1,3,1
1,4,0.037,1717685292.165,1717685292.201,1,4,1
1,5,0.038,1717685293.202,1717685293.240,1,5,1
1,6,0.093,1717685294.241,1717685294.334,1,6,1
1,7,0.040,1717685295.335,1717685295.375,1,7,1
1,8,0.042,1717685296.376,1717685296.418,1,8,1
1,9,0.038,1717685297.419,1717685297.457,1,9,1
1,10,0.036,1717685298.458,1717685298.494,1,10,1
1,11,0.023,1717685299.495,1717685299.518,1,11,1
1,12,0.030,1717685300.519,1717685300.549,1,12,1
1,13,0.036,1717685301.549,1717685301.585,1,13,1
1,14,0.037,1717685302.586,1717685302.623,1,14,1
1,15,0.044,1717685303.624,1717685303.669,1,15,1
1,16,0.037,1717685304.670,1717685304.707,1,16,1
1,17,0.035,1717685305.708,1717685305.743,1,17,1
1,18,0.030,1717685306.744,1717685306.774,1,18,1
1,19,0.042,1717685307.774,1717685307.816,1,19,1
1,20,0.033,1717685308.817,1717685308.850,1,20,1
1,21,0.033,1717685309.851,1717685309.884,1,21,1
1,22,0.045,1717685310.885,1717685310.930,1,22,1
1,23,0.031,1717685311.931,1717685311.961,1,23,1
1,24,0.040,1717685312.962,1717685313.002,1,24,1
1,25,0.036,1717685314.002,1717685314.039,1,25,1
1,26,0.046,1717685315.040,1717685315.086,1,26,1
1,27,0.043,1717685316.087,1717685316.130,1,27,1
1,28,0.037,1717685317.131,1717685317.168,1,28,1
1,29,0.038,1717685318.169,1717685318.206,1,29,1
1,30,0.035,1717685319.207,1717685319.242,1,30,1
1,31,0.035,1717685320.243,1717685320.277,1,31,1
1,32,0.040,1717685321.278,1717685321.318,1,32,1
1,33,0.033,1717685322.319,1717685322.352,1,33,1
1,34,0.033,1717685323.353,1717685323.386,1,34,1
1,35,0.041,1717685324.386,1717685324.427,1,35,1
1,36,0.039,1717685325.428,1717685325.467,1,36,1
1,37,0.054,1717685326.468,1717685326.521,1,37,1
1,38,0.036,1717685327.522,1717685327.558,1,38,1
1,39,0.040,1717685328.559,1717685328.599,1,39,1
1,40,0.048,1717685329.600,1717685329.648,1,40,1
1,41,0.040,1717685330.649,1717685330.689,1,41,1
1,42,0.036,1717685331.690,1717685331.726,1,42,1
1,43,0.034,1717685332.727,1717685332.761,1,43,1
1,44,0.038,1717685333.762,1717685333.799,1,44,1
1,45,0.035,1717685334.800,1717685334.836,1,45,1
1,46,0.053,1717685335.836,1717685335.890,1,46,1
1,47,0.039,1717685336.890,1717685336.929,1,47,1
1,48,0.035,1717685337.930,1717685337.965,1,48,1
1,49,0.059,1717685338.966,1717685339.025,1,49,1
1,50,0.043,1717685340.026,1717685340.069,1,50,1
1,51,0.039,1717685341.069,1717685341.109,1,51,1
1,52,0.042,1717685342.109,1717685342.151,1,52,1
1,53,0.033,1717685343.152,1717685343.185,1,53,1
1,54,0.036,1717685344.186,1717685344.222,1,54,1
1,55,0.030,1717685345.223,1717685345.253,1,55,1
1,56,0.048,1717685346.254,1717685346.302,1,56,1
1,57,0.052,1717685347.303,1717685347.355,1,57,1
1,58,0.037,1717685348.356,1717685348.393,1,58,1
1,59,0.040,1717685349.394,1717685349.434,1,59,1
1,60,0.094,1717685350.434,1717685350.528,1,60,1
1,61,0.037,1717685351.530,1717685351.567,1,61,1
1,62,0.037,1717685352.568,1717685352.605,1,62,1
1,63,0.127,1717685353.606,1717685353.733,1,63,1
1,64,0.071,1717685354.734,1717685354.805,1,64,1
1,65,0.040,1717685355.806,1717685355.846,1,65,1
1,66,0.042,1717685356.847,1717685356.889,1,66,1
1,67,0.040,1717685357.890,1717685357.930,1,67,1
1,68,0.050,1717685358.931,1717685358.981,1,68,1
1,69,0.060,1717685359.982,1717685360.042,1,69,1
1,70,0.039,1717685361.043,1717685361.082,1,70,1
1,71,0.106,1717685362.084,1717685362.189,1,71,1
1,72,0.104,1717685363.191,1717685363.295,1,72,1
1,73,0.145,1717685364.296,1717685364.442,1,73,1
1,74,0.048,1717685365.443,1717685365.491,1,74,1
1,75,0.050,1717685366.492,1717685366.542,1,75,1
1,76,0.065,1717685367.543,1717685367.608,1,76,1
1,77,0.038,1717685368.609,1717685368.647,1,77,1
1,78,0.044,1717685369.648,1717685369.692,1,78,1
1,79,0.065,1717685370.693,1717685370.758,1,79,1
1,80,0.044,1717685371.758,1717685371.802,1,80,1
1,81,0.083,1717685372.803,1717685372.885,1,81,1
1,82,0.066,1717685373.886,1717685373.952,1,82,1
1,83,0.036,1717685374.953,1717685374.989,1,83,1
1,84,0.050,1717685375.990,1717685376.040,1,84,1
1,85,0.044,1717685377.041,1717685377.085,1,85,1
1,86,0.044,1717685378.086,1717685378.130,1,86,1
1,87,0.045,1717685379.132,1717685379.177,1,87,1
1,88,0.039,1717685380.178,1717685380.217,1,88,1
1,89,0.038,1717685381.217,1717685381.255,1,89,1
1,90,0.091,1717685382.256,1717685382.347,1,90,1
1,91,0.081,1717685383.347,1717685383.429,1,91,1
1,92,0.053,1717685384.430,1717685384.482,1,92,1
1,93,0.042,1717685385.483,1717685385.525,1,93,1
1,94,0.044,1717685386.526,1717685386.570,1,94,1
1,95,0.034,1717685387.572,1717685387.605,1,95,1
1,96,0.042,1717685388.607,1717685388.649,1,96,1
1,97,0.046,1717685389.650,1717685389.697,1,97,1
1,98,0.074,1717685390.697,1717685390.771,1,98,1
1,99,0.035,1717685391.772,1717685391.808,1,99,1
1,100,0.087,1717685392.808,1717685392.895,1,100,1
1,101,0.077,1717685393.897,1717685393.974,1,101,1
1,102,0.122,1717685394.975,1717685395.097,1,102,1
1,103,0.032,1717685396.098,1717685396.130,1,103,1
1,104,0.035,1717685397.131,1717685397.166,1,104,1
1,105,0.041,1717685398.167,1717685398.208,1,105,1
1,106,0.037,1717685399.209,1717685399.246,1,106,1
1,107,0.035,1717685400.247,1717685400.282,1,107,1
1,108,0.047,1717685401.283,1717685401.330,1,108,1
1,109,0.033,1717685402.331,1717685402.364,1,109,1
1,110,0.041,1717685403.365,1717685403.407,1,110,1
1,111,0.039,1717685404.407,1717685404.447,1,111,1
1,112,0.080,1717685405.448,1717685405.527,1,112,1
1,113,0.070,1717685406.528,1717685406.598,1,113,1
1,114,0.048,1717685407.599,1717685407.648,1,114,1
1,115,0.044,1717685408.648,1717685408.692,1,115,1
1,116,0.043,1717685409.693,1717685409.736,1,116,1
1,117,0.038,1717685410.737,1717685410.775,1,117,1
1,118,0.036,1717685411.776,1717685411.812,1,118,1
1,119,0.036,1717685412.812,1717685412.849,1,119,1
1,120,0.039,1717685413.849,1717685413.888,1,120,1
1,121,0.072,1717685414.889,1717685414.961,1,121,1
1,122,0.137,1717685415.962,1717685416.099,1,122,1
1,123,0.036,1717685417.100,1717685417.136,1,123,1
1,124,0.053,1717685418.137,1717685418.190,1,124,1
1,125,0.041,1717685419.191,1717685419.232,1,125,1
1,126,0.041,1717685420.233,1717685420.274,1,126,1
1,127,0.034,1717685421.275,1717685421.309,1,127,1
1,128,0.035,1717685422.309,1717685422.345,1,128,1
1,129,0.041,1717685423.346,1717685423.387,1,129,1
1,130,0.037,1717685424.388,1717685424.426,1,130,1
1,131,0.043,1717685425.426,1717685425.469,1,131,1
1,132,0.098,1717685426.470,1717685426.569,1,132,1
1,133,0.145,1717685427.570,1717685427.714,1,133,1
1,134,0.043,1717685428.715,1717685428.759,1,134,1
1,135,0.040,1717685429.760,1717685429.800,1,135,1
1,136,0.044,1717685430.801,1717685430.845,1,136,1
1,137,0.035,1717685431.846,1717685431.880,1,137,1
1,138,0.033,1717685432.881,1717685432.914,1,138,1
1,139,0.043,1717685433.915,1717685433.958,1,139,1
1,140,0.039,1717685434.959,1717685434.997,1,140,1
1,141,0.166,1717685435.998,1717685436.165,1,141,1
1,142,0.081,1717685437.165,1717685437.247,1,142,1
1,143,0.038,1717685438.248,1717685438.286,1,143,1
1,144,0.036,1717685439.287,1717685439.323,1,144,1
1,145,0.042,1717685440.324,1717685440.366,1,145,1
1,146,0.044,1717685441.367,1717685441.411,1,146,1
1,147,0.047,1717685442.412,1717685442.459,1,147,1
1,148,0.034,1717685443.460,1717685443.493,1,148,1
1,149,0.040,1717685444.494,1717685444.534,1,149,1
1,150,0.069,1717685445.535,1717685445.604,1,150,1
1,151,0.103,1717685446.606,1717685446.709,1,151,1
1,152,0.089,1717685447.710,1717685447.799,1,152,1
1,153,0.038,1717685448.800,1717685448.838,1,153,1
1,154,0.036,1717685449.839,1717685449.875,1,154,1
1,155,0.036,1717685450.876,1717685450.912,1,155,1
1,156,0.047,1717685451.913,1717685451.960,1,156,1
1,157,0.050,1717685452.960,1717685453.010,1,157,1
1,158,0.041,1717685454.011,1717685454.052,1,158,1
1,159,0.045,1717685455.052,1717685455.098,1,159,1
1,160,0.039,1717685456.099,1717685456.137,1,160,1
1,161,0.164,1717685457.138,1717685457.302,1,161,1
1,162,0.042,1717685458.303,1717685458.345,1,162,1
1,163,0.046,1717685459.346,1717685459.392,1,163,1
1,164,0.043,1717685460.394,1717685460.436,1,164,1
1,165,0.038,1717685461.437,1717685461.475,1,165,1
1,166,0.033,1717685462.476,1717685462.509,1,166,1
1,167,0.038,1717685463.510,1717685463.548,1,167,1
1,168,0.040,1717685464.549,1717685464.590,1,168,1
1,169,0.063,1717685465.590,1717685465.653,1,169,1
1,170,0.034,1717685466.654,1717685466.688,1,170,1
1,171,0.033,1717685467.689,1717685467.722,1,171,1
1,172,0.067,1717685468.722,1717685468.789,1,172,1
1,173,0.058,1717685469.790,1717685469.848,1,173,1
1,174,0.055,1717685470.849,1717685470.904,1,174,1
1,175,0.037,1717685471.905,1717685471.942,1,175,1
1,176,0.046,1717685472.943,1717685472.989,1,176,1
1,177,0.038,1717685473.990,1717685474.028,1,177,1
1,178,0.041,1717685475.029,1717685475.071,1,178,1
1,179,0.039,1717685476.071,1717685476.110,1,179,1
1,180,0.036,1717685477.112,1717685477.147,1,180,1
1,181,0.036,1717685478.149,1717685478.185,1,181,1
1,182,0.131,1717685479.186,1717685479.318,1,182,1
1,183,0.051,1717685480.319,1717685480.370,1,183,1
1,184,0.035,1717685481.371,1717685481.406,1,184,1
1,185,0.034,1717685482.407,1717685482.441,1,185,1
1,186,0.036,1717685483.442,1717685483.478,1,186,1
1,187,0.038,1717685484.479,1717685484.516,1,187,1
1,188,0.043,1717685485.517,1717685485.561,1,188,1
1,189,0.044,1717685486.562,1717685486.605,1,189,1
1,190,0.040,1717685487.606,1717685487.646,1,190,1
1,191,0.036,1717685488.647,1717685488.683,1,191,1
1,192,0.074,1717685489.684,1717685489.758,1,192,1
1,193,0.080,1717685490.759,1717685490.839,1,193,1
1,194,0.046,1717685491.840,1717685491.886,1,194,1
1,195,0.041,1717685492.887,1717685492.927,1,195,1
1,196,0.045,1717685493.928,1717685493.973,1,196,1
1,197,0.042,1717685494.974,1717685495.016,1,197,1
1,198,0.083,1717685496.016,1717685496.099,1,198,1
1,199,0.037,1717685497.100,1717685497.137,1,199,1
1,200,0.073,1717685498.138,1717685498.212,1,200,1
1,201,0.046,1717685499.213,1717685499.259,1,201,1
1,202,0.053,1717685500.260,1717685500.313,1,202,1
1,203,0.124,1717685501.314,1717685501.438,1,203,1
1,204,0.056,1717685502.439,1717685502.495,1,204,1
1,205,0.038,1717685503.496,1717685503.533,1,205,1
1,206,0.034,1717685504.534,1717685504.568,1,206,1
1,207,0.038,1717685505.569,1717685505.607,1,207,1
1,208,0.043,1717685506.608,1717685506.651,1,208,1
1,209,0.038,1717685507.652,1717685507.690,1,209,1
1,210,0.049,1717685508.691,1717685508.740,1,210,1
1,211,0.064,1717685509.741,1717685509.804,1,211,1
1,212,0.042,1717685510.805,1717685510.847,1,212,1
1,213,0.084,1717685511.848,1717685511.933,1,213,1
1,214,0.244,1717685512.934,1717685513.177,1,214,1
1,215,0.040,1717685514.178,1717685514.218,1,215,1
1,216,0.087,1717685515.219,1717685515.305,1,216,1
1,217,0.036,1717685516.307,1717685516.342,1,217,1
1,218,0.035,1717685517.343,1717685517.378,1,218,1
1,219,0.040,1717685518.379,1717685518.419,1,219,1
1,220,0.036,1717685519.420,1717685519.456,1,220,1
1,221,0.052,1717685520.456,1717685520.509,1,221,1
1,222,0.089,1717685521.509,1717685521.599,1,222,1
1,223,0.040,1717685522.600,1717685522.639,1,223,1
1,224,0.035,1717685523.640,1717685523.675,1,224,1
1,225,0.034,1717685524.676,1717685524.711,1,225,1
1,226,0.035,1717685525.712,1717685525.746,1,226,1
1,227,0.036,1717685526.747,1717685526.783,1,227,1
1,228,0.036,1717685527.784,1717685527.820,1,228,1
1,229,0.038,1717685528.821,1717685528.859,1,229,1
1,230,0.034,1717685529.860,1717685529.894,1,230,1
1,231,0.119,1717685530.895,1717685531.014,1,231,1
1,232,0.073,1717685532.016,1717685532.089,1,232,1
1,233,0.062,1717685533.090,1717685533.153,1,233,1
1,234,0.046,1717685534.154,1717685534.200,1,234,1
1,235,0.044,1717685535.201,1717685535.246,1,235,1
1,236,0.050,1717685536.247,1717685536.296,1,236,1
1,237,0.041,1717685537.297,1717685537.338,1,237,1
1,238,0.046,1717685538.339,1717685538.385,1,238,1
1,239,0.036,1717685539.386,1717685539.423,1,239,1
1,240,0.034,1717685540.424,1717685540.458,1,240,1
1,241,0.042,1717685541.459,1717685541.501,1,241,1
1,242,0.075,1717685542.502,1717685542.577,1,242,1
1,243,0.051,1717685543.578,1717685543.630,1,243,1
1,244,0.039,1717685544.631,1717685544.670,1,244,1
1,245,0.040,1717685545.671,1717685545.711,1,245,1
1,246,0.038,1717685546.712,1717685546.750,1,246,1
1,247,0.040,1717685547.751,1717685547.791,1,247,1
1,248,0.040,1717685548.791,1717685548.832,1,248,1
1,249,0.065,1717685549.833,1717685549.899,1,249,1
1,250,0.037,1717685550.900,1717685550.937,1,250,1
1,251,0.037,1717685551.939,1717685551.976,1,251,1
1,252,0.036,1717685552.977,1717685553.013,1,252,1
1,253,0.067,1717685554.014,1717685554.081,1,253,1
1,254,0.078,1717685555.082,1717685555.160,1,254,1
1,255,0.039,1717685556.162,1717685556.201,1,255,1
1,256,0.069,1717685557.203,1717685557.272,1,256,1
1,257,0.035,1717685558.274,1717685558.309,1,257,1
1,258,0.027,1717685559.310,1717685559.337,1,258,1
1,259,0.037,1717685560.338,1717685560.375,1,259,1
1,260,0.034,1717685561.376,1717685561.409,1,260,1
1,261,0.040,1717685562.410,1717685562.450,1,261,1
1,262,0.040,1717685563.451,1717685563.490,1,262,1
1,263,0.079,1717685564.492,1717685564.571,1,263,1
1,264,0.085,1717685565.572,1717685565.657,1,264,1
1,265,0.039,1717685566.659,1717685566.698,1,265,1
1,266,0.033,1717685567.699,1717685567.732,1,266,1
1,267,0.059,1717685568.734,1717685568.793,1,267,1
1,268,0.033,1717685569.794,1717685569.827,1,268,1
1,269,0.040,1717685570.828,1717685570.868,1,269,1
1,270,0.038,1717685571.869,1717685571.907,1,270,1
1,271,0.037,1717685572.909,1717685572.946,1,271,1
1,272,0.037,1717685573.946,1717685573.983,1,272,1
1,273,0.064,1717685574.984,1717685575.048,1,273,1
1,274,0.035,1717685576.049,1717685576.084,1,274,1
1,275,0.043,1717685577.085,1717685577.128,1,275,1
1,276,0.086,1717685578.129,1717685578.215,1,276,1
1,277,0.035,1717685579.216,1717685579.251,1,277,1
1,278,0.035,1717685580.253,1717685580.288,1,278,1
1,279,0.035,1717685581.289,1717685581.324,1,279,1
1,280,0.034,1717685582.325,1717685582.359,1,280,1
1,281,0.040,1717685583.360,1717685583.400,1,281,1
1,282,0.040,1717685584.401,1717685584.441,1,282,1
1,283,0.050,1717685585.442,1717685585.493,1,283,1
1,284,0.033,1717685586.494,1717685586.526,1,284,1
1,285,0.034,1717685587.528,1717685587.561,1,285,1
1,286,0.077,1717685588.562,1717685588.639,1,286,1
1,287,0.041,1717685589.640,1717685589.681,1,287,1
1,288,0.060,1717685590.683,1717685590.743,1,288,1
1,289,0.034,1717685591.744,1717685591.778,1,289,1
1,290,0.039,1717685592.779,1717685592.819,1,290,1
1,291,0.038,1717685593.820,1717685593.858,1,291,1
1,292,0.047,1717685594.860,1717685594.906,1,292,1
1,293,0.034,1717685595.908,1717685595.942,1,293,1
1,294,0.033,1717685596.943,1717685596.976,1,294,1
1,295,0.071,1717685597.977,1717685598.048,1,295,1
1,296,0.038,1717685599.049,1717685599.087,1,296,1
1,297,0.035,1717685600.088,1717685600.123,1,297,1
1,298,0.100,1717685601.123,1717685601.223,1,298,1
1,299,0.039,1717685602.225,1717685602.263,1,299,1
1,300,0.037,1717685603.265,1717685603.302,1,300,1
1,301,0.037,1717685604.303,1717685604.340,1,301,1
1,302,0.040,1717685605.341,1717685605.381,1,302,1
1,303,0.037,1717685606.382,1717685606.420,1,303,1
1,304,0.037,1717685607.420,1717685607.457,1,304,1
1,305,0.033,1717685608.459,1717685608.492,1,305,1
1,306,0.035,1717685609.494,1717685609.529,1,306,1
1,307,0.037,1717685610.530,1717685610.567,1,307,1
1,308,0.048,1717685611.568,1717685611.616,1,308,1
1,309,0.081,1717685612.618,1717685612.699,1,309,1
1,310,0.065,1717685613.700,1717685613.765,1,310,1
1,311,0.038,1717685614.766,1717685614.804,1,311,1
1,312,0.044,1717685615.805,1717685615.849,1,312,1
1,313,0.046,1717685616.850,1717685616.896,1,313,1
1,314,0.043,1717685617.896,1717685617.940,1,314,1
1,315,0.037,1717685618.941,1717685618.977,1,315,1
1,316,0.034,1717685619.978,1717685620.012,1,316,1
1,317,0.079,1717685621.017,1717685621.096,1,317,1
1,318,0.068,1717685622.097,1717685622.165,1,318,1
1,319,0.072,1717685623.166,1717685623.238,1,319,1
1,320,0.041,1717685624.238,1717685624.279,1,320,1
1,321,0.034,1717685625.280,1717685625.314,1,321,1
1,322,0.040,1717685626.315,1717685626.355,1,322,1
1,323,0.039,1717685627.356,1717685627.395,1,323,1
1,324,0.044,1717685628.396,1717685628.441,1,324,1
1,325,0.037,1717685629.441,1717685629.478,1,325,1
1,326,0.038,1717685630.479,1717685630.517,1,326,1
1,327,0.050,1717685631.518,1717685631.568,1,327,1
1,328,0.077,1717685632.570,1717685632.647,1,328,1
1,329,0.036,1717685633.648,1717685633.685,1,329,1
1,330,0.069,1717685634.686,1717685634.755,1,330,1
1,331,0.036,1717685635.756,1717685635.792,1,331,1
1,332,0.045,1717685636.792,1717685636.838,1,332,1
1,333,0.036,1717685637.839,1717685637.875,1,333,1
1,334,0.040,1717685638.876,1717685638.916,1,334,1
1,335,0.034,1717685639.917,1717685639.951,1,335,1
1,336,0.037,1717685640.952,1717685640.989,1,336,1
1,337,0.040,1717685641.990,1717685642.030,1,337,1
1,338,0.043,1717685643.031,1717685643.074,1,338,1
1,339,0.035,1717685644.085,1717685644.120,1,339,1
1,340,0.049,1717685645.121,1717685645.171,1,340,1
1,341,0.032,1717685646.172,1717685646.204,1,341,1
1,342,0.040,1717685647.205,1717685647.245,1,342,1
1,343,0.040,1717685648.246,1717685648.286,1,343,1
1,344,0.040,1717685649.287,1717685649.327,1,344,1
1,345,0.044,1717685650.328,1717685650.371,1,345,1
1,346,0.035,1717685651.372,1717685651.407,1,346,1
1,347,0.037,1717685652.409,1717685652.446,1,347,1
1,348,0.035,1717685653.447,1717685653.482,1,348,1
1,349,0.038,1717685654.483,1717685654.521,1,349,1
1,350,0.072,1717685655.522,1717685655.594,1,350,1
1,351,0.075,1717685656.595,1717685656.670,1,351,1
1,352,0.035,1717685657.671,1717685657.706,1,352,1
1,353,0.044,1717685658.707,1717685658.751,1,353,1
1,354,0.038,1717685659.752,1717685659.790,1,354,1
1,355,0.043,1717685660.791,1717685660.833,1,355,1
1,356,0.035,1717685661.835,1717685661.870,1,356,1
1,357,0.037,1717685662.872,1717685662.909,1,357,1
1,358,0.032,1717685663.910,1717685663.942,1,358,1
1,359,0.043,1717685664.943,1717685664.986,1,359,1
1,360,0.050,1717685665.986,1717685666.036,1,360,1
1,361,0.037,1717685667.037,1717685667.074,1,361,1
1,362,0.034,1717685668.076,1717685668.110,1,362,1
1,363,0.039,1717685669.112,1717685669.151,1,363,1
1,364,0.063,1717685670.153,1717685670.216,1,364,1
1,365,0.072,1717685671.218,1717685671.289,1,365,1
1,366,0.037,1717685672.290,1717685672.328,1,366,1
1,367,0.045,1717685673.329,1717685673.374,1,367,1
1,368,0.038,1717685674.374,1717685674.412,1,368,1
1,369,0.036,1717685675.414,1717685675.450,1,369,1
1,370,0.033,1717685676.451,1717685676.485,1,370,1
1,371,0.036,1717685677.486,1717685677.522,1,371,1
1,372,0.035,1717685678.523,1717685678.557,1,372,1
1,373,0.035,1717685679.559,1717685679.594,1,373,1
1,374,0.030,1717685680.595,1717685680.625,1,374,1
1,375,0.059,1717685681.626,1717685681.685,1,375,1
1,376,0.081,1717685682.687,1717685682.767,1,376,1
1,377,0.036,1717685683.768,1717685683.804,1,377,1
1,378,0.053,1717685684.805,1717685684.858,1,378,1
1,379,0.039,1717685685.859,1717685685.898,1,379,1
1,380,0.035,1717685686.898,1717685686.933,1,380,1
1,381,0.035,1717685687.934,1717685687.969,1,381,1
1,382,0.034,1717685688.970,1717685689.005,1,382,1
1,383,0.035,1717685690.006,1717685690.041,1,383,1
1,384,0.078,1717685691.041,1717685691.119,1,384,1
1,385,0.074,1717685692.121,1717685692.194,1,385,1
1,386,0.074,1717685693.195,1717685693.269,1,386,1
1,387,0.040,1717685694.270,1717685694.310,1,387,1
1,388,0.036,1717685695.310,1717685695.346,1,388,1
1,389,0.038,1717685696.347,1717685696.385,1,389,1
1,390,0.035,1717685697.386,1717685697.421,1,390,1
1,391,0.040,1717685698.422,1717685698.462,1,391,1
1,392,0.036,1717685699.463,1717685699.498,1,392,1
1,393,0.035,1717685700.500,1717685700.535,1,393,1
1,394,0.036,1717685701.537,1717685701.573,1,394,1
1,395,0.034,1717685702.574,1717685702.608,1,395,1
1,396,0.037,1717685703.609,1717685703.646,1,396,1
1,397,0.036,1717685704.646,1717685704.682,1,397,1
1,398,0.077,1717685705.683,1717685705.760,1,398,1
1,399,0.064,1717685706.761,1717685706.825,1,399,1
1,400,0.081,1717685707.826,1717685707.907,1,400,1
1,401,0.053,1717685708.908,1717685708.961,1,401,1
1,402,0.034,1717685709.962,1717685709.996,1,402,1
1,403,0.033,1717685710.997,1717685711.030,1,403,1
1,404,0.034,1717685712.031,1717685712.065,1,404,1
1,405,0.037,1717685713.066,1717685713.102,1,405,1
1,406,0.036,1717685714.103,1717685714.139,1,406,1
1,407,0.038,1717685715.140,1717685715.178,1,407,1
1,408,0.037,1717685716.179,1717685716.217,1,408,1
1,409,0.031,1717685717.218,1717685717.248,1,409,1
1,410,0.076,1717685718.249,1717685718.325,1,410,1
1,411,0.030,1717685719.326,1717685719.356,1,411,1
1,412,0.037,1717685720.357,1717685720.394,1,412,1
1,413,0.039,1717685721.395,1717685721.433,1,413,1
1,414,0.041,1717685722.434,1717685722.476,1,414,1
1,415,0.034,1717685723.477,1717685723.511,1,415,1
1,416,0.034,1717685724.511,1717685724.545,1,416,1
1,417,0.052,1717685725.546,1717685725.598,1,417,1
1,418,0.040,1717685726.599,1717685726.638,1,418,1
1,419,0.033,1717685727.640,1717685727.673,1,419,1
1,420,0.049,1717685728.674,1717685728.723,1,420,1
1,421,0.065,1717685729.724,1717685729.789,1,421,1
1,422,0.038,1717685730.790,1717685730.827,1,422,1
1,423,0.061,1717685731.829,1717685731.890,1,423,1
1,424,0.035,1717685732.891,1717685732.926,1,424,1
1,425,0.035,1717685733.927,1717685733.962,1,425,1
1,426,0.035,1717685734.963,1717685734.998,1,426,1
1,427,0.041,1717685735.999,1717685736.040,1,427,1
1,428,0.041,1717685737.041,1717685737.082,1,428,1
1,429,0.035,1717685738.083,1717685738.118,1,429,1
1,430,0.037,1717685739.119,1717685739.155,1,430,1
1,431,0.040,1717685740.156,1717685740.196,1,431,1
1,432,0.070,1717685741.197,1717685741.268,1,432,1
1,433,0.035,1717685742.269,1717685742.304,1,433,1
1,434,0.079,1717685743.306,1717685743.386,1,434,1
1,435,0.042,1717685744.386,1717685744.428,1,435,1
1,436,0.037,1717685745.429,1717685745.466,1,436,1
1,437,0.042,1717685746.467,1717685746.509,1,437,1
1,438,0.037,1717685747.510,1717685747.547,1,438,1
1,439,0.038,1717685748.548,1717685748.587,1,439,1
1,440,0.047,1717685749.588,1717685749.635,1,440,1
1,441,0.033,1717685750.636,1717685750.670,1,441,1
1,442,0.033,1717685751.671,1717685751.704,1,442,1
1,443,0.078,1717685752.705,1717685752.783,1,443,1
1,444,0.051,1717685753.785,1717685753.836,1,444,1
1,445,0.040,1717685754.837,1717685754.877,1,445,1
1,446,0.037,1717685755.878,1717685755.915,1,446,1
1,447,0.037,1717685756.917,1717685756.954,1,447,1
1,448,0.039,1717685757.955,1717685757.994,1,448,1
1,449,0.035,1717685758.995,1717685759.030,1,449,1
1,450,0.041,1717685760.031,1717685760.073,1,450,1
1,451,0.035,1717685761.074,1717685761.109,1,451,1
1,452,0.035,1717685762.111,1717685762.146,1,452,1
1,453,0.039,1717685763.147,1717685763.186,1,453,1
1,454,0.075,1717685764.187,1717685764.262,1,454,1
1,455,0.033,1717685765.263,1717685765.296,1,455,1
1,456,0.054,1717685766.298,1717685766.352,1,456,1
1,457,0.058,1717685767.353,1717685767.411,1,457,1
1,458,0.038,1717685768.412,1717685768.450,1,458,1
1,459,0.036,1717685769.451,1717685769.487,1,459,1
1,460,0.037,1717685770.488,1717685770.526,1,460,1
1,461,0.040,1717685771.527,1717685771.567,1,461,1
1,462,0.037,1717685772.568,1717685772.605,1,462,1
1,463,0.044,1717685773.606,1717685773.650,1,463,1
1,464,0.037,1717685774.651,1717685774.687,1,464,1
1,465,0.077,1717685775.689,1717685775.766,1,465,1
1,466,0.072,1717685776.767,1717685776.839,1,466,1
1,467,0.034,1717685777.840,1717685777.874,1,467,1
1,468,0.034,1717685778.875,1717685778.909,1,468,1
1,469,0.039,1717685779.910,1717685779.948,1,469,1
1,470,0.037,1717685780.949,1717685780.986,1,470,1
1,471,0.035,1717685781.987,1717685782.022,1,471,1
1,472,0.033,1717685783.023,1717685783.056,1,472,1
1,473,0.045,1717685784.057,1717685784.102,1,473,1
1,474,0.036,1717685785.103,1717685785.139,1,474,1
1,475,0.037,1717685786.139,1717685786.176,1,475,1
1,476,0.037,1717685787.177,1717685787.215,1,476,1
1,477,0.035,1717685788.216,1717685788.251,1,477,1
1,478,0.038,1717685789.252,1717685789.291,1,478,1
1,479,0.062,1717685790.292,1717685790.354,1,479,1
1,480,0.041,1717685791.355,1717685791.396,1,480,1
1,481,0.048,1717685792.397,1717685792.445,1,481,1
1,482,0.037,1717685793.446,1717685793.482,1,482,1
1,483,0.037,1717685794.483,1717685794.520,1,483,1
1,484,0.036,1717685795.521,1717685795.557,1,484,1
1,485,0.038,1717685796.558,1717685796.596,1,485,1
1,486,0.039,1717685797.597,1717685797.635,1,486,1
1,487,0.036,1717685798.636,1717685798.673,1,487,1
1,488,0.035,1717685799.674,1717685799.709,1,488,1
1,489,0.036,1717685800.711,1717685800.746,1,489,1
1,490,0.038,1717685801.748,1717685801.786,1,490,1
1,491,0.034,1717685802.786,1717685802.821,1,491,1
1,492,0.036,1717685803.822,1717685803.857,1,492,1
1,493,0.037,1717685804.858,1717685804.895,1,493,1
1,494,0.034,1717685805.896,1717685805.930,1,494,1
1,495,0.048,1717685806.931,1717685806.979,1,495,1
1,496,0.038,1717685807.980,1717685808.018,1,496,1
1,497,0.037,1717685809.019,1717685809.056,1,497,1
1,498,0.034,1717685810.057,1717685810.091,1,498,1
1,499,0.073,1717685811.091,1717685811.164,1,499,1
1,500,0.058,1717685812.165,1717685812.224,1,500,1
1,501,0.040,1717685813.225,1717685813.265,1,501,1
1,502,0.067,1717685814.265,1717685814.332,1,502,1
1,503,0.036,1717685815.333,1717685815.370,1,503,1
1,504,0.036,1717685816.370,1717685816.406,1,504,1
1,505,0.046,1717685817.407,1717685817.453,1,505,1
1,506,0.036,1717685818.454,1717685818.490,1,506,1
1,507,0.041,1717685819.491,1717685819.532,1,507,1
1,508,0.038,1717685820.533,1717685820.571,1,508,1
1,509,0.037,1717685821.572,1717685821.609,1,509,1
1,510,0.037,1717685822.610,1717685822.646,1,510,1
1,511,0.035,1717685823.648,1717685823.682,1,511,1
1,512,0.038,1717685824.683,1717685824.722,1,512,1
1,513,0.055,1717685825.722,1717685825.777,1,513,1
1,514,0.035,1717685826.778,1717685826.813,1,514,1
1,515,0.035,1717685827.814,1717685827.849,1,515,1
1,516,0.034,1717685828.850,1717685828.885,1,516,1
1,517,0.035,1717685829.885,1717685829.920,1,517,1
1,518,0.052,1717685830.921,1717685830.973,1,518,1
1,519,0.037,1717685831.973,1717685832.011,1,519,1
1,520,0.037,1717685833.011,1717685833.049,1,520,1
1,521,0.035,1717685834.050,1717685834.084,1,521,1
1,522,0.042,1717685835.085,1717685835.127,1,522,1
1,523,0.033,1717685836.128,1717685836.161,1,523,1
1,524,0.073,1717685837.161,1717685837.234,1,524,1
1,525,0.079,1717685838.235,1717685838.314,1,525,1
1,526,0.029,1717685839.314,1717685839.344,1,526,1
1,527,0.035,1717685840.344,1717685840.379,1,527,1
1,528,0.054,1717685841.380,1717685841.434,1,528,1
1,529,0.033,1717685842.435,1717685842.468,1,529,1
1,530,0.035,1717685843.469,1717685843.504,1,530,1
1,531,0.035,1717685844.506,1717685844.541,1,531,1
1,532,0.035,1717685845.542,1717685845.576,1,532,1
1,533,0.040,1717685846.577,1717685846.617,1,533,1
1,534,0.071,1717685847.618,1717685847.689,1,534,1
1,535,0.062,1717685848.691,1717685848.753,1,535,1
1,536,0.035,1717685849.754,1717685849.789,1,536,1
1,537,0.034,1717685850.790,1717685850.825,1,537,1
1,538,0.038,1717685851.825,1717685851.863,1,538,1
1,539,0.034,1717685852.864,1717685852.899,1,539,1
1,540,0.036,1717685853.900,1717685853.937,1,540,1
1,541,0.042,1717685854.938,1717685854.980,1,541,1
1,542,0.043,1717685855.981,1717685856.024,1,542,1
1,543,0.046,1717685857.025,1717685857.072,1,543,1
1,544,0.036,1717685858.073,1717685858.109,1,544,1
1,545,0.072,1717685859.110,1717685859.181,1,545,1
1,546,0.037,1717685860.183,1717685860.220,1,546,1
1,547,0.031,1717685861.221,1717685861.252,1,547,1
1,548,0.035,1717685862.253,1717685862.288,1,548,1
1,549,0.039,1717685863.289,1717685863.328,1,549,1
1,550,0.041,1717685864.329,1717685864.370,1,550,1
1,551,0.045,1717685865.371,1717685865.416,1,551,1
1,552,0.039,1717685866.417,1717685866.456,1,552,1
1,553,0.035,1717685867.457,1717685867.493,1,553,1
1,554,0.041,1717685868.493,1717685868.534,1,554,1
1,555,0.038,1717685869.535,1717685869.573,1,555,1
1,556,0.074,1717685870.574,1717685870.648,1,556,1
1,557,0.068,1717685871.650,1717685871.717,1,557,1
1,558,0.035,1717685872.718,1717685872.754,1,558,1
1,559,0.039,1717685873.755,1717685873.793,1,559,1
1,560,0.034,1717685874.795,1717685874.829,1,560,1
1,561,0.036,1717685875.830,1717685875.865,1,561,1
1,562,0.035,1717685876.866,1717685876.901,1,562,1
1,563,0.036,1717685877.902,1717685877.938,1,563,1
1,564,0.040,1717685878.939,1717685878.979,1,564,1
1,565,0.036,1717685879.980,1717685880.016,1,565,1
1,566,0.036,1717685881.017,1717685881.053,1,566,1
1,567,0.039,1717685882.054,1717685882.093,1,567,1
1,568,0.037,1717685883.094,1717685883.130,1,568,1
1,569,0.034,1717685884.131,1717685884.166,1,569,1
1,570,0.036,1717685885.167,1717685885.203,1,570,1
1,571,0.037,1717685886.204,1717685886.241,1,571,1
1,572,0.046,1717685887.242,1717685887.287,1,572,1
1,573,0.040,1717685888.288,1717685888.329,1,573,1
1,574,0.053,1717685889.330,1717685889.383,1,574,1
1,575,0.036,1717685890.384,1717685890.421,1,575,1
1,576,0.040,1717685891.422,1717685891.461,1,576,1
1,577,0.033,1717685892.462,1717685892.495,1,577,1
1,578,0.038,1717685893.495,1717685893.534,1,578,1
1,579,0.037,1717685894.534,1717685894.571,1,579,1
1,580,0.079,1717685895.572,1717685895.651,1,580,1
1,581,0.056,1717685896.652,1717685896.707,1,581,1
1,582,0.033,1717685897.708,1717685897.742,1,582,1
1,583,0.037,1717685898.742,1717685898.779,1,583,1
1,584,0.035,1717685899.780,1717685899.815,1,584,1
1,585,0.034,1717685900.817,1717685900.851,1,585,1
1,586,0.035,1717685901.852,1717685901.887,1,586,1
1,587,0.034,1717685902.888,1717685902.922,1,587,1
1,588,0.036,1717685903.923,1717685903.960,1,588,1
1,589,0.033,1717685904.961,1717685904.994,1,589,1
1,590,0.042,1717685905.995,1717685906.037,1,590,1
1,591,0.036,1717685907.038,1717685907.074,1,591,1
1,592,0.035,1717685908.075,1717685908.110,1,592,1
1,593,0.032,1717685909.111,1717685909.143,1,593,1
1,594,0.038,1717685910.144,1717685910.182,1,594,1
1,595,0.035,1717685911.183,1717685911.218,1,595,1
1,596,0.034,1717685912.219,1717685912.253,1,596,1
1,597,0.040,1717685913.254,1717685913.294,1,597,1
1,598,0.038,1717685914.295,1717685914.333,1,598,1
1,599,0.037,1717685915.335,1717685915.372,1,599,1
1,600,0.033,1717685916.373,1717685916.406,1,600,1
1,601,0.039,1717685917.408,1717685917.446,1,601,1
1,602,0.035,1717685918.447,1717685918.482,1,602,1
1,603,0.039,1717685919.484,1717685919.522,1,603,1
1,604,0.064,1717685920.524,1717685920.588,1,604,1
1,605,0.044,1717685921.590,1717685921.634,1,605,1
1,606,0.059,1717685922.635,1717685922.695,1,606,1
1,607,0.038,1717685923.695,1717685923.734,1,607,1
1,608,0.047,1717685924.734,1717685924.781,1,608,1
1,609,0.039,1717685925.783,1717685925.822,1,609,1
1,610,0.040,1717685926.823,1717685926.863,1,610,1
1,611,0.037,1717685927.865,1717685927.901,1,611,1
1,612,0.040,1717685928.902,1717685928.943,1,612,1
1,613,0.033,1717685929.944,1717685929.976,1,613,1
1,614,0.043,1717685930.978,1717685931.020,1,614,1
1,615,0.041,1717685932.021,1717685932.062,1,615,1
1,616,0.075,1717685933.063,1717685933.138,1,616,1
1,617,0.040,1717685934.139,1717685934.179,1,617,1
1,618,0.038,1717685935.180,1717685935.218,1,618,1
1,619,0.035,1717685936.219,1717685936.254,1,619,1
1,620,0.036,1717685937.256,1717685937.292,1,620,1
1,621,0.037,1717685938.294,1717685938.330,1,621,1
1,622,0.027,1717685939.332,1717685939.359,1,622,1
1,623,0.035,1717685940.360,1717685940.395,1,623,1
1,624,0.034,1717685941.396,1717685941.430,1,624,1
1,625,0.034,1717685942.431,1717685942.465,1,625,1
1,626,0.037,1717685943.466,1717685943.503,1,626,1
1,627,0.054,1717685944.505,1717685944.559,1,627,1
1,628,0.049,1717685945.560,1717685945.610,1,628,1
1,629,0.037,1717685946.611,1717685946.647,1,629,1
1,630,0.035,1717685947.649,1717685947.684,1,630,1
1,631,0.040,1717685948.685,1717685948.725,1,631,1
1,632,0.036,1717685949.726,1717685949.762,1,632,1
1,633,0.039,1717685950.763,1717685950.802,1,633,1
1,634,0.039,1717685951.803,1717685951.842,1,634,1
1,635,0.040,1717685952.843,1717685952.883,1,635,1
1,636,0.035,1717685953.885,1717685953.920,1,636,1
1,637,0.036,1717685954.922,1717685954.957,1,637,1
1,638,0.036,1717685955.958,1717685955.994,1,638,1
1,639,0.071,1717685956.995,1717685957.066,1,639,1
1,640,0.034,1717685958.067,1717685958.101,1,640,1
1,641,0.072,1717685959.103,1717685959.175,1,641,1
1,642,0.037,1717685960.176,1717685960.213,1,642,1
1,643,0.037,1717685961.214,1717685961.251,1,643,1
1,644,0.040,1717685962.252,1717685962.292,1,644,1
1,645,0.035,1717685963.293,1717685963.327,1,645,1
1,646,0.036,1717685964.328,1717685964.364,1,646,1
1,647,0.040,1717685965.365,1717685965.406,1,647,1
1,648,0.043,1717685966.406,1717685966.449,1,648,1
1,649,0.036,1717685967.450,1717685967.486,1,649,1
1,650,0.050,1717685968.487,1717685968.537,1,650,1
1,651,0.035,1717685969.538,1717685969.573,1,651,1
1,652,0.053,1717685970.574,1717685970.626,1,652,1
1,653,0.036,1717685971.627,1717685971.663,1,653,1
1,654,0.060,1717685972.664,1717685972.723,1,654,1
1,655,0.036,1717685973.725,1717685973.761,1,655,1
1,656,0.034,1717685974.762,1717685974.795,1,656,1
1,657,0.034,1717685975.796,1717685975.830,1,657,1
1,658,0.035,1717685976.831,1717685976.866,1,658,1
1,659,0.037,1717685977.868,1717685977.904,1,659,1
1,660,0.057,1717685978.905,1717685978.962,1,660,1
1,661,0.036,1717685979.963,1717685979.998,1,661,1
1,662,0.034,1717685980.999,1717685981.033,1,662,1
1,663,0.037,1717685982.034,1717685982.071,1,663,1
1,664,0.035,1717685983.071,1717685983.106,1,664,1
1,665,0.040,1717685984.108,1717685984.148,1,665,1
1,666,0.040,1717685985.149,1717685985.189,1,666,1
1,667,0.036,1717685986.190,1717685986.226,1,667,1
1,668,0.040,1717685987.227,1717685987.267,1,668,1
1,669,0.035,1717685988.268,1717685988.302,1,669,1
1,670,0.034,1717685989.304,1717685989.338,1,670,1
1,671,0.034,1717685990.339,1717685990.373,1,671,1
1,672,0.091,1717685991.374,1717685991.465,1,672,1
1,673,0.072,1717685992.466,1717685992.538,1,673,1
1,674,0.038,1717685993.539,1717685993.577,1,674,1
1,675,0.042,1717685994.578,1717685994.620,1,675,1
1,676,0.035,1717685995.621,1717685995.656,1,676,1
1,677,0.036,1717685996.657,1717685996.693,1,677,1
1,678,0.038,1717685997.694,1717685997.732,1,678,1
1,679,0.042,1717685998.734,1717685998.776,1,679,1
1,680,0.035,1717685999.784,1717685999.819,1,680,1
1,681,0.037,1717686000.820,1717686000.857,1,681,1
1,682,0.038,1717686001.859,1717686001.897,1,682,1
1,683,0.057,1717686002.898,1717686002.954,1,683,1
1,684,0.080,1717686003.955,1717686004.035,1,684,1
1,685,0.057,1717686005.039,1717686005.096,1,685,1
1,686,0.040,1717686006.097,1717686006.137,1,686,1
1,687,0.036,1717686007.138,1717686007.174,1,687,1
1,688,0.036,1717686008.175,1717686008.210,1,688,1
1,689,0.039,1717686009.212,1717686009.251,1,689,1
1,690,0.040,1717686010.252,1717686010.292,1,690,1
1,691,1.055,1717686011.294,1717686012.349,1,691,1
1,692,0.035,1717686013.351,1717686013.385,1,692,1
1,693,0.036,1717686014.387,1717686014.423,1,693,1
1,694,0.077,1717686015.425,1717686015.502,1,694,1
1,695,0.053,1717686016.503,1717686016.556,1,695,1
1,696,0.068,1717686017.556,1717686017.625,1,696,1
1,697,0.037,1717686018.626,1717686018.663,1,697,1
1,698,0.053,1717686019.664,1717686019.717,1,698,1
1,699,0.041,1717686020.718,1717686020.759,1,699,1
1,700,0.034,1717686021.760,1717686021.793,1,700,1
1,701,0.035,1717686022.794,1717686022.829,1,701,1
1,702,0.040,1717686023.830,1717686023.870,1,702,1
1,703,0.035,1717686024.870,1717686024.906,1,703,1
1,704,0.076,1717686025.907,1717686025.983,1,704,1
1,705,0.078,1717686026.984,1717686027.062,1,705,1
1,706,0.077,1717686028.063,1717686028.140,1,706,1
1,707,0.036,1717686029.141,1717686029.177,1,707,1
1,708,0.039,1717686030.179,1717686030.218,1,708,1
1,709,0.092,1717686031.219,1717686031.311,1,709,1
1,710,0.038,1717686032.312,1717686032.350,1,710,1
1,711,0.038,1717686033.351,1717686033.389,1,711,1
1,712,0.034,1717686034.390,1717686034.425,1,712,1
1,713,0.041,1717686035.426,1717686035.467,1,713,1
1,714,0.040,1717686036.468,1717686036.509,1,714,1
1,715,0.070,1717686037.510,1717686037.579,1,715,1
1,716,0.080,1717686038.581,1717686038.661,1,716,1
1,717,0.034,1717686039.662,1717686039.695,1,717,1
1,718,0.041,1717686040.696,1717686040.738,1,718,1
1,719,0.036,1717686041.739,1717686041.775,1,719,1
1,720,0.034,1717686042.777,1717686042.811,1,720,1
1,721,0.038,1717686043.812,1717686043.850,1,721,1
1,722,0.043,1717686044.852,1717686044.894,1,722,1
1,723,0.046,1717686045.896,1717686045.941,1,723,1
1,724,0.043,1717686046.942,1717686046.985,1,724,1
1,725,0.072,1717686047.987,1717686048.059,1,725,1
1,726,0.065,1717686049.060,1717686049.125,1,726,1
1,727,0.070,1717686050.126,1717686050.196,1,727,1
1,728,0.047,1717686051.197,1717686051.245,1,728,1
1,729,0.037,1717686052.246,1717686052.282,1,729,1
1,730,0.044,1717686053.283,1717686053.328,1,730,1
1,731,0.038,1717686054.328,1717686054.366,1,731,1
1,732,0.037,1717686055.368,1717686055.405,1,732,1
1,733,0.034,1717686056.406,1717686056.440,1,733,1
1,734,0.035,1717686057.441,1717686057.476,1,734,1
1,735,0.037,1717686058.477,1717686058.514,1,735,1
1,736,0.074,1717686059.515,1717686059.588,1,736,1
1,737,0.040,1717686060.589,1717686060.630,1,737,1
1,738,0.063,1717686061.631,1717686061.693,1,738,1
1,739,0.042,1717686062.694,1717686062.737,1,739,1
1,740,0.040,1717686063.738,1717686063.777,1,740,1
1,741,0.044,1717686064.779,1717686064.823,1,741,1
1,742,0.056,1717686065.824,1717686065.880,1,742,1
1,743,0.037,1717686066.881,1717686066.918,1,743,1
1,744,0.036,1717686067.919,1717686067.955,1,744,1
1,745,0.034,1717686068.956,1717686068.990,1,745,1
1,746,0.042,1717686069.991,1717686070.033,1,746,1
1,747,0.037,1717686071.034,1717686071.071,1,747,1
1,748,0.065,1717686072.072,1717686072.137,1,748,1
1,749,0.036,1717686073.138,1717686073.174,1,749,1
1,750,0.039,1717686074.175,1717686074.214,1,750,1
1,751,0.037,1717686075.215,1717686075.252,1,751,1
1,752,0.033,1717686076.253,1717686076.286,1,752,1
1,753,0.042,1717686077.287,1717686077.329,1,753,1
1,754,0.040,1717686078.330,1717686078.370,1,754,1
1,755,0.043,1717686079.370,1717686079.413,1,755,1
1,756,0.035,1717686080.414,1717686080.449,1,756,1
1,757,0.043,1717686081.450,1717686081.493,1,757,1
1,758,0.036,1717686082.493,1717686082.530,1,758,1
1,759,0.080,1717686083.531,1717686083.611,1,759,1
1,760,0.037,1717686084.611,1717686084.649,1,760,1
1,761,0.041,1717686085.650,1717686085.690,1,761,1
1,762,0.045,1717686086.691,1717686086.736,1,762,1
1,763,0.036,1717686087.737,1717686087.773,1,763,1
1,764,0.040,1717686088.774,1717686088.814,1,764,1
1,765,0.036,1717686089.815,1717686089.851,1,765,1
1,766,0.034,1717686090.852,1717686090.885,1,766,1
1,767,0.043,1717686091.886,1717686091.929,1,767,1
1,768,0.048,1717686092.930,1717686092.977,1,768,1
1,769,0.035,1717686093.978,1717686094.013,1,769,1
1,770,0.040,1717686095.014,1717686095.055,1,770,1
1,771,0.043,1717686096.056,1717686096.100,1,771,1
1,772,0.034,1717686097.101,1717686097.134,1,772,1
1,773,0.034,1717686098.135,1717686098.169,1,773,1
1,774,0.035,1717686099.170,1717686099.204,1,774,1
1,775,0.032,1717686100.206,1717686100.237,1,775,1
1,776,0.032,1717686101.238,1717686101.270,1,776,1
1,777,0.033,1717686102.271,1717686102.304,1,777,1
1,778,0.048,1717686103.305,1717686103.353,1,778,1
1,779,0.035,1717686104.354,1717686104.389,1,779,1
1,780,0.038,1717686105.390,1717686105.428,1,780,1
1,781,0.037,1717686106.429,1717686106.466,1,781,1
1,782,0.033,1717686107.468,1717686107.501,1,782,1
1,783,0.049,1717686108.502,1717686108.551,1,783,1
1,784,0.050,1717686109.552,1717686109.602,1,784,1
1,785,0.037,1717686110.603,1717686110.640,1,785,1
1,786,0.035,1717686111.642,1717686111.677,1,786,1
1,787,0.052,1717686112.678,1717686112.730,1,787,1
1,788,0.041,1717686113.731,1717686113.773,1,788,1
1,789,0.037,1717686114.773,1717686114.810,1,789,1
1,790,0.046,1717686115.811,1717686115.857,1,790,1
1,791,0.037,1717686116.858,1717686116.894,1,791,1
1,792,0.035,1717686117.895,1717686117.930,1,792,1
1,793,0.038,1717686118.932,1717686118.970,1,793,1
1,794,0.037,1717686119.979,1717686120.016,1,794,1
1,795,0.034,1717686121.017,1717686121.052,1,795,1
1,796,0.043,1717686122.053,1717686122.096,1,796,1
1,797,0.042,1717686123.097,1717686123.139,1,797,1
1,798,0.039,1717686124.140,1717686124.180,1,798,1
1,799,0.041,1717686125.181,1717686125.222,1,799,1
1,800,0.036,1717686126.223,1717686126.259,1,800,1
1,801,0.034,1717686127.260,1717686127.294,1,801,1
1,802,0.050,1717686128.295,1717686128.345,1,802,1
1,803,0.036,1717686129.346,1717686129.382,1,803,1
1,804,0.043,1717686130.383,1717686130.426,1,804,1
1,805,0.034,1717686131.427,1717686131.461,1,805,1
1,806,0.033,1717686132.462,1717686132.494,1,806,1
1,807,0.042,1717686133.495,1717686133.537,1,807,1
1,808,0.036,1717686134.538,1717686134.573,1,808,1
1,809,0.036,1717686135.575,1717686135.611,1,809,1
1,810,0.046,1717686136.612,1717686136.658,1,810,1
1,811,0.032,1717686137.659,1717686137.691,1,811,1
1,812,0.040,1717686138.692,1717686138.732,1,812,1
1,813,0.037,1717686139.734,1717686139.771,1,813,1
1,814,0.041,1717686140.772,1717686140.813,1,814,1
1,815,0.039,1717686141.814,1717686141.853,1,815,1
1,816,0.040,1717686142.854,1717686142.893,1,816,1
1,817,0.040,1717686143.894,1717686143.934,1,817,1
1,818,0.037,1717686144.935,1717686144.972,1,818,1
1,819,0.037,1717686145.972,1717686146.009,1,819,1
1,820,0.035,1717686147.010,1717686147.045,1,820,1
1,821,0.036,1717686148.046,1717686148.082,1,821,1
1,822,0.034,1717686149.083,1717686149.116,1,822,1
1,823,0.039,1717686150.117,1717686150.156,1,823,1
1,824,0.035,1717686151.157,1717686151.192,1,824,1
1,825,0.045,1717686152.193,1717686152.238,1,825,1
1,826,0.035,1717686153.239,1717686153.274,1,826,1
1,827,0.037,1717686154.275,1717686154.312,1,827,1
1,828,0.037,1717686155.314,1717686155.351,1,828,1
1,829,0.047,1717686156.352,1717686156.399,1,829,1
1,830,0.036,1717686157.400,1717686157.436,1,830,1
1,831,0.034,1717686158.437,1717686158.471,1,831,1
1,832,0.035,1717686159.472,1717686159.506,1,832,1
1,833,0.072,1717686160.508,1717686160.580,1,833,1
1,834,0.049,1717686161.582,1717686161.631,1,834,1
1,835,0.034,1717686162.633,1717686162.667,1,835,1
1,836,0.037,1717686163.668,1717686163.705,1,836,1
1,837,0.034,1717686164.706,1717686164.741,1,837,1
1,838,0.040,1717686165.742,1717686165.781,1,838,1
1,839,0.040,1717686166.782,1717686166.822,1,839,1
1,840,0.041,1717686167.823,1717686167.864,1,840,1
1,841,0.039,1717686168.865,1717686168.905,1,841,1
1,842,0.039,1717686169.905,1717686169.944,1,842,1
1,843,0.046,1717686170.945,1717686170.992,1,843,1
1,844,0.045,1717686171.993,1717686172.038,1,844,1
1,845,0.035,1717686173.039,1717686173.073,1,845,1
1,846,0.038,1717686174.074,1717686174.112,1,846,1
1,847,0.036,1717686175.113,1717686175.149,1,847,1
1,848,0.043,1717686176.151,1717686176.194,1,848,1
1,849,0.036,1717686177.195,1717686177.231,1,849,1
1,850,0.038,1717686178.232,1717686178.270,1,850,1
1,851,0.038,1717686179.271,1717686179.309,1,851,1
1,852,0.041,1717686180.310,1717686180.351,1,852,1
1,853,0.046,1717686181.352,1717686181.398,1,853,1
1,854,0.036,1717686182.399,1717686182.434,1,854,1
1,855,0.035,1717686183.435,1717686183.471,1,855,1
1,856,0.042,1717686184.471,1717686184.513,1,856,1
1,857,0.034,1717686185.514,1717686185.548,1,857,1
1,858,0.036,1717686186.549,1717686186.585,1,858,1
1,859,0.037,1717686187.586,1717686187.622,1,859,1
1,860,0.050,1717686188.624,1717686188.674,1,860,1
1,861,0.035,1717686189.675,1717686189.710,1,861,1
1,862,0.037,1717686190.711,1717686190.748,1,862,1
1,863,0.036,1717686191.749,1717686191.786,1,863,1
1,864,0.034,1717686192.787,1717686192.821,1,864,1
1,865,0.039,1717686193.822,1717686193.861,1,865,1
1,866,0.039,1717686194.862,1717686194.901,1,866,1
1,867,0.037,1717686195.902,1717686195.938,1,867,1
1,868,0.043,1717686196.939,1717686196.982,1,868,1
1,869,0.040,1717686197.985,1717686198.025,1,869,1
1,870,0.036,1717686199.026,1717686199.062,1,870,1
1,871,0.035,1717686200.063,1717686200.099,1,871,1
1,872,0.035,1717686201.100,1717686201.135,1,872,1
1,873,0.041,1717686202.136,1717686202.177,1,873,1
1,874,0.037,1717686203.178,1717686203.215,1,874,1
1,875,0.033,1717686204.216,1717686204.249,1,875,1
1,876,0.044,1717686205.250,1717686205.294,1,876,1
1,877,0.042,1717686206.295,1717686206.337,1,877,1
1,878,0.042,1717686207.338,1717686207.380,1,878,1
1,879,0.045,1717686208.382,1717686208.427,1,879,1
1,880,0.039,1717686209.427,1717686209.467,1,880,1
1,881,0.037,1717686210.467,1717686210.504,1,881,1
1,882,0.037,1717686211.505,1717686211.542,1,882,1
1,883,0.035,1717686212.542,1717686212.578,1,883,1
1,884,0.054,1717686213.579,1717686213.633,1,884,1
1,885,0.038,1717686214.633,1717686214.671,1,885,1
1,886,0.038,1717686215.672,1717686215.710,1,886,1
1,887,0.048,1717686216.711,1717686216.759,1,887,1
1,888,0.034,1717686217.760,1717686217.794,1,888,1
1,889,0.037,1717686218.795,1717686218.832,1,889,1
1,890,0.037,1717686219.833,1717686219.870,1,890,1
1,891,0.051,1717686220.871,1717686220.922,1,891,1
1,892,0.035,1717686221.922,1717686221.958,1,892,1
1,893,0.040,1717686222.959,1717686222.999,1,893,1
1,894,0.035,1717686224.000,1717686224.035,1,894,1
1,895,0.035,1717686225.036,1717686225.071,1,895,1
1,896,0.032,1717686226.072,1717686226.104,1,896,1
1,897,0.038,1717686227.105,1717686227.143,1,897,1
1,898,0.039,1717686228.144,1717686228.182,1,898,1
1,899,0.052,1717686229.183,1717686229.235,1,899,1
1,900,0.038,1717686230.236,1717686230.274,1,900,1
1,901,0.052,1717686231.275,1717686231.327,1,901,1
1,902,0.034,1717686232.328,1717686232.362,1,902,1
1,903,0.035,1717686233.363,1717686233.398,1,903,1
1,904,0.039,1717686234.399,1717686234.438,1,904,1
1,905,0.039,1717686235.439,1717686235.478,1,905,1
1,906,0.043,1717686236.479,1717686236.523,1,906,1
1,907,0.037,1717686237.524,1717686237.561,1,907,1
1,908,0.040,1717686238.562,1717686238.602,1,908,1
1,909,0.035,1717686239.604,1717686239.638,1,909,1
1,910,0.041,1717686240.640,1717686240.681,1,910,1
1,911,0.034,1717686241.682,1717686241.716,1,911,1
1,912,0.034,1717686242.717,1717686242.751,1,912,1
1,913,0.039,1717686243.752,1717686243.790,1,913,1
1,914,0.037,1717686244.792,1717686244.829,1,914,1
1,915,0.040,1717686245.830,1717686245.870,1,915,1
1,916,0.036,1717686246.871,1717686246.907,1,916,1
1,917,0.038,1717686247.908,1717686247.946,1,917,1
1,918,0.043,1717686248.947,1717686248.990,1,918,1
1,919,0.037,1717686249.991,1717686250.027,1,919,1
1,920,0.041,1717686251.028,1717686251.069,1,920,1
1,921,0.033,1717686252.070,1717686252.102,1,921,1
1,922,0.035,1717686253.103,1717686253.138,1,922,1
1,923,0.051,1717686254.139,1717686254.189,1,923,1
1,924,0.040,1717686255.191,1717686255.231,1,924,1
1,925,0.035,1717686256.232,1717686256.267,1,925,1
1,926,0.041,1717686257.269,1717686257.310,1,926,1
1,927,0.038,1717686258.311,1717686258.349,1,927,1
1,928,0.030,1717686259.349,1717686259.380,1,928,1
1,929,0.034,1717686260.381,1717686260.415,1,929,1
1,930,0.084,1717686261.417,1717686261.501,1,930,1
1,931,0.033,1717686262.502,1717686262.535,1,931,1
1,932,0.039,1717686263.536,1717686263.575,1,932,1
1,933,0.042,1717686264.576,1717686264.618,1,933,1
1,934,0.042,1717686265.620,1717686265.662,1,934,1
1,935,0.037,1717686266.663,1717686266.699,1,935,1
1,936,0.037,1717686267.701,1717686267.738,1,936,1
1,937,0.037,1717686268.739,1717686268.777,1,937,1
1,938,0.090,1717686269.778,1717686269.868,1,938,1
1,939,0.068,1717686270.870,1717686270.938,1,939,1
1,940,0.075,1717686271.939,1717686272.013,1,940,1
1,941,0.036,1717686273.015,1717686273.051,1,941,1
1,942,0.041,1717686274.053,1717686274.094,1,942,1
1,943,0.035,1717686275.095,1717686275.130,1,943,1
1,944,0.035,1717686276.132,1717686276.166,1,944,1
1,945,0.037,1717686277.168,1717686277.205,1,945,1
1,946,0.034,1717686278.206,1717686278.240,1,946,1
1,947,0.039,1717686279.241,1717686279.281,1,947,1
1,948,0.065,1717686280.282,1717686280.346,1,948,1
1,949,0.075,1717686281.348,1717686281.422,1,949,1
1,950,0.036,1717686282.423,1717686282.459,1,950,1
1,951,0.035,1717686283.460,1717686283.495,1,951,1
1,952,0.035,1717686284.496,1717686284.530,1,952,1
1,953,0.053,1717686285.531,1717686285.584,1,953,1
1,954,0.040,1717686286.585,1717686286.625,1,954,1
1,955,0.037,1717686287.626,1717686287.663,1,955,1
1,956,0.044,1717686288.664,1717686288.708,1,956,1
1,957,0.040,1717686289.709,1717686289.749,1,957,1
1,958,0.068,1717686290.749,1717686290.818,1,958,1
1,959,0.072,1717686291.819,1717686291.891,1,959,1
1,960,0.055,1717686292.892,1717686292.947,1,960,1
1,961,0.035,1717686293.948,1717686293.983,1,961,1
1,962,0.034,1717686294.983,1717686295.017,1,962,1
1,963,0.036,1717686296.018,1717686296.054,1,963,1
1,964,0.038,1717686297.056,1717686297.094,1,964,1
1,965,0.037,1717686298.094,1717686298.131,1,965,1
1,966,0.034,1717686299.132,1717686299.166,1,966,1
1,967,0.035,1717686300.168,1717686300.203,1,967,1
1,968,0.035,1717686301.208,1717686301.243,1,968,1
1,969,0.075,1717686302.244,1717686302.319,1,969,1
1,970,0.072,1717686303.320,1717686303.392,1,970,1
1,971,0.039,1717686304.393,1717686304.432,1,971,1
1,972,0.042,1717686305.433,1717686305.476,1,972,1
1,973,0.037,1717686306.477,1717686306.513,1,973,1
1,974,0.040,1717686307.514,1717686307.554,1,974,1
1,975,0.034,1717686308.555,1717686308.589,1,975,1
1,976,0.034,1717686309.589,1717686309.624,1,976,1
1,977,0.034,1717686310.625,1717686310.659,1,977,1
1,978,0.037,1717686311.660,1717686311.696,1,978,1
1,979,0.039,1717686312.697,1717686312.736,1,979,1
1,980,0.037,1717686313.737,1717686313.774,1,980,1
1,981,0.046,1717686314.775,1717686314.821,1,981,1
1,982,0.036,1717686315.822,1717686315.858,1,982,1
1,983,0.069,1717686316.859,1717686316.928,1,983,1
1,984,0.034,1717686317.929,1717686317.962,1,984,1
1,985,0.046,1717686318.963,1717686319.009,1,985,1
1,986,0.042,1717686320.010,1717686320.052,1,986,1
1,987,0.039,1717686321.053,1717686321.092,1,987,1
1,988,0.034,1717686322.093,1717686322.128,1,988,1
1,989,0.035,1717686323.128,1717686323.164,1,989,1
1,990,0.037,1717686324.165,1717686324.202,1,990,1
1,991,0.068,1717686325.203,1717686325.272,1,991,1
1,992,0.066,1717686326.273,1717686326.339,1,992,1
1,993,0.074,1717686327.340,1717686327.414,1,993,1
1,994,0.039,1717686328.414,1717686328.454,1,994,1
1,995,0.040,1717686329.455,1717686329.496,1,995,1
1,996,0.033,1717686330.497,1717686330.530,1,996,1
1,997,0.038,1717686331.531,1717686331.570,1,997,1
1,998,0.033,1717686332.571,1717686332.604,1,998,1
1,999,0.033,1717686333.605,1717686333.638,1,999,1
1,1000,0.038,1717686334.639,1717686334.677,1,1000,1
1,1001,0.036,1717686335.678,1717686335.714,1,1001,1
1,1002,0.037,1717686336.716,1717686336.753,1,1002,1
1,1003,0.035,1717686337.754,1717686337.788,1,1003,1
1,1004,0.071,1717686338.789,1717686338.860,1,1004,1
1,1005,0.032,1717686339.861,1717686339.894,1,1005,1
1,1006,0.086,1717686340.895,1717686340.981,1,1006,1
1,1007,0.038,1717686341.982,1717686342.019,1,1007,1
1,1008,0.037,1717686343.020,1717686343.057,1,1008,1
1,1009,0.046,1717686344.058,1717686344.104,1,1009,1
1,1010,0.038,1717686345.105,1717686345.142,1,1010,1
1,1011,0.034,1717686346.143,1717686346.177,1,1011,1
1,1012,0.039,1717686347.178,1717686347.217,1,1012,1
1,1013,0.034,1717686348.218,1717686348.251,1,1013,1
1,1014,0.034,1717686349.252,1717686349.286,1,1014,1
1,1015,0.038,1717686350.287,1717686350.325,1,1015,1
1,1016,0.035,1717686351.326,1717686351.361,1,1016,1
1,1017,0.035,1717686352.362,1717686352.397,1,1017,1
1,1018,0.032,1717686353.398,1717686353.430,1,1018,1
1,1019,0.038,1717686354.431,1717686354.469,1,1019,1
1,1020,0.036,1717686355.470,1717686355.506,1,1020,1
1,1021,0.032,1717686356.507,1717686356.539,1,1021,1
1,1022,0.038,1717686357.540,1717686357.578,1,1022,1
1,1023,0.035,1717686358.579,1717686358.614,1,1023,1
1,1024,0.035,1717686359.615,1717686359.650,1,1024,1
1,1025,0.047,1717686360.651,1717686360.698,1,1025,1
1,1026,0.032,1717686361.699,1717686361.731,1,1026,1
1,1027,0.034,1717686362.732,1717686362.766,1,1027,1
1,1028,0.048,1717686363.767,1717686363.815,1,1028,1
1,1029,0.034,1717686364.816,1717686364.850,1,1029,1
1,1030,0.051,1717686365.851,1717686365.902,1,1030,1
1,1031,0.057,1717686366.903,1717686366.960,1,1031,1
1,1032,0.036,1717686367.961,1717686367.997,1,1032,1
1,1033,0.037,1717686368.998,1717686369.034,1,1033,1
1,1034,0.035,1717686370.035,1717686370.070,1,1034,1
1,1035,0.046,1717686371.071,1717686371.117,1,1035,1
1,1036,0.041,1717686372.118,1717686372.158,1,1036,1
1,1037,0.036,1717686373.159,1717686373.195,1,1037,1
1,1038,0.034,1717686374.196,1717686374.230,1,1038,1
1,1039,0.035,1717686375.231,1717686375.266,1,1039,1
1,1040,0.039,1717686376.267,1717686376.305,1,1040,1
1,1041,0.036,1717686377.306,1717686377.343,1,1041,1
1,1042,0.034,1717686378.344,1717686378.378,1,1042,1
1,1043,0.041,1717686379.378,1717686379.420,1,1043,1
1,1044,0.039,1717686380.421,1717686380.460,1,1044,1
1,1045,0.037,1717686381.461,1717686381.498,1,1045,1
1,1046,0.032,1717686382.499,1717686382.531,1,1046,1
1,1047,0.033,1717686383.532,1717686383.566,1,1047,1
1,1048,0.035,1717686384.567,1717686384.602,1,1048,1
1,1049,0.036,1717686385.603,1717686385.639,1,1049,1
1,1050,0.036,1717686386.640,1717686386.676,1,1050,1
1,1051,0.041,1717686387.677,1717686387.718,1,1051,1
1,1052,0.036,1717686388.719,1717686388.755,1,1052,1
1,1053,0.033,1717686389.757,1717686389.790,1,1053,1
1,1054,0.036,1717686390.791,1717686390.827,1,1054,1
1,1055,0.034,1717686391.828,1717686391.863,1,1055,1
1,1056,0.039,1717686392.864,1717686392.902,1,1056,1
1,1057,0.038,1717686393.904,1717686393.942,1,1057,1
1,1058,0.033,1717686394.944,1717686394.977,1,1058,1
1,1059,0.041,1717686395.978,1717686396.019,1,1059,1
1,1060,0.034,1717686397.020,1717686397.054,1,1060,1
1,1061,0.039,1717686398.055,1717686398.093,1,1061,1
1,1062,0.034,1717686399.094,1717686399.129,1,1062,1
1,1063,0.033,1717686400.129,1717686400.162,1,1063,1
1,1064,0.038,1717686401.164,1717686401.202,1,1064,1
1,1065,0.036,1717686402.203,1717686402.238,1,1065,1
1,1066,0.040,1717686403.239,1717686403.279,1,1066,1
1,1067,0.038,1717686404.280,1717686404.318,1,1067,1
1,1068,0.032,1717686405.319,1717686405.350,1,1068,1
1,1069,0.039,1717686406.351,1717686406.390,1,1069,1
1,1070,0.034,1717686407.391,1717686407.426,1,1070,1
1,1071,0.034,1717686408.427,1717686408.461,1,1071,1
1,1072,0.037,1717686409.463,1717686409.500,1,1072,1
1,1073,0.046,1717686410.501,1717686410.547,1,1073,1
1,1074,0.053,1717686411.548,1717686411.601,1,1074,1
1,1075,0.032,1717686412.602,1717686412.635,1,1075,1
1,1076,0.032,1717686413.636,1717686413.669,1,1076,1
1,1077,0.035,1717686414.670,1717686414.705,1,1077,1
1,1078,0.036,1717686415.706,1717686415.742,1,1078,1
1,1079,0.045,1717686416.743,1717686416.788,1,1079,1
1,1080,0.035,1717686417.789,1717686417.824,1,1080,1
1,1081,0.037,1717686418.825,1717686418.863,1,1081,1
1,1082,0.035,1717686419.863,1717686419.898,1,1082,1
1,1083,0.032,1717686420.899,1717686420.932,1,1083,1
1,1084,0.037,1717686421.932,1717686421.969,1,1084,1
1,1085,0.036,1717686422.970,1717686423.006,1,1085,1
1,1086,0.035,1717686424.007,1717686424.042,1,1086,1
1,1087,0.039,1717686425.043,1717686425.082,1,1087,1
1,1088,0.040,1717686426.083,1717686426.123,1,1088,1
1,1089,0.037,1717686427.123,1717686427.161,1,1089,1
1,1090,0.036,1717686428.162,1717686428.198,1,1090,1
1,1091,0.035,1717686429.200,1717686429.235,1,1091,1
1,1092,0.034,1717686430.236,1717686430.270,1,1092,1
1,1093,0.042,1717686431.271,1717686431.313,1,1093,1
1,1094,0.061,1717686432.313,1717686432.374,1,1094,1
1,1095,0.035,1717686433.375,1717686433.410,1,1095,1
1,1096,0.034,1717686434.412,1717686434.446,1,1096,1
1,1097,0.032,1717686435.447,1717686435.479,1,1097,1
1,1098,0.040,1717686436.480,1717686436.520,1,1098,1
1,1099,0.035,1717686437.521,1717686437.556,1,1099,1
1,1100,0.038,1717686438.557,1717686438.595,1,1100,1
1,1101,0.036,1717686439.596,1717686439.632,1,1101,1
1,1102,0.034,1717686440.633,1717686440.668,1,1102,1
1,1103,0.034,1717686441.669,1717686441.703,1,1103,1
1,1104,0.044,1717686442.704,1717686442.748,1,1104,1
1,1105,0.038,1717686443.749,1717686443.787,1,1105,1
1,1106,0.035,1717686444.787,1717686444.822,1,1106,1
1,1107,0.036,1717686445.823,1717686445.858,1,1107,1
1,1108,0.045,1717686446.859,1717686446.904,1,1108,1
1,1109,0.038,1717686447.905,1717686447.942,1,1109,1
1,1110,0.042,1717686448.943,1717686448.986,1,1110,1
1,1111,0.032,1717686449.987,1717686450.019,1,1111,1
1,1112,0.036,1717686451.020,1717686451.056,1,1112,1
1,1113,0.034,1717686452.056,1717686452.090,1,1113,1
1,1114,0.042,1717686453.091,1717686453.133,1,1114,1
1,1115,0.040,1717686454.134,1717686454.174,1,1115,1
1,1116,0.039,1717686455.175,1717686455.214,1,1116,1
1,1117,0.031,1717686456.214,1717686456.246,1,1117,1
1,1118,0.038,1717686457.247,1717686457.285,1,1118,1
1,1119,0.038,1717686458.286,1717686458.323,1,1119,1
1,1120,0.033,1717686459.324,1717686459.357,1,1120,1
1,1121,0.035,1717686460.358,1717686460.393,1,1121,1
1,1122,0.036,1717686461.394,1717686461.430,1,1122,1
1,1123,0.061,1717686462.431,1717686462.492,1,1123,1
1,1124,0.072,1717686463.493,1717686463.565,1,1124,1
1,1125,0.037,1717686464.566,1717686464.603,1,1125,1
1,1126,0.041,1717686465.604,1717686465.645,1,1126,1
1,1127,0.035,1717686466.646,1717686466.681,1,1127,1
1,1128,0.070,1717686467.682,1717686467.752,1,1128,1
1,1129,0.043,1717686468.752,1717686468.796,1,1129,1
1,1130,0.099,1717686469.796,1717686469.895,1,1130,1
1,1131,0.034,1717686470.897,1717686470.931,1,1131,1
1,1132,0.036,1717686471.932,1717686471.969,1,1132,1
1,1133,0.036,1717686472.970,1717686473.005,1,1133,1
1,1134,0.038,1717686474.006,1717686474.044,1,1134,1
1,1135,0.036,1717686475.045,1717686475.081,1,1135,1
1,1136,0.035,1717686476.082,1717686476.117,1,1136,1
1,1137,0.036,1717686477.118,1717686477.154,1,1137,1
1,1138,0.033,1717686478.155,1717686478.188,1,1138,1
1,1139,0.035,1717686479.189,1717686479.224,1,1139,1
1,1140,0.084,1717686480.225,1717686480.309,1,1140,1
1,1141,0.094,1717686481.310,1717686481.404,1,1141,1
1,1142,0.036,1717686482.405,1717686482.441,1,1142,1
1,1143,0.034,1717686483.443,1717686483.477,1,1143,1
1,1144,0.036,1717686484.478,1717686484.514,1,1144,1
1,1145,0.040,1717686485.515,1717686485.555,1,1145,1
1,1146,0.038,1717686486.556,1717686486.593,1,1146,1
1,1147,0.043,1717686487.594,1717686487.637,1,1147,1
1,1148,0.039,1717686488.638,1717686488.677,1,1148,1
1,1149,0.036,1717686489.678,1717686489.714,1,1149,1
1,1150,0.036,1717686490.715,1717686490.751,1,1150,1
1,1151,0.034,1717686491.752,1717686491.786,1,1151,1
1,1152,0.035,1717686492.787,1717686492.822,1,1152,1
1,1153,0.039,1717686493.823,1717686493.862,1,1153,1
1,1154,0.033,1717686494.863,1717686494.897,1,1154,1
1,1155,0.036,1717686495.898,1717686495.934,1,1155,1
1,1156,0.039,1717686496.935,1717686496.974,1,1156,1
1,1157,0.040,1717686497.975,1717686498.015,1,1157,1
1,1158,0.034,1717686499.016,1717686499.050,1,1158,1
1,1159,0.037,1717686500.051,1717686500.088,1,1159,1
1,1160,0.037,1717686501.089,1717686501.126,1,1160,1
1,1161,0.036,1717686502.127,1717686502.162,1,1161,1
1,1162,0.036,1717686503.163,1717686503.199,1,1162,1
1,1163,0.032,1717686504.200,1717686504.232,1,1163,1
1,1164,0.034,1717686505.233,1717686505.267,1,1164,1
1,1165,0.038,1717686506.268,1717686506.306,1,1165,1
1,1166,0.036,1717686507.308,1717686507.344,1,1166,1
1,1167,0.032,1717686508.345,1717686508.377,1,1167,1
1,1168,0.034,1717686509.378,1717686509.412,1,1168,1
1,1169,0.033,1717686510.413,1717686510.446,1,1169,1
1,1170,0.038,1717686511.448,1717686511.486,1,1170,1
1,1171,0.035,1717686512.487,1717686512.522,1,1171,1
1,1172,0.038,1717686513.523,1717686513.561,1,1172,1
1,1173,0.035,1717686514.562,1717686514.597,1,1173,1
1,1174,0.035,1717686515.599,1717686515.633,1,1174,1
1,1175,0.036,1717686516.635,1717686516.671,1,1175,1
1,1176,0.032,1717686517.672,1717686517.705,1,1176,1
1,1177,0.035,1717686518.706,1717686518.740,1,1177,1
1,1178,0.035,1717686519.741,1717686519.777,1,1178,1
1,1179,0.037,1717686520.777,1717686520.814,1,1179,1
1,1180,0.046,1717686521.815,1717686521.861,1,1180,1
1,1181,0.040,1717686522.862,1717686522.902,1,1181,1
1,1182,0.040,1717686523.903,1717686523.943,1,1182,1
1,1183,0.033,1717686524.944,1717686524.977,1,1183,1
1,1184,0.035,1717686525.978,1717686526.013,1,1184,1
1,1185,0.036,1717686527.014,1717686527.049,1,1185,1
1,1186,0.066,1717686528.050,1717686528.117,1,1186,1
1,1187,0.043,1717686529.118,1717686529.161,1,1187,1
1,1188,0.036,1717686530.162,1717686530.198,1,1188,1
1,1189,0.037,1717686531.199,1717686531.236,1,1189,1
1,1190,0.038,1717686532.238,1717686532.275,1,1190,1
1,1191,0.039,1717686533.277,1717686533.316,1,1191,1
1,1192,0.036,1717686534.317,1717686534.353,1,1192,1
1,1193,0.043,1717686535.354,1717686535.397,1,1193,1
1,1194,0.037,1717686536.398,1717686536.435,1,1194,1
1,1195,0.034,1717686537.436,1717686537.470,1,1195,1
1,1196,0.076,1717686538.471,1717686538.547,1,1196,1
1,1197,0.032,1717686539.548,1717686539.581,1,1197,1
1,1198,0.032,1717686540.582,1717686540.614,1,1198,1
1,1199,0.034,1717686541.615,1717686541.650,1,1199,1
1,1200,0.065,1717686542.651,1717686542.716,1,1200,1
1,1201,0.037,1717686543.718,1717686543.755,1,1201,1
1,1202,0.038,1717686544.757,1717686544.795,1,1202,1
1,1203,0.033,1717686545.796,1717686545.829,1,1203,1
1,1204,0.034,1717686546.831,1717686546.865,1,1204,1
1,1205,0.036,1717686547.866,1717686547.902,1,1205,1
1,1206,0.043,1717686548.903,1717686548.946,1,1206,1
1,1207,0.033,1717686549.947,1717686549.980,1,1207,1
1,1208,0.040,1717686550.981,1717686551.021,1,1208,1
1,1209,0.032,1717686552.022,1717686552.054,1,1209,1
1,1210,0.049,1717686553.056,1717686553.105,1,1210,1
1,1211,0.036,1717686554.106,1717686554.142,1,1211,1
1,1212,0.034,1717686555.144,1717686555.178,1,1212,1
1,1213,0.036,1717686556.180,1717686556.216,1,1213,1
1,1214,0.034,1717686557.217,1717686557.251,1,1214,1
1,1215,0.054,1717686558.252,1717686558.306,1,1215,1
1,1216,0.037,1717686559.307,1717686559.344,1,1216,1
1,1217,0.040,1717686560.535,1717686560.575,1,1217,1
1,1218,0.037,1717686561.575,1717686561.613,1,1218,1
1,1219,0.040,1717686562.614,1717686562.654,1,1219,1
1,1220,0.040,1717686563.655,1717686563.695,1,1220,1
1,1221,0.048,1717686564.697,1717686564.745,1,1221,1
1,1222,0.039,1717686565.746,1717686565.786,1,1222,1
1,1223,0.038,1717686566.787,1717686566.825,1,1223,1
1,1224,0.037,1717686567.826,1717686567.863,1,1224,1
1,1225,0.034,1717686568.864,1717686568.898,1,1225,1
1,1226,0.032,1717686569.899,1717686569.931,1,1226,1
1,1227,0.035,1717686570.932,1717686570.967,1,1227,1
1,1228,0.034,1717686571.968,1717686572.001,1,1228,1
1,1229,0.034,1717686573.002,1717686573.036,1,1229,1
1,1230,0.032,1717686574.037,1717686574.069,1,1230,1
1,1231,0.040,1717686575.070,1717686575.110,1,1231,1
1,1232,0.038,1717686576.111,1717686576.149,1,1232,1
1,1233,0.041,1717686577.150,1717686577.191,1,1233,1
1,1234,0.037,1717686578.289,1717686578.326,1,1234,1
1,1235,0.037,1717686579.327,1717686579.364,1,1235,1
1,1236,0.037,1717686580.365,1717686580.402,1,1236,1
1,1237,0.036,1717686581.403,1717686581.439,1,1237,1
1,1238,0.036,1717686582.440,1717686582.476,1,1238,1
1,1239,0.038,1717686583.477,1717686583.515,1,1239,1
1,1240,0.038,1717686584.516,1717686584.554,1,1240,1
1,1241,0.041,1717686585.556,1717686585.596,1,1241,1
1,1242,0.037,1717686586.597,1717686586.634,1,1242,1
1,1243,0.033,1717686587.635,1717686587.668,1,1243,1
1,1244,0.038,1717686588.669,1717686588.707,1,1244,1
1,1245,0.041,1717686589.708,1717686589.750,1,1245,1
1,1246,0.040,1717686590.751,1717686590.790,1,1246,1
1,1247,0.038,1717686591.791,1717686591.829,1,1247,1
1,1248,0.036,1717686592.830,1717686592.866,1,1248,1
1,1249,0.033,1717686593.867,1717686593.901,1,1249,1
1,1250,0.036,1717686594.901,1717686594.938,1,1250,1
1,1251,0.038,1717686595.939,1717686595.977,1,1251,1
1,1252,0.039,1717686596.979,1717686597.018,1,1252,1
1,1253,0.039,1717686598.019,1717686598.058,1,1253,1
1,1254,0.035,1717686599.059,1717686599.094,1,1254,1
1,1255,0.037,1717686600.095,1717686600.131,1,1255,1
1,1256,0.038,1717686601.132,1717686601.170,1,1256,1
1,1257,0.033,1717686602.171,1717686602.203,1,1257,1
1,1258,0.036,1717686603.204,1717686603.240,1,1258,1
1,1259,0.035,1717686604.241,1717686604.277,1,1259,1
1,1260,0.040,1717686605.278,1717686605.318,1,1260,1
1,1261,0.037,1717686606.319,1717686606.357,1,1261,1
1,1262,0.036,1717686607.385,1717686607.421,1,1262,1
1,1263,0.037,1717686608.422,1717686608.459,1,1263,1
1,1264,0.036,1717686609.460,1717686609.496,1,1264,1
1,1265,0.034,1717686610.497,1717686610.531,1,1265,1
1,1266,0.044,1717686611.532,1717686611.575,1,1266,1
1,1267,0.034,1717686612.576,1717686612.610,1,1267,1
1,1268,0.040,1717686613.611,1717686613.651,1,1268,1
1,1269,0.034,1717686614.652,1717686614.686,1,1269,1
1,1270,0.034,1717686615.687,1717686615.722,1,1270,1
1,1271,0.038,1717686616.723,1717686616.761,1,1271,1
1,1272,0.036,1717686617.762,1717686617.798,1,1272,1
1,1273,0.043,1717686618.799,1717686618.842,1,1273,1
1,1274,0.039,1717686619.843,1717686619.882,1,1274,1
1,1275,0.039,1717686620.884,1717686620.922,1,1275,1
1,1276,0.036,1717686621.923,1717686621.960,1,1276,1
1,1277,0.041,1717686622.961,1717686623.001,1,1277,1
1,1278,0.073,1717686624.003,1717686624.076,1,1278,1
1,1279,0.041,1717686625.235,1717686625.275,1,1279,1
1,1280,0.036,1717686626.277,1717686626.313,1,1280,1
1,1281,0.035,1717686627.314,1717686627.349,1,1281,1
1,1282,0.036,1717686628.350,1717686628.386,1,1282,1
1,1283,0.035,1717686629.386,1717686629.421,1,1283,1
1,1284,0.036,1717686630.422,1717686630.458,1,1284,1
1,1285,0.046,1717686631.459,1717686631.505,1,1285,1
1,1286,0.034,1717686632.506,1717686632.540,1,1286,1
1,1287,0.039,1717686633.541,1717686633.580,1,1287,1
1,1288,0.035,1717686634.582,1717686634.617,1,1288,1
1,1289,0.032,1717686635.618,1717686635.650,1,1289,1
1,1290,0.067,1717686636.651,1717686636.718,1,1290,1
1,1291,0.037,1717686637.720,1717686637.756,1,1291,1
1,1292,0.034,1717686638.758,1717686638.792,1,1292,1
1,1293,0.040,1717686639.793,1717686639.834,1,1293,1
1,1294,0.044,1717686640.835,1717686640.879,1,1294,1
1,1295,0.036,1717686641.880,1717686641.916,1,1295,1
1,1296,0.045,1717686642.916,1717686642.961,1,1296,1
1,1297,0.042,1717686643.962,1717686644.005,1,1297,1
1,1298,0.034,1717686645.006,1717686645.040,1,1298,1
1,1299,0.040,1717686646.041,1717686646.081,1,1299,1
1,1300,0.071,1717686647.082,1717686647.152,1,1300,1
1,1301,0.071,1717686648.154,1717686648.225,1,1301,1
1,1302,0.033,1717686649.296,1717686649.330,1,1302,1
1,1303,0.035,1717686650.330,1717686650.365,1,1303,1
1,1304,0.038,1717686651.366,1717686651.404,1,1304,1
1,1305,0.033,1717686652.405,1717686652.438,1,1305,1
1,1306,0.065,1717686653.438,1717686653.504,1,1306,1
1,1307,0.071,1717686654.505,1717686654.575,1,1307,1
1,1308,0.070,1717686655.576,1717686655.646,1,1308,1
1,1309,0.035,1717686656.647,1717686656.682,1,1309,1
1,1310,0.038,1717686657.683,1717686657.721,1,1310,1
1,1311,0.039,1717686658.721,1717686658.760,1,1311,1
1,1312,0.039,1717686659.761,1717686659.800,1,1312,1
1,1313,0.034,1717686660.801,1717686660.835,1,1313,1
1,1314,0.037,1717686661.836,1717686661.873,1,1314,1
1,1315,0.044,1717686662.874,1717686662.918,1,1315,1
1,1316,0.034,1717686663.919,1717686663.952,1,1316,1
1,1317,0.080,1717686664.953,1717686665.033,1,1317,1
1,1318,0.034,1717686666.034,1717686666.068,1,1318,1
1,1319,0.040,1717686667.135,1717686667.175,1,1319,1
1,1320,0.044,1717686668.176,1717686668.220,1,1320,1
1,1321,0.037,1717686669.221,1717686669.258,1,1321,1
1,1322,0.093,1717686670.259,1717686670.353,1,1322,1
1,1323,0.080,1717686671.354,1717686671.433,1,1323,1
1,1324,0.036,1717686672.434,1717686672.471,1,1324,1
1,1325,0.033,1717686673.472,1717686673.505,1,1325,1
1,1326,0.036,1717686674.506,1717686674.542,1,1326,1
1,1327,0.038,1717686675.543,1717686675.581,1,1327,1
1,1328,0.036,1717686676.582,1717686676.618,1,1328,1
1,1329,0.036,1717686677.619,1717686677.654,1,1329,1
1,1330,0.037,1717686678.655,1717686678.692,1,1330,1
1,1331,0.035,1717686679.693,1717686679.727,1,1331,1
1,1332,0.033,1717686680.729,1717686680.762,1,1332,1
1,1333,0.046,1717686681.763,1717686681.809,1,1333,1
1,1334,0.035,1717686682.810,1717686682.845,1,1334,1
1,1335,0.072,1717686683.846,1717686683.919,1,1335,1
1,1336,0.071,1717686684.920,1717686684.990,1,1336,1
1,1337,0.034,1717686685.991,1717686686.025,1,1337,1
1,1338,0.035,1717686687.026,1717686687.061,1,1338,1
1,1339,0.036,1717686688.062,1717686688.098,1,1339,1
1,1340,0.040,1717686689.099,1717686689.138,1,1340,1
1,1341,0.036,1717686690.139,1717686690.175,1,1341,1
1,1342,0.036,1717686691.196,1717686691.232,1,1342,1
1,1343,0.050,1717686692.233,1717686692.283,1,1343,1
1,1344,0.038,1717686693.284,1717686693.322,1,1344,1
1,1345,0.074,1717686694.323,1717686694.396,1,1345,1
1,1346,0.037,1717686695.398,1717686695.435,1,1346,1
1,1347,0.041,1717686696.437,1717686696.478,1,1347,1
1,1348,0.033,1717686697.479,1717686697.512,1,1348,1
1,1349,0.035,1717686698.513,1717686698.548,1,1349,1
1,1350,0.036,1717686699.550,1717686699.586,1,1350,1
1,1351,0.034,1717686700.587,1717686700.621,1,1351,1
1,1352,0.036,1717686701.622,1717686701.658,1,1352,1
1,1353,0.049,1717686702.659,1717686702.709,1,1353,1
1,1354,0.034,1717686703.710,1717686703.744,1,1354,1
1,1355,0.039,1717686704.746,1717686704.785,1,1355,1
1,1356,0.036,1717686705.786,1717686705.821,1,1356,1
1,1357,0.081,1717686706.823,1717686706.904,1,1357,1
1,1358,0.050,1717686707.905,1717686707.955,1,1358,1
1,1359,0.036,1717686708.956,1717686708.992,1,1359,1
1,1360,0.035,1717686709.993,1717686710.028,1,1360,1
1,1361,0.033,1717686711.029,1717686711.063,1,1361,1
1,1362,0.038,1717686712.064,1717686712.102,1,1362,1
1,1363,0.036,1717686713.104,1717686713.139,1,1363,1
1,1364,0.034,1717686714.141,1717686714.175,1,1364,1
1,1365,0.035,1717686715.176,1717686715.211,1,1365,1
1,1366,0.033,1717686716.212,1717686716.245,1,1366,1
1,1367,0.036,1717686717.246,1717686717.282,1,1367,1
1,1368,0.115,1717686718.283,1717686718.398,1,1368,1
1,1369,0.076,1717686719.399,1717686719.475,1,1369,1
1,1370,0.039,1717686720.476,1717686720.514,1,1370,1
1,1371,0.036,1717686721.515,1717686721.551,1,1371,1
1,1372,0.034,1717686722.552,1717686722.586,1,1372,1
1,1373,0.031,1717686723.587,1717686723.618,1,1373,1
1,1374,0.032,1717686724.619,1717686724.651,1,1374,1
1,1375,0.034,1717686725.651,1717686725.685,1,1375,1
1,1376,0.040,1717686726.686,1717686726.725,1,1376,1
1,1377,0.037,1717686727.726,1717686727.763,1,1377,1
1,1378,0.036,1717686728.764,1717686728.799,1,1378,1
1,1379,0.080,1717686729.800,1717686729.881,1,1379,1
1,1380,0.085,1717686730.881,1717686730.966,1,1380,1
1,1381,0.038,1717686731.967,1717686732.005,1,1381,1
1,1382,0.036,1717686733.006,1717686733.042,1,1382,1
1,1383,0.033,1717686734.044,1717686734.076,1,1383,1
1,1384,0.033,1717686735.077,1717686735.110,1,1384,1
1,1385,0.038,1717686736.111,1717686736.149,1,1385,1
1,1386,0.045,1717686737.151,1717686737.196,1,1386,1
1,1387,0.042,1717686738.198,1717686738.240,1,1387,1
1,1388,0.032,1717686739.241,1717686739.273,1,1388,1
1,1389,0.035,1717686740.274,1717686740.309,1,1389,1
1,1390,0.032,1717686741.311,1717686741.343,1,1390,1
1,1391,0.029,1717686742.344,1717686742.373,1,1391,1
1,1392,0.029,1717686743.374,1717686743.403,1,1392,1
1,1393,0.036,1717686744.404,1717686744.439,1,1393,1
1,1394,0.029,1717686745.440,1717686745.469,1,1394,1
1,1395,0.034,1717686746.470,1717686746.504,1,1395,1
1,1396,0.035,1717686747.504,1717686747.540,1,1396,1
1,1397,0.037,1717686748.540,1717686748.577,1,1397,1
1,1398,0.036,1717686749.578,1717686749.614,1,1398,1
1,1399,0.035,1717686750.615,1717686750.650,1,1399,1
1,1400,0.035,1717686751.652,1717686751.687,1,1400,1
1,1401,0.043,1717686752.688,1717686752.731,1,1401,1
1,1402,0.035,1717686753.732,1717686753.767,1,1402,1
1,1403,0.035,1717686754.768,1717686754.803,1,1403,1
1,1404,0.039,1717686755.804,1717686755.842,1,1404,1
1,1405,0.039,1717686756.843,1717686756.882,1,1405,1
1,1406,0.035,1717686757.883,1717686757.917,1,1406,1
1,1407,0.052,1717686758.918,1717686758.970,1,1407,1
1,1408,0.035,1717686759.971,1717686760.006,1,1408,1
1,1409,0.035,1717686761.006,1717686761.042,1,1409,1
1,1410,0.047,1717686762.043,1717686762.089,1,1410,1
1,1411,0.036,1717686763.134,1717686763.169,1,1411,1
1,1412,0.038,1717686764.170,1717686764.208,1,1412,1
1,1413,0.035,1717686765.209,1717686765.244,1,1413,1
1,1414,0.030,1717686766.245,1717686766.275,1,1414,1
1,1415,0.042,1717686767.276,1717686767.318,1,1415,1
1,1416,0.044,1717686768.319,1717686768.362,1,1416,1
1,1417,0.035,1717686769.363,1717686769.399,1,1417,1
1,1418,0.033,1717686770.399,1717686770.432,1,1418,1
1,1419,0.035,1717686771.433,1717686771.468,1,1419,1
1,1420,0.032,1717686772.469,1717686772.501,1,1420,1
1,1421,0.034,1717686773.502,1717686773.536,1,1421,1
1,1422,0.039,1717686774.537,1717686774.576,1,1422,1
1,1423,0.051,1717686775.577,1717686775.628,1,1423,1
1,1424,0.035,1717686776.629,1717686776.664,1,1424,1
1,1425,0.032,1717686777.664,1717686777.697,1,1425,1
1,1426,0.036,1717686778.698,1717686778.733,1,1426,1
1,1427,0.034,1717686779.734,1717686779.768,1,1427,1
1,1428,0.032,1717686780.769,1717686780.801,1,1428,1
1,1429,0.040,1717686781.802,1717686781.842,1,1429,1
1,1430,0.039,1717686782.843,1717686782.882,1,1430,1
1,1431,0.034,1717686783.883,1717686783.917,1,1431,1
1,1432,0.038,1717686784.918,1717686784.957,1,1432,1
1,1433,0.035,1717686785.957,1717686785.993,1,1433,1
1,1434,0.035,1717686786.994,1717686787.029,1,1434,1
1,1435,0.037,1717686788.030,1717686788.067,1,1435,1
1,1436,0.035,1717686789.068,1717686789.104,1,1436,1
1,1437,0.058,1717686790.104,1717686790.163,1,1437,1
1,1438,0.033,1717686791.164,1717686791.196,1,1438,1
1,1439,0.035,1717686792.197,1717686792.232,1,1439,1
1,1440,0.035,1717686793.319,1717686793.354,1,1440,1
1,1441,0.036,1717686794.355,1717686794.391,1,1441,1
1,1442,0.039,1717686795.392,1717686795.431,1,1442,1
1,1443,0.040,1717686796.432,1717686796.472,1,1443,1
1,1444,0.039,1717686797.474,1717686797.512,1,1444,1
1,1445,0.038,1717686798.513,1717686798.551,1,1445,1
1,1446,0.035,1717686799.552,1717686799.587,1,1446,1
1,1447,0.035,1717686800.588,1717686800.622,1,1447,1
1,1448,0.033,1717686801.623,1717686801.657,1,1448,1
1,1449,0.035,1717686802.657,1717686802.693,1,1449,1
1,1450,0.035,1717686803.694,1717686803.730,1,1450,1
1,1451,0.039,1717686804.953,1717686804.992,1,1451,1
1,1452,0.036,1717686805.993,1717686806.029,1,1452,1
1,1453,0.036,1717686807.031,1717686807.067,1,1453,1
1,1454,0.035,1717686808.068,1717686808.103,1,1454,1
1,1455,0.034,1717686809.104,1717686809.138,1,1455,1
1,1456,0.031,1717686810.139,1717686810.171,1,1456,1
1,1457,0.036,1717686811.172,1717686811.208,1,1457,1
1,1458,0.036,1717686812.527,1717686812.563,1,1458,1
1,1459,0.044,1717686813.564,1717686813.608,1,1459,1
1,1460,0.035,1717686814.609,1717686814.644,1,1460,1
1,1461,0.042,1717686815.645,1717686815.687,1,1461,1
1,1462,0.038,1717686816.688,1717686816.726,1,1462,1
1,1463,0.042,1717686817.727,1717686817.770,1,1463,1
1,1464,0.038,1717686818.770,1717686818.809,1,1464,1
1,1465,0.048,1717686819.809,1717686819.857,1,1465,1
1,1466,0.039,1717686820.858,1717686820.897,1,1466,1
1,1467,0.036,1717686821.898,1717686821.933,1,1467,1
1,1468,0.041,1717686822.934,1717686822.975,1,1468,1
1,1469,0.037,1717686823.976,1717686824.012,1,1469,1
1,1470,0.037,1717686825.013,1717686825.050,1,1470,1
1,1471,0.038,1717686826.051,1717686826.090,1,1471,1
1,1472,0.038,1717686827.090,1717686827.129,1,1472,1
1,1473,0.039,1717686828.130,1717686828.168,1,1473,1
1,1474,0.035,1717686829.169,1717686829.204,1,1474,1
1,1475,0.033,1717686830.205,1717686830.238,1,1475,1
1,1476,0.035,1717686831.239,1717686831.275,1,1476,1
1,1477,0.037,1717686832.275,1717686832.313,1,1477,1
1,1478,0.036,1717686833.314,1717686833.350,1,1478,1
1,1479,0.040,1717686834.351,1717686834.390,1,1479,1
1,1480,0.037,1717686835.391,1717686835.428,1,1480,1
1,1481,0.032,1717686836.429,1717686836.461,1,1481,1
1,1482,0.040,1717686837.462,1717686837.501,1,1482,1
1,1483,0.036,1717686838.502,1717686838.538,1,1483,1
1,1484,0.041,1717686839.539,1717686839.580,1,1484,1
1,1485,0.037,1717686840.581,1717686840.618,1,1485,1
1,1486,0.034,1717686841.619,1717686841.654,1,1486,1
1,1487,0.035,1717686842.654,1717686842.690,1,1487,1
1,1488,0.036,1717686843.691,1717686843.727,1,1488,1
1,1489,0.039,1717686844.728,1717686844.767,1,1489,1
1,1490,0.029,1717686845.768,1717686845.797,1,1490,1
1,1491,0.027,1717686846.798,1717686846.826,1,1491,1
1,1492,0.031,1717686847.826,1717686847.858,1,1492,1
1,1493,0.027,1717686848.858,1717686848.885,1,1493,1
1,1494,0.036,1717686849.886,1717686849.923,1,1494,1
1,1495,0.035,1717686850.923,1717686850.959,1,1495,1
1,1496,0.037,1717686851.960,1717686851.997,1,1496,1
1,1497,0.037,1717686852.998,1717686853.034,1,1497,1
1,1498,0.039,1717686854.036,1717686854.075,1,1498,1
1,1499,0.039,1717686855.076,1717686855.115,1,1499,1
