sequence,ack_time
0,1716468977.468
1,1716468978.468
2,1716468979.477
3,1716468980.478
4,1716468981.479
5,1716468982.481
6,1716468983.482
7,1716468984.483
8,1716468985.484
9,1716468986.485
10,1716468987.487
11,1716468988.488
12,1716468989.490
13,1716468990.492
14,1716468991.492
15,1716468992.493
16,1716468993.494
17,1716468994.497
18,1716468995.498
19,1716468996.500
20,1716468997.501
21,1716468998.502
22,1716468999.504
23,1716469000.505
24,1716469001.506
25,1716469002.508
26,1716469003.509
27,1716469004.510
28,1716469005.512
29,1716469006.513
30,1716469007.513
31,1716469008.515
32,1716469009.516
33,1716469010.518
34,1716469011.519
35,1716469012.520
36,1716469013.521
37,1716469014.522
38,1716469015.524
39,1716469016.524
40,1716469017.526
41,1716469018.527
42,1716469019.532
43,1716469020.534
44,1716469021.535
45,1716469022.536
46,1716469023.537
47,1716469024.539
48,1716469025.540
49,1716469026.541
50,1716469027.542
51,1716469028.544
52,1716469029.545
53,1716469030.546
54,1716469031.547
55,1716469032.549
56,1716469033.550
57,1716469034.551
58,1716469035.553
59,1716469036.554
60,1716469037.555
61,1716469038.557
62,1716469039.558
63,1716469040.558
64,1716469041.560
65,1716469042.561
66,1716469043.563
67,1716469044.563
68,1716469045.565
69,1716469046.566
70,1716469047.568
71,1716469048.569
72,1716469049.570
73,1716469050.571
74,1716469051.573
75,1716469052.574
76,1716469053.575
77,1716469054.576
78,1716469055.578
79,1716469056.579
80,1716469057.580
81,1716469058.581
82,1716469059.582
83,1716469060.583
84,1716469061.585
85,1716469062.586
86,1716469063.587
87,1716469064.589
88,1716469065.590
89,1716469066.591
90,1716469067.592
91,1716469068.593
92,1716469069.595
93,1716469070.596
94,1716469071.597
95,1716469072.599
96,1716469073.600
97,1716469074.601
98,1716469075.603
99,1716469076.604
100,1716469077.606
101,1716469078.607
102,1716469079.608
103,1716469080.609
104,1716469081.611
105,1716469082.611
106,1716469083.613
107,1716469084.621
108,1716469085.621
109,1716469086.622
110,1716469087.624
111,1716469088.626
112,1716469089.627
113,1716469090.628
114,1716469091.629
115,1716469092.630
116,1716469093.632
117,1716469094.638
118,1716469095.639
119,1716469096.640
120,1716469097.641
121,1716469098.642
122,1716469099.643
123,1716469100.645
124,1716469101.647
125,1716469102.648
126,1716469103.649
127,1716469104.650
128,1716469105.652
129,1716469106.653
130,1716469107.654
131,1716469108.655
132,1716469109.656
133,1716469110.658
134,1716469111.659
135,1716469112.661
136,1716469113.662
137,1716469114.663
138,1716469115.664
139,1716469116.665
140,1716469117.667
141,1716469118.668
142,1716469119.669
143,1716469120.671
144,1716469121.672
145,1716469122.673
146,1716469123.675
147,1716469124.676
148,1716469125.678
149,1716469126.679
150,1716469127.680
151,1716469128.682
152,1716469129.683
153,1716469130.683
154,1716469131.685
155,1716469132.687
156,1716469133.687
157,1716469134.689
158,1716469135.690
159,1716469136.691
160,1716469137.693
161,1716469138.694
162,1716469139.696
163,1716469140.697
164,1716469141.698
165,1716469142.699
166,1716469143.699
167,1716469144.701
168,1716469145.702
169,1716469146.704
170,1716469147.706
171,1716469148.707
172,1716469149.713
173,1716469150.715
174,1716469151.716
175,1716469152.717
176,1716469153.718
177,1716469154.720
178,1716469155.721
179,1716469156.722
180,1716469157.723
181,1716469158.725
182,1716469159.732
183,1716469160.733
184,1716469161.735
185,1716469162.736
186,1716469163.737
187,1716469164.743
188,1716469165.745
189,1716469166.746
190,1716469167.747
191,1716469168.748
192,1716469169.749
193,1716469170.751
194,1716469171.752
195,1716469172.753
196,1716469173.755
197,1716469174.785
198,1716469175.786
199,1716469176.787
200,1716469177.789
201,1716469178.789
202,1716469179.790
203,1716469180.792
204,1716469181.794
205,1716469182.795
206,1716469183.796
207,1716469184.797
208,1716469185.799
209,1716469186.800
210,1716469187.801
211,1716469188.802
212,1716469189.806
213,1716469190.807
214,1716469191.808
215,1716469192.809
216,1716469193.811
217,1716469194.812
218,1716469195.813
219,1716469196.815
220,1716469197.815
221,1716469198.817
222,1716469199.818
223,1716469200.819
224,1716469201.821
225,1716469202.822
226,1716469203.823
227,1716469204.825
228,1716469205.826
229,1716469206.827
230,1716469207.828
231,1716469208.830
232,1716469209.831
233,1716469210.832
234,1716469211.833
235,1716469212.835
236,1716469213.835
237,1716469214.843
238,1716469215.844
239,1716469216.845
240,1716469217.847
241,1716469218.848
242,1716469219.849
243,1716469220.851
244,1716469221.852
245,1716469222.853
246,1716469223.854
247,1716469224.855
248,1716469225.856
249,1716469226.858
250,1716469227.859
251,1716469228.860
252,1716469229.862
253,1716469230.863
254,1716469231.864
255,1716469232.865
256,1716469233.866
257,1716469234.868
258,1716469235.869
259,1716469236.870
260,1716469237.871
261,1716469238.873
262,1716469239.873
263,1716469240.875
264,1716469241.876
265,1716469242.878
266,1716469243.879
267,1716469244.888
268,1716469245.889
269,1716469246.890
270,1716469247.892
271,1716469248.893
272,1716469249.894
273,1716469250.896
274,1716469251.897
275,1716469252.898
276,1716469253.899
277,1716469254.900
278,1716469255.902
279,1716469256.903
280,1716469257.905
281,1716469258.906
282,1716469259.907
283,1716469260.908
284,1716469261.909
285,1716469262.911
286,1716469263.912
287,1716469264.913
288,1716469265.914
289,1716469266.918
290,1716469267.920
291,1716469268.921
292,1716469269.922
293,1716469270.923
294,1716469271.930
295,1716469272.930
296,1716469273.932
297,1716469274.934
298,1716469275.934
299,1716469276.941
300,1716469277.942
301,1716469278.943
302,1716469279.945
303,1716469280.945
304,1716469281.947
305,1716469282.949
306,1716469283.950
307,1716469284.951
308,1716469285.953
309,1716469286.954
310,1716469287.955
311,1716469288.956
312,1716469289.958
313,1716469290.958
314,1716469291.960
315,1716469292.961
316,1716469293.963
317,1716469294.964
318,1716469295.965
319,1716469296.966
320,1716469297.967
321,1716469298.969
322,1716469299.970
323,1716469300.971
324,1716469301.972
325,1716469302.974
326,1716469303.975
327,1716469304.976
328,1716469305.977
329,1716469306.979
330,1716469307.980
331,1716469308.981
332,1716469309.982
333,1716469310.984
334,1716469311.985
335,1716469312.986
336,1716469313.988
337,1716469314.989
338,1716469315.990
339,1716469316.992
340,1716469317.993
341,1716469318.994
342,1716469319.996
343,1716469320.997
344,1716469321.997
345,1716469323.000
346,1716469324.000
347,1716469325.002
348,1716469326.003
349,1716469327.007
350,1716469328.008
351,1716469329.010
352,1716469330.011
353,1716469331.012
354,1716469332.017
355,1716469333.019
356,1716469334.020
357,1716469335.021
358,1716469336.022
359,1716469337.023
360,1716469338.025
361,1716469339.026
362,1716469340.027
363,1716469341.028
364,1716469342.035
365,1716469343.036
366,1716469344.038
367,1716469345.039
368,1716469346.039
369,1716469347.046
370,1716469348.048
371,1716469349.049
372,1716469350.050
373,1716469351.051
374,1716469352.059
375,1716469353.060
376,1716469354.061
377,1716469355.062
378,1716469356.064
379,1716469357.068
380,1716469358.070
381,1716469359.071
382,1716469360.072
383,1716469361.074
384,1716469362.075
385,1716469363.076
386,1716469364.077
387,1716469365.078
388,1716469366.079
389,1716469367.086
390,1716469368.086
391,1716469369.087
392,1716469370.089
393,1716469371.091
394,1716469372.092
395,1716469373.093
396,1716469374.094
397,1716469375.096
398,1716469376.097
399,1716469377.098
400,1716469378.100
401,1716469379.101
402,1716469380.102
403,1716469381.103
404,1716469382.111
405,1716469383.113
406,1716469384.114
407,1716469385.115
408,1716469386.116
409,1716469387.117
410,1716469388.119
411,1716469389.120
412,1716469390.121
413,1716469391.122
414,1716469392.128
415,1716469393.130
416,1716469394.131
417,1716469395.132
418,1716469396.133
419,1716469397.135
420,1716469398.136
421,1716469399.137
422,1716469400.138
423,1716469401.139
424,1716469402.147
425,1716469403.149
426,1716469404.150
427,1716469405.151
428,1716469406.153
429,1716469407.154
430,1716469408.155
431,1716469409.156
432,1716469410.158
433,1716469411.159
434,1716469412.165
435,1716469413.167
436,1716469414.167
437,1716469415.168
438,1716469416.170
439,1716469417.172
440,1716469418.172
441,1716469419.174
442,1716469420.175
443,1716469421.177
444,1716469422.178
445,1716469423.179
446,1716469424.180
447,1716469425.182
448,1716469426.183
449,1716469427.183
450,1716469428.185
451,1716469429.186
452,1716469430.187
453,1716469431.188
454,1716469432.189
455,1716469433.191
456,1716469434.193
457,1716469435.194
458,1716469436.195
459,1716469437.203
460,1716469438.204
461,1716469439.205
462,1716469440.207
463,1716469441.208
464,1716469442.209
465,1716469443.210
466,1716469444.211
467,1716469445.213
468,1716469446.214
469,1716469447.215
470,1716469448.216
471,1716469449.218
472,1716469450.219
473,1716469451.220
474,1716469452.222
475,1716469453.223
476,1716469454.224
477,1716469455.225
478,1716469456.227
479,1716469457.233
480,1716469458.234
481,1716469459.235
482,1716469460.237
483,1716469461.238
484,1716469462.239
485,1716469463.240
486,1716469464.242
487,1716469465.243
488,1716469466.244
489,1716469467.251
490,1716469468.252
491,1716469469.254
492,1716469470.256
493,1716469471.257
494,1716469472.258
495,1716469473.259
496,1716469474.260
497,1716469475.262
498,1716469476.263
499,1716469477.267
500,1716469478.267
501,1716469479.269
502,1716469480.270
503,1716469481.271
504,1716469482.272
505,1716469483.274
506,1716469484.275
507,1716469485.277
508,1716469486.278
509,1716469487.279
510,1716469488.280
511,1716469489.282
512,1716469490.283
513,1716469491.284
514,1716469492.286
515,1716469493.287
516,1716469494.287
517,1716469495.289
518,1716469496.290
519,1716469497.292
520,1716469498.293
521,1716469499.294
522,1716469500.296
523,1716469501.297
524,1716469502.298
525,1716469503.299
526,1716469504.301
527,1716469505.301
528,1716469506.303
529,1716469507.304
530,1716469508.305
531,1716469509.306
532,1716469510.308
533,1716469511.309
534,1716469512.314
535,1716469513.315
536,1716469514.317
537,1716469515.318
538,1716469516.319
539,1716469517.325
540,1716469518.326
541,1716469519.328
542,1716469520.329
543,1716469521.330
544,1716469522.332
545,1716469523.333
546,1716469524.334
547,1716469525.335
548,1716469526.337
549,1716469527.337
550,1716469528.339
551,1716469529.340
552,1716469530.342
553,1716469531.343
554,1716469532.344
555,1716469533.345
556,1716469534.346
557,1716469535.348
558,1716469536.348
559,1716469537.350
560,1716469538.352
561,1716469539.352
562,1716469540.354
563,1716469541.355
564,1716469542.356
565,1716469543.357
566,1716469544.359
567,1716469545.360
568,1716469546.361
569,1716469547.362
570,1716469548.364
571,1716469549.365
572,1716469550.366
573,1716469551.367
574,1716469552.369
575,1716469553.370
576,1716469554.371
577,1716469555.372
578,1716469556.373
579,1716469557.374
580,1716469558.376
581,1716469559.377
582,1716469560.379
583,1716469561.379
584,1716469562.381
585,1716469563.382
586,1716469564.383
587,1716469565.385
588,1716469566.386
589,1716469567.387
590,1716469568.389
591,1716469569.390
592,1716469570.391
593,1716469571.393
594,1716469572.394
595,1716469573.395
596,1716469574.396
597,1716469575.397
598,1716469576.399
599,1716469577.405
600,1716469578.406
601,1716469579.407
602,1716469580.409
603,1716469581.410
604,1716469582.411
605,1716469583.413
606,1716469584.413
607,1716469585.415
608,1716469586.416
609,1716469587.417
610,1716469588.419
611,1716469589.419
612,1716469590.421
613,1716469591.422
614,1716469592.428
615,1716469593.429
616,1716469594.430
617,1716469595.431
618,1716469596.433
619,1716469597.434
620,1716469598.435
621,1716469599.437
622,1716469600.438
623,1716469601.439
624,1716469602.440
625,1716469603.442
626,1716469604.443
627,1716469605.444
628,1716469606.445
629,1716469607.446
630,1716469608.447
631,1716469609.449
632,1716469610.450
633,1716469611.451
634,1716469612.456
635,1716469613.457
636,1716469614.458
637,1716469615.459
638,1716469616.461
639,1716469617.462
640,1716469618.464
641,1716469619.465
642,1716469620.465
643,1716469621.467
644,1716469622.468
645,1716469623.470
646,1716469624.470
647,1716469625.472
648,1716469626.473
649,1716469627.475
650,1716469628.476
651,1716469629.477
652,1716469630.478
653,1716469631.479
654,1716469632.481
655,1716469633.482
656,1716469634.484
657,1716469635.485
658,1716469636.485
659,1716469637.487
660,1716469638.489
661,1716469639.490
662,1716469640.491
663,1716469641.492
664,1716469642.493
665,1716469643.495
666,1716469644.496
667,1716469645.497
668,1716469646.498
669,1716469647.500
670,1716469648.501
671,1716469649.502
672,1716469650.504
673,1716469651.505
674,1716469652.506
675,1716469653.507
676,1716469654.508
677,1716469655.509
678,1716469656.510
679,1716469657.520
680,1716469658.521
681,1716469659.522
682,1716469660.524
683,1716469661.525
684,1716469662.526
685,1716469663.528
686,1716469664.529
687,1716469665.530
688,1716469666.531
689,1716469667.535
690,1716469668.537
691,1716469669.539
692,1716469670.540
693,1716469671.541
694,1716469672.542
695,1716469673.544
696,1716469674.545
697,1716469675.546
698,1716469676.547
699,1716469677.549
700,1716469678.550
701,1716469679.551
702,1716469680.553
703,1716469681.554
704,1716469682.555
705,1716469683.556
706,1716469684.557
707,1716469685.559
708,1716469686.560
709,1716469687.567
710,1716469688.569
711,1716469689.570
712,1716469690.572
713,1716469691.573
714,1716469692.575
715,1716469693.576
716,1716469694.578
717,1716469695.579
718,1716469696.580
719,1716469697.582
720,1716469698.583
721,1716469699.584
722,1716469700.585
723,1716469701.587
724,1716469702.588
725,1716469703.589
726,1716469704.590
727,1716469705.591
728,1716469706.592
729,1716469707.594
730,1716469708.595
731,1716469709.596
732,1716469710.597
733,1716469711.599
734,1716469712.600
735,1716469713.602
736,1716469714.603
737,1716469715.604
738,1716469716.605
739,1716469717.615
740,1716469718.616
741,1716469719.618
742,1716469720.619
743,1716469721.620
744,1716469722.621
745,1716469723.622
746,1716469724.624
747,1716469725.625
748,1716469726.626
749,1716469727.627
750,1716469728.628
751,1716469729.629
752,1716469730.631
753,1716469731.632
754,1716469732.634
755,1716469733.635
756,1716469734.636
757,1716469735.637
758,1716469736.638
759,1716469737.639
760,1716469738.641
761,1716469739.643
762,1716469740.643
763,1716469741.644
764,1716469742.646
765,1716469743.647
766,1716469744.648
767,1716469745.650
768,1716469746.651
769,1716469747.657
770,1716469748.658
771,1716469749.660
772,1716469750.661
773,1716469751.662
774,1716469752.663
775,1716469753.665
776,1716469754.666
777,1716469755.667
778,1716469756.669
779,1716469757.670
780,1716469758.671
781,1716469759.672
782,1716469760.674
783,1716469761.675
784,1716469762.682
785,1716469763.683
786,1716469764.685
787,1716469765.686
788,1716469766.687
789,1716469767.688
790,1716469768.690
791,1716469769.691
792,1716469770.692
793,1716469771.694
794,1716469772.697
795,1716469773.698
796,1716469774.700
797,1716469775.701
798,1716469776.702
799,1716469777.704
800,1716469778.705
801,1716469779.706
802,1716469780.707
803,1716469781.708
804,1716469782.709
805,1716469783.711
806,1716469784.713
807,1716469785.713
808,1716469786.715
809,1716469787.719
810,1716469788.721
811,1716469789.722
812,1716469790.723
813,1716469791.725
814,1716469792.726
815,1716469793.727
816,1716469794.728
817,1716469795.729
818,1716469796.731
819,1716469797.734
820,1716469798.736
821,1716469799.737
822,1716469800.738
823,1716469801.740
824,1716469802.743
825,1716469803.744
826,1716469804.745
827,1716469805.746
828,1716469806.748
829,1716469807.749
830,1716469808.750
831,1716469809.751
832,1716469810.753
833,1716469811.754
834,1716469812.761
835,1716469813.762
836,1716469814.763
837,1716469815.764
838,1716469816.766
839,1716469817.767
840,1716469818.768
841,1716469819.769
842,1716469820.771
843,1716469821.772
844,1716469822.774
845,1716469823.774
846,1716469824.776
847,1716469825.777
848,1716469826.778
849,1716469827.779
850,1716469828.781
851,1716469829.782
852,1716469830.783
853,1716469831.784
854,1716469832.786
855,1716469833.787
856,1716469834.789
857,1716469835.790
858,1716469836.791
859,1716469837.796
860,1716469838.797
861,1716469839.799
862,1716469840.800
863,1716469841.801
864,1716469842.808
865,1716469843.809
866,1716469844.810
867,1716469845.811
868,1716469846.813
869,1716469847.814
870,1716469848.815
871,1716469849.816
872,1716469850.817
873,1716469851.818
874,1716469852.820
875,1716469853.821
876,1716469854.822
877,1716469855.824
878,1716469856.824
879,1716469857.826
880,1716469858.828
881,1716469859.828
882,1716469860.830
883,1716469861.831
884,1716469862.832
885,1716469863.833
886,1716469864.835
887,1716469865.836
888,1716469866.837
889,1716469867.839
890,1716469868.839
891,1716469869.841
892,1716469870.842
893,1716469871.843
894,1716469872.844
895,1716469873.846
896,1716469874.847
897,1716469875.848
898,1716469876.850
899,1716469877.856
900,1716469878.857
901,1716469879.858
902,1716469880.859
903,1716469881.861
904,1716469882.862
905,1716469883.863
906,1716469884.865
907,1716469885.866
908,1716469886.867
909,1716469887.868
910,1716469888.870
911,1716469889.871
912,1716469890.872
913,1716469891.873
914,1716469892.875
915,1716469893.876
916,1716469894.878
917,1716469895.878
918,1716469896.880
919,1716469897.881
920,1716469898.883
921,1716469899.883
922,1716469900.885
923,1716469901.887
924,1716469902.888
925,1716469903.889
926,1716469904.890
927,1716469905.891
928,1716469906.893
929,1716469907.893
930,1716469908.895
931,1716469909.896
932,1716469910.897
933,1716469911.899
934,1716469912.905
935,1716469913.906
936,1716469914.907
937,1716469915.909
938,1716469916.910
939,1716469917.912
940,1716469918.913
941,1716469919.914
942,1716469920.915
943,1716469921.917
944,1716469922.918
945,1716469923.919
946,1716469924.920
947,1716469925.922
948,1716469926.923
949,1716469927.929
950,1716469928.930
951,1716469929.932
952,1716469930.933
953,1716469931.934
954,1716469932.942
955,1716469933.943
956,1716469934.944
957,1716469935.945
958,1716469936.947
959,1716469937.952
960,1716469938.953
961,1716469939.954
962,1716469940.955
963,1716469941.957
964,1716469942.958
965,1716469943.959
966,1716469944.961
967,1716469945.962
968,1716469946.963
969,1716469947.971
970,1716469948.972
971,1716469949.973
972,1716469950.974
973,1716469951.976
974,1716469952.982
975,1716469953.983
976,1716469954.984
977,1716469955.985
978,1716469956.987
979,1716469957.993
980,1716469958.994
981,1716469959.995
982,1716469960.997
983,1716469961.998
984,1716469962.999
985,1716469964.000
986,1716469965.001
987,1716469966.002
988,1716469967.004
989,1716469968.005
990,1716469969.006
991,1716469970.007
992,1716469971.008
993,1716469972.010
994,1716469973.011
995,1716469974.013
996,1716469975.014
997,1716469976.015
998,1716469977.016
999,1716469978.017
1000,1716469979.019
1001,1716469980.020
1002,1716469981.021
1003,1716469982.023
1004,1716469983.023
1005,1716469984.025
1006,1716469985.026
1007,1716469986.027
1008,1716469987.029
1009,1716469988.030
1010,1716469989.031
1011,1716469990.032
1012,1716469991.034
1013,1716469992.035
1014,1716469993.040
1015,1716469994.041
1016,1716469995.042
1017,1716469996.043
1018,1716469997.045
1019,1716469998.046
1020,1716469999.048
1021,1716470000.048
1022,1716470001.049
1023,1716470002.051
1024,1716470003.058
1025,1716470004.059
1026,1716470005.060
1027,1716470006.061
1028,1716470007.063
1029,1716470008.066
1030,1716470009.068
1031,1716470010.069
1032,1716470011.070
1033,1716470012.071
1034,1716470013.072
1035,1716470014.073
1036,1716470015.075
1037,1716470016.076
1038,1716470017.077
1039,1716470018.079
1040,1716470019.080
1041,1716470020.081
1042,1716470021.083
1043,1716470022.083
1044,1716470023.085
1045,1716470024.086
1046,1716470025.087
1047,1716470026.088
1048,1716470027.090
1049,1716470028.090
1050,1716470029.093
1051,1716470030.094
1052,1716470031.095
1053,1716470032.096
1054,1716470033.098
1055,1716470034.099
1056,1716470035.101
1057,1716470036.102
1058,1716470037.103
1059,1716470038.105
1060,1716470039.106
1061,1716470040.107
1062,1716470041.108
1063,1716470042.110
1064,1716470043.111
1065,1716470044.112
1066,1716470045.114
1067,1716470046.114
1068,1716470047.115
1069,1716470048.117
1070,1716470049.118
1071,1716470050.119
1072,1716470051.121
1073,1716470052.122
1074,1716470053.123
1075,1716470054.124
1076,1716470055.125
1077,1716470056.127
1078,1716470057.129
1079,1716470058.130
1080,1716470059.131
1081,1716470060.132
1082,1716470061.134
1083,1716470062.135
1084,1716470063.136
1085,1716470064.137
1086,1716470065.139
1087,1716470066.140
1088,1716470067.141
1089,1716470068.142
1090,1716470069.144
1091,1716470070.145
1092,1716470071.147
1093,1716470072.148
1094,1716470073.149
1095,1716470074.150
1096,1716470075.152
1097,1716470076.153
1098,1716470077.154
1099,1716470078.156
1100,1716470079.157
1101,1716470080.157
1102,1716470081.159
1103,1716470082.161
1104,1716470083.162
1105,1716470084.163
1106,1716470085.164
1107,1716470086.166
1108,1716470087.167
1109,1716470088.168
1110,1716470089.169
1111,1716470090.171
1112,1716470091.172
1113,1716470092.173
1114,1716470093.175
1115,1716470094.176
1116,1716470095.177
1117,1716470096.178
1118,1716470097.180
1119,1716470098.242
1120,1716470099.243
1121,1716470100.244
1122,1716470101.246
1123,1716470102.247
1124,1716470103.248
1125,1716470104.249
1126,1716470105.251
1127,1716470106.252
1128,1716470107.253
1129,1716470108.255
1130,1716470109.256
1131,1716470110.257
1132,1716470111.258
1133,1716470112.260
1134,1716470113.261
1135,1716470114.262
1136,1716470115.263
1137,1716470116.265
1138,1716470117.266
1139,1716470118.267
1140,1716470119.268
1141,1716470120.270
1142,1716470121.271
1143,1716470122.272
1144,1716470123.395
1145,1716470124.396
1146,1716470125.397
1147,1716470126.398
1148,1716470127.400
1149,1716470128.401
1150,1716470129.402
1151,1716470130.403
1152,1716470131.405
1153,1716470132.406
1154,1716470133.408
1155,1716470134.409
1156,1716470135.410
1157,1716470136.411
1158,1716470137.413
1159,1716470138.414
1160,1716470139.415
1161,1716470140.416
1162,1716470141.418
1163,1716470142.419
1164,1716470143.420
1165,1716470144.422
1166,1716470145.423
1167,1716470146.424
1168,1716470147.425
1169,1716470148.427
1170,1716470149.428
1171,1716470150.429
1172,1716470151.430
1173,1716470152.431
1174,1716470153.433
1175,1716470154.434
1176,1716470155.435
1177,1716470156.436
1178,1716470157.437
1179,1716470158.445
1180,1716470159.446
1181,1716470160.447
1182,1716470161.449
1183,1716470162.450
1184,1716470163.459
1185,1716470164.460
1186,1716470165.461
1187,1716470166.463
1188,1716470167.464
1189,1716470168.472
1190,1716470169.473
1191,1716470170.475
1192,1716470171.476
1193,1716470172.477
1194,1716470173.478
1195,1716470174.480
1196,1716470175.480
1197,1716470176.482
1198,1716470177.483
1199,1716470178.485
1200,1716470179.486
1201,1716470180.487
1202,1716470181.489
1203,1716470182.490
1204,1716470183.491
1205,1716470184.493
1206,1716470185.494
1207,1716470186.495
1208,1716470187.496
1209,1716470188.498
1210,1716470189.499
1211,1716470190.500
1212,1716470191.501
1213,1716470192.503
1214,1716470193.504
1215,1716470194.505
1216,1716470195.506
1217,1716470196.508
1218,1716470197.509
1219,1716470198.510
1220,1716470199.511
1221,1716470200.513
1222,1716470201.514
1223,1716470202.515
1224,1716470203.516
1225,1716470204.518
1226,1716470205.519
1227,1716470206.520
1228,1716470207.521
1229,1716470208.523
1230,1716470209.524
1231,1716470210.525
1232,1716470211.526
1233,1716470212.528
1234,1716470213.529
1235,1716470214.530
1236,1716470215.531
1237,1716470216.533
1238,1716470217.534
1239,1716470218.535
1240,1716470219.536
1241,1716470220.538
1242,1716470221.539
1243,1716470222.540
1244,1716470223.542
1245,1716470224.543
1246,1716470225.544
1247,1716470226.545
1248,1716470227.546
1249,1716470228.548
1250,1716470229.549
1251,1716470230.550
1252,1716470231.552
1253,1716470232.553
1254,1716470233.554
1255,1716470234.555
1256,1716470235.557
1257,1716470236.558
1258,1716470237.559
1259,1716470238.567
1260,1716470239.568
1261,1716470240.568
1262,1716470241.570
1263,1716470242.572
1264,1716470243.577
1265,1716470244.579
1266,1716470245.580
1267,1716470246.581
1268,1716470247.583
1269,1716470248.584
1270,1716470249.585
1271,1716470250.586
1272,1716470251.588
1273,1716470252.589
1274,1716470253.590
1275,1716470254.592
1276,1716470255.593
1277,1716470256.594
1278,1716470257.595
1279,1716470258.597
1280,1716470259.598
1281,1716470260.599
1282,1716470261.600
1283,1716470262.601
1284,1716470263.603
1285,1716470264.604
1286,1716470265.605
1287,1716470266.606
1288,1716470267.608
1289,1716470268.609
1290,1716470269.610
1291,1716470270.611
1292,1716470271.612
1293,1716470272.613
1294,1716470273.615
1295,1716470274.616
1296,1716470275.617
1297,1716470276.618
1298,1716470277.620
1299,1716470278.621
1300,1716470279.622
1301,1716470280.624
1302,1716470281.625
1303,1716470282.625
1304,1716470283.627
1305,1716470284.629
1306,1716470285.630
1307,1716470286.631
1308,1716470287.632
1309,1716470288.634
1310,1716470289.635
1311,1716470290.636
1312,1716470291.637
1313,1716470292.639
1314,1716470293.639
1315,1716470294.641
1316,1716470295.642
1317,1716470296.643
1318,1716470297.645
1319,1716470298.646
1320,1716470299.647
1321,1716470300.648
1322,1716470301.650
1323,1716470302.651
1324,1716470303.652
1325,1716470304.654
1326,1716470305.655
1327,1716470306.656
1328,1716470307.656
1329,1716470308.658
1330,1716470309.659
1331,1716470310.660
1332,1716470311.662
1333,1716470312.663
1334,1716470313.664
1335,1716470314.666
1336,1716470315.667
1337,1716470316.668
1338,1716470317.670
1339,1716470318.670
1340,1716470319.672
1341,1716470320.673
1342,1716470321.674
1343,1716470322.676
1344,1716470323.681
1345,1716470324.682
1346,1716470325.683
1347,1716470326.684
1348,1716470327.685
1349,1716470328.686
1350,1716470329.688
1351,1716470330.688
1352,1716470331.690
1353,1716470332.691
1354,1716470333.693
1355,1716470334.694
1356,1716470335.695
1357,1716470336.696
1358,1716470337.698
1359,1716470338.698
1360,1716470339.700
1361,1716470340.701
1362,1716470341.703
1363,1716470342.704
1364,1716470343.709
1365,1716470344.710
1366,1716470345.711
1367,1716470346.713
1368,1716470347.714
1369,1716470348.723
1370,1716470349.724
1371,1716470350.725
1372,1716470351.727
1373,1716470352.728
1374,1716470353.733
1375,1716470354.731
1376,1716470355.732
1377,1716470356.733
1378,1716470357.735
1379,1716470358.736
1380,1716470359.737
1381,1716470360.738
1382,1716470361.740
1383,1716470362.741
1384,1716470363.742
1385,1716470364.744
1386,1716470365.745
1387,1716470366.746
1388,1716470367.747
1389,1716470368.748
1390,1716470369.750
1391,1716470370.751
1392,1716470371.752
1393,1716470372.754
1394,1716470373.755
1395,1716470374.756
1396,1716470375.757
1397,1716470376.759
1398,1716470377.760
1399,1716470378.766
1400,1716470379.767
1401,1716470380.768
1402,1716470381.769
1403,1716470382.771
1404,1716470383.771
1405,1716470384.773
1406,1716470385.774
1407,1716470386.776
1408,1716470387.777
1409,1716470388.786
1410,1716470389.787
1411,1716470390.788
1412,1716470391.790
1413,1716470392.791
1414,1716470393.792
1415,1716470394.793
1416,1716470395.795
1417,1716470396.795
1418,1716470397.797
1419,1716470398.799
1420,1716470399.800
1421,1716470400.801
1422,1716470401.803
1423,1716470402.804
1424,1716470403.808
1425,1716470404.810
1426,1716470405.811
1427,1716470406.812
1428,1716470407.813
1429,1716470408.818
1430,1716470409.820
1431,1716470410.821
1432,1716470411.822
1433,1716470412.823
1434,1716470413.830
1435,1716470414.831
1436,1716470415.832
1437,1716470416.834
1438,1716470417.835
1439,1716470418.840
1440,1716470419.841
1441,1716470420.842
1442,1716470421.843
1443,1716470422.845
1444,1716470423.846
1445,1716470424.847
1446,1716470425.849
1447,1716470426.850
1448,1716470427.851
1449,1716470428.852
1450,1716470429.854
1451,1716470430.855
1452,1716470431.856
1453,1716470432.857
1454,1716470433.859
1455,1716470434.860
1456,1716470435.861
1457,1716470436.862
1458,1716470437.864
1459,1716470438.867
1460,1716470439.869
1461,1716470440.870
1462,1716470441.871
1463,1716470442.872
1464,1716470443.874
1465,1716470444.875
1466,1716470445.876
1467,1716470446.878
1468,1716470447.879
1469,1716470448.887
1470,1716470449.888
1471,1716470450.889
1472,1716470451.890
1473,1716470452.891
1474,1716470453.895
1475,1716470454.897
1476,1716470455.898
1477,1716470456.899
1478,1716470457.901
1479,1716470458.902
1480,1716470459.903
1481,1716470460.905
1482,1716470461.906
1483,1716470462.907
1484,1716470463.909
1485,1716470464.910
1486,1716470465.911
1487,1716470466.912
1488,1716470467.913
1489,1716470468.915
1490,1716470469.916
1491,1716470470.917
1492,1716470471.918
1493,1716470472.920
1494,1716470473.921
1495,1716470474.923
1496,1716470475.924
1497,1716470476.925
1498,1716470477.927
1499,1716470478.928
1500,1716470479.929
1501,1716470480.930
1502,1716470481.932
1503,1716470482.933
1504,1716470483.934
1505,1716470484.935
1506,1716470485.937
1507,1716470486.938
1508,1716470487.939
1509,1716470488.947
1510,1716470489.948
1511,1716470490.949
1512,1716470491.950
1513,1716470492.952
1514,1716470493.957
1515,1716470494.959
1516,1716470495.960
1517,1716470496.962
1518,1716470497.963
1519,1716470498.972
1520,1716470499.974
1521,1716470500.975
1522,1716470501.976
1523,1716470502.977
1524,1716470503.985
1525,1716470504.986
1526,1716470505.987
1527,1716470506.988
1528,1716470507.989
1529,1716470508.991
1530,1716470509.992
1531,1716470510.993
1532,1716470511.995
1533,1716470512.996
1534,1716470513.997
1535,1716470514.998
1536,1716470516.000
1537,1716470517.001
1538,1716470518.002
1539,1716470519.003
1540,1716470520.005
1541,1716470521.006
1542,1716470522.007
1543,1716470523.008
1544,1716470524.014
1545,1716470525.015
1546,1716470526.017
1547,1716470527.018
1548,1716470528.020
1549,1716470529.025
1550,1716470530.027
1551,1716470531.028
1552,1716470532.029
1553,1716470533.031
1554,1716470534.032
1555,1716470535.033
1556,1716470536.034
1557,1716470537.036
1558,1716470538.037
1559,1716470539.038
1560,1716470540.039
1561,1716470541.040
1562,1716470542.041
1563,1716470543.044
1564,1716470544.045
1565,1716470545.046
1566,1716470546.047
1567,1716470547.048
1568,1716470548.050
1569,1716470549.051
1570,1716470550.052
1571,1716470551.053
1572,1716470552.055
1573,1716470553.056
1574,1716470554.058
1575,1716470555.059
1576,1716470556.060
1577,1716470557.061
1578,1716470558.063
1579,1716470559.064
1580,1716470560.065
1581,1716470561.066
1582,1716470562.067
1583,1716470563.069
1584,1716470564.069
1585,1716470565.071
1586,1716470566.072
1587,1716470567.073
1588,1716470568.075
1589,1716470569.076
1590,1716470570.077
1591,1716470571.079
1592,1716470572.080
1593,1716470573.081
1594,1716470574.087
1595,1716470575.089
1596,1716470576.090
1597,1716470577.091
1598,1716470578.093
1599,1716470579.094
1600,1716470580.095
1601,1716470581.097
1602,1716470582.098
1603,1716470583.099
1604,1716470584.100
1605,1716470585.101
1606,1716470586.104
1607,1716470587.105
1608,1716470588.106
1609,1716470589.107
1610,1716470590.109
1611,1716470591.110
1612,1716470592.111
1613,1716470593.113
1614,1716470594.114
1615,1716470595.115
1616,1716470596.116
1617,1716470597.118
1618,1716470598.119
1619,1716470599.120
1620,1716470600.122
